timestamp_utc,da_price_eur_mwh,load_da_forecast_mw,wind_onshore_da_forecast_mw,wind_offshore_da_forecast_mw,solar_da_forecast_mw,timestamp_local,date_local,hour_local,day_of_week,month,is_weekend,wind_total_da_forecast_mw,renewables_da_forecast_mw,residual_load_da_forecast_mw
2025-06-30 22:00:00+00:00,111.28,45140.35,11192.25,2201.25,0.0,2025-07-01 00:00:00+02:00,2025-07-01,0,1,7,0,13393.5,13393.5,31746.85
2025-06-30 23:00:00+00:00,95.29,43623.200000000004,11830.675,2413.425,0.0,2025-07-01 01:00:00+02:00,2025-07-01,1,1,7,0,14244.099999999999,14244.099999999999,29379.100000000006
2025-07-01 00:00:00+00:00,89.1,42505.600000000006,11960.35,2643.1,0.0,2025-07-01 02:00:00+02:00,2025-07-01,2,1,7,0,14603.45,14603.45,27902.150000000005
2025-07-01 01:00:00+00:00,88.08,42620.4,11782.5,2849.85,0.0,2025-07-01 03:00:00+02:00,2025-07-01,3,1,7,0,14632.35,14632.35,27988.050000000003
2025-07-01 02:00:00+00:00,90.01,43611.775,11464.15,2950.175,8.525,2025-07-01 04:00:00+02:00,2025-07-01,4,1,7,0,14414.325,14422.85,29188.925000000003
2025-07-01 03:00:00+00:00,96.5,45378.9,10856.15,2831.1,673.875,2025-07-01 05:00:00+02:00,2025-07-01,5,1,7,0,13687.25,14361.125,31017.775
2025-07-01 04:00:00+00:00,114.97,50840.5,9573.0,2546.95,3845.2749999999996,2025-07-01 06:00:00+02:00,2025-07-01,6,1,7,0,12119.95,15965.225,34875.275
2025-07-01 05:00:00+00:00,120.11,56138.45,6903.275,2220.15,11855.3,2025-07-01 07:00:00+02:00,2025-07-01,7,1,7,0,9123.425,20978.725,35159.725
2025-07-01 06:00:00+00:00,114.72,59107.025,3818.875,1830.25,22629.625,2025-07-01 08:00:00+02:00,2025-07-01,8,1,7,0,5649.125,28278.75,30828.275
2025-07-01 07:00:00+00:00,91.19,60406.55,2028.075,1428.3,32577.0,2025-07-01 09:00:00+02:00,2025-07-01,9,1,7,0,3456.375,36033.375,24373.175000000003
2025-07-01 08:00:00+00:00,84.31,61016.025,1206.95,1051.05,40226.375,2025-07-01 10:00:00+02:00,2025-07-01,10,1,7,0,2258.0,42484.375,18531.65
2025-07-01 09:00:00+00:00,69.56,61529.35,842.325,790.5999999999999,45280.35,2025-07-01 11:00:00+02:00,2025-07-01,11,1,7,0,1632.925,46913.275,14616.074999999997
2025-07-01 10:00:00+00:00,44.54,60812.65,636.05,607.3,47902.525,2025-07-01 12:00:00+02:00,2025-07-01,12,1,7,0,1243.35,49145.875,11666.775000000001
2025-07-01 11:00:00+00:00,42.47,59508.375,507.675,485.8,47950.625,2025-07-01 13:00:00+02:00,2025-07-01,13,1,7,0,993.475,48944.1,10564.275000000001
2025-07-01 12:00:00+00:00,57.65,58082.95,440.75,419.6,45372.425,2025-07-01 14:00:00+02:00,2025-07-01,14,1,7,0,860.35,46232.775,11850.174999999996
2025-07-01 13:00:00+00:00,78.14,57232.0,434.525,389.55,40940.1,2025-07-01 15:00:00+02:00,2025-07-01,15,1,7,0,824.075,41764.174999999996,15467.825000000004
2025-07-01 14:00:00+00:00,90.8,56552.899999999994,469.725,399.3,34757.15,2025-07-01 16:00:00+02:00,2025-07-01,16,1,7,0,869.0250000000001,35626.175,20926.72499999999
2025-07-01 15:00:00+00:00,102.02,56107.825,536.3000000000001,442.85,26389.65,2025-07-01 17:00:00+02:00,2025-07-01,17,1,7,0,979.1500000000001,27368.800000000003,28739.024999999994
2025-07-01 16:00:00+00:00,152.08,56558.375,741.3499999999999,520.875,16237.675,2025-07-01 18:00:00+02:00,2025-07-01,18,1,7,0,1262.225,17499.899999999998,39058.475000000006
2025-07-01 17:00:00+00:00,307.27,56629.675,1367.475,613.85,7152.6,2025-07-01 19:00:00+02:00,2025-07-01,19,1,7,0,1981.3249999999998,9133.925,47495.75
2025-07-01 18:00:00+00:00,476.19,55778.149999999994,2761.95,743.775,2364.825,2025-07-01 20:00:00+02:00,2025-07-01,20,1,7,0,3505.725,5870.549999999999,49907.59999999999
2025-07-01 19:00:00+00:00,406.81,53804.275,4895.025,917.625,283.925,2025-07-01 21:00:00+02:00,2025-07-01,21,1,7,0,5812.65,6096.575,47707.700000000004
2025-07-01 20:00:00+00:00,250.01,51131.05,7524.675,1115.825,3.05,2025-07-01 22:00:00+02:00,2025-07-01,22,1,7,0,8640.5,8643.55,42487.5
2025-07-01 21:00:00+00:00,147.65,48053.75,9783.15,1283.025,0.0,2025-07-01 23:00:00+02:00,2025-07-01,23,1,7,0,11066.175,11066.175,36987.575
2025-07-01 22:00:00+00:00,119.29,45233.725,11266.075,3643.85,0.0,2025-07-02 00:00:00+02:00,2025-07-02,0,2,7,0,14909.925000000001,14909.925000000001,30323.799999999996
2025-07-01 23:00:00+00:00,102.7,43906.600000000006,12496.65,3572.6,0.0,2025-07-02 01:00:00+02:00,2025-07-02,1,2,7,0,16069.25,16069.25,27837.350000000006
2025-07-02 00:00:00+00:00,92.54,43149.1,13066.525,3241.6,0.0,2025-07-02 02:00:00+02:00,2025-07-02,2,2,7,0,16308.125,16308.125,26840.975
2025-07-02 01:00:00+00:00,92.08,42971.575,12977.05,2815.675,0.0,2025-07-02 03:00:00+02:00,2025-07-02,3,2,7,0,15792.724999999999,15792.724999999999,27178.85
2025-07-02 02:00:00+00:00,91.71,44036.9,12371.4,2460.025,6.05,2025-07-02 04:00:00+02:00,2025-07-02,4,2,7,0,14831.425,14837.474999999999,29199.425000000003
2025-07-02 03:00:00+00:00,100.55,46306.85,11389.85,2189.75,645.7,2025-07-02 05:00:00+02:00,2025-07-02,5,2,7,0,13579.6,14225.300000000001,32081.549999999996
2025-07-02 04:00:00+00:00,116.43,51936.525,10070.2,1892.8,3840.95,2025-07-02 06:00:00+02:00,2025-07-02,6,2,7,0,11963.0,15803.95,36132.575
2025-07-02 05:00:00+00:00,110.42,57469.8,7383.9,1548.55,11647.5,2025-07-02 07:00:00+02:00,2025-07-02,7,2,7,0,8932.449999999999,20579.949999999997,36889.850000000006
2025-07-02 06:00:00+00:00,104.52,61123.825,4438.8,1298.75,22387.15,2025-07-02 08:00:00+02:00,2025-07-02,8,2,7,0,5737.55,28124.7,32999.125
2025-07-02 07:00:00+00:00,92.62,62425.95,2425.05,1165.225,32503.2,2025-07-02 09:00:00+02:00,2025-07-02,9,2,7,0,3590.275,36093.475,26332.475
2025-07-02 08:00:00+00:00,81.06,62750.45,1462.65,1100.675,40209.325,2025-07-02 10:00:00+02:00,2025-07-02,10,2,7,0,2563.325,42772.649999999994,19977.800000000003
2025-07-02 09:00:00+00:00,69.93,63029.825,1281.2,1134.0,45210.925,2025-07-02 11:00:00+02:00,2025-07-02,11,2,7,0,2415.2,47626.125,15403.699999999997
2025-07-02 10:00:00+00:00,36.12,61917.975,1369.25,1183.575,47659.75,2025-07-02 12:00:00+02:00,2025-07-02,12,2,7,0,2552.825,50212.575,11705.400000000001
2025-07-02 11:00:00+00:00,32.59,61222.125,1451.375,1242.175,47767.325,2025-07-02 13:00:00+02:00,2025-07-02,13,2,7,0,2693.55,50460.875,10761.25
2025-07-02 12:00:00+00:00,46.61,59382.55,1489.575,1311.175,45499.55,2025-07-02 14:00:00+02:00,2025-07-02,14,2,7,0,2800.75,48300.3,11082.25
2025-07-02 13:00:00+00:00,71.49,57926.825,1836.65,1401.85,41113.225,2025-07-02 15:00:00+02:00,2025-07-02,15,2,7,0,3238.5,44351.725,13575.099999999999
2025-07-02 14:00:00+00:00,79.6,56928.325,2655.625,1524.2,34464.825,2025-07-02 16:00:00+02:00,2025-07-02,16,2,7,0,4179.825,38644.649999999994,18283.675000000003
2025-07-02 15:00:00+00:00,89.27,56455.55,4168.875,1636.0,25561.05,2025-07-02 17:00:00+02:00,2025-07-02,17,2,7,0,5804.875,31365.925,25089.625000000004
2025-07-02 16:00:00+00:00,113.99,56911.025,6930.95,1751.35,15439.625,2025-07-02 18:00:00+02:00,2025-07-02,18,2,7,0,8682.3,24121.925,32789.100000000006
2025-07-02 17:00:00+00:00,186.01,57123.925,9629.425,1836.175,6910.825,2025-07-02 19:00:00+02:00,2025-07-02,19,2,7,0,11465.599999999999,18376.425,38747.5
2025-07-02 18:00:00+00:00,240.07,55774.275,11405.825,1864.425,2235.55,2025-07-02 20:00:00+02:00,2025-07-02,20,2,7,0,13270.25,15505.8,40268.475000000006
2025-07-02 19:00:00+00:00,180.21,53935.775,13211.4,1771.225,263.2,2025-07-02 21:00:00+02:00,2025-07-02,21,2,7,0,14982.625,15245.825,38689.95
2025-07-02 20:00:00+00:00,134.93,50822.825,14002.725,1771.125,5.125,2025-07-02 22:00:00+02:00,2025-07-02,22,2,7,0,15773.85,15778.975,35043.85
2025-07-02 21:00:00+00:00,108.5,47643.55,14865.35,2039.6750000000002,0.0,2025-07-02 23:00:00+02:00,2025-07-02,23,2,7,0,16905.025,16905.025,30738.525
2025-07-02 22:00:00+00:00,83.49,46649.075,19045.275,3969.85,0.0,2025-07-03 00:00:00+02:00,2025-07-03,0,3,7,0,23015.125,23015.125,23633.949999999997
2025-07-02 23:00:00+00:00,81.15,45035.899999999994,19648.824999999997,3819.35,0.0,2025-07-03 01:00:00+02:00,2025-07-03,1,3,7,0,23468.174999999996,23468.174999999996,21567.725
2025-07-03 00:00:00+00:00,79.0,44119.0,20121.425,3808.9,0.0,2025-07-03 02:00:00+02:00,2025-07-03,2,3,7,0,23930.325,23930.325,20188.675
2025-07-03 01:00:00+00:00,78.93,44138.7,20292.975,3868.575,0.0,2025-07-03 03:00:00+02:00,2025-07-03,3,3,7,0,24161.55,24161.55,19977.149999999998
2025-07-03 02:00:00+00:00,80.88,44759.975,20056.05,3916.975,2.875,2025-07-03 04:00:00+02:00,2025-07-03,4,3,7,0,23973.024999999998,23975.899999999998,20784.075
2025-07-03 03:00:00+00:00,86.45,46180.075,19481.375,3992.525,504.07500000000005,2025-07-03 05:00:00+02:00,2025-07-03,5,3,7,0,23473.9,23977.975000000002,22202.099999999995
2025-07-03 04:00:00+00:00,104.92,50961.025,18872.825,3953.65,3191.475,2025-07-03 06:00:00+02:00,2025-07-03,6,3,7,0,22826.475000000002,26017.95,24943.075
2025-07-03 05:00:00+00:00,108.03,55439.7,17859.75,3868.5499999999997,8535.125,2025-07-03 07:00:00+02:00,2025-07-03,7,3,7,0,21728.3,30263.425,25176.274999999998
2025-07-03 06:00:00+00:00,104.9,58429.575,16741.5,3609.175,15125.375,2025-07-03 08:00:00+02:00,2025-07-03,8,3,7,0,20350.675,35476.05,22953.524999999994
2025-07-03 07:00:00+00:00,90.45,60036.675,15990.675,3254.35,21314.675,2025-07-03 09:00:00+02:00,2025-07-03,9,3,7,0,19245.024999999998,40559.7,19476.975000000006
2025-07-03 08:00:00+00:00,75.06,60594.375,15265.325,2949.775,26581.0,2025-07-03 10:00:00+02:00,2025-07-03,10,3,7,0,18215.100000000002,44796.100000000006,15798.274999999994
2025-07-03 09:00:00+00:00,57.35,60936.225,14541.625,2697.45,30833.425,2025-07-03 11:00:00+02:00,2025-07-03,11,3,7,0,17239.075,48072.5,12863.724999999999
2025-07-03 10:00:00+00:00,42.16,60506.0,14007.45,2498.75,33608.3,2025-07-03 12:00:00+02:00,2025-07-03,12,3,7,0,16506.2,50114.5,10391.5
2025-07-03 11:00:00+00:00,33.91,59944.45,13603.85,2375.35,35017.925,2025-07-03 13:00:00+02:00,2025-07-03,13,3,7,0,15979.2,50997.125,8947.324999999997
2025-07-03 12:00:00+00:00,24.72,58768.65,13528.45,2326.75,34841.425,2025-07-03 14:00:00+02:00,2025-07-03,14,3,7,0,15855.2,50696.625,8072.0250000000015
2025-07-03 13:00:00+00:00,37.86,57685.325,13296.75,2339.675,33014.35,2025-07-03 15:00:00+02:00,2025-07-03,15,3,7,0,15636.425,48650.774999999994,9034.550000000003
2025-07-03 14:00:00+00:00,58.57,56988.6,12743.125,2411.425,29039.975,2025-07-03 16:00:00+02:00,2025-07-03,16,3,7,0,15154.55,44194.524999999994,12794.075000000004
2025-07-03 15:00:00+00:00,81.0,56437.175,11936.65,2478.5,22888.575,2025-07-03 17:00:00+02:00,2025-07-03,17,3,7,0,14415.15,37303.725,19133.450000000004
2025-07-03 16:00:00+00:00,95.19,56946.525,10825.05,2513.175,14983.6,2025-07-03 18:00:00+02:00,2025-07-03,18,3,7,0,13338.224999999999,28321.824999999997,28624.700000000004
2025-07-03 17:00:00+00:00,107.2,56358.65,9506.25,2464.9249999999997,7058.75,2025-07-03 19:00:00+02:00,2025-07-03,19,3,7,0,11971.175,19029.925,37328.725000000006
2025-07-03 18:00:00+00:00,146.96,55260.225,8415.2,2349.8,2273.9,2025-07-03 20:00:00+02:00,2025-07-03,20,3,7,0,10765.0,13038.9,42221.325
2025-07-03 19:00:00+00:00,166.67,53468.25,8196.3,2169.425,256.52500000000003,2025-07-03 21:00:00+02:00,2025-07-03,21,3,7,0,10365.724999999999,10622.249999999998,42846.0
2025-07-03 20:00:00+00:00,133.3,50920.775,8053.1,1971.4,0.25,2025-07-03 22:00:00+02:00,2025-07-03,22,3,7,0,10024.5,10024.75,40896.025
2025-07-03 21:00:00+00:00,117.03,47846.375,7603.0,1851.85,0.0,2025-07-03 23:00:00+02:00,2025-07-03,23,3,7,0,9454.85,9454.85,38391.525
2025-07-03 22:00:00+00:00,111.01,46298.399999999994,7182.875,1561.225,0.0,2025-07-04 00:00:00+02:00,2025-07-04,0,4,7,0,8744.1,8744.1,37554.299999999996
2025-07-03 23:00:00+00:00,105.45,44801.075,6397.825,1617.175,0.0,2025-07-04 01:00:00+02:00,2025-07-04,1,4,7,0,8015.0,8015.0,36786.075
2025-07-04 00:00:00+00:00,101.31,43929.875,5759.4,1760.15,0.0,2025-07-04 02:00:00+02:00,2025-07-04,2,4,7,0,7519.549999999999,7519.549999999999,36410.325
2025-07-04 01:00:00+00:00,98.44,43784.450000000004,5181.575000000001,1913.9,0.0,2025-07-04 03:00:00+02:00,2025-07-04,3,4,7,0,7095.475,7095.475,36688.975000000006
2025-07-04 02:00:00+00:00,103.2,44709.25,4678.775,2074.25,7.25,2025-07-04 04:00:00+02:00,2025-07-04,4,4,7,0,6753.025,6760.275,37948.975
2025-07-04 03:00:00+00:00,106.63,46820.6,4300.9,2292.075,580.025,2025-07-04 05:00:00+02:00,2025-07-04,5,4,7,0,6592.974999999999,7172.999999999999,39647.6
2025-07-04 04:00:00+00:00,122.38,52617.25,3874.95,2494.4,3343.2,2025-07-04 06:00:00+02:00,2025-07-04,6,4,7,0,6369.35,9712.55,42904.7
2025-07-04 05:00:00+00:00,116.46,57304.35,3141.9,2648.2,9843.6,2025-07-04 07:00:00+02:00,2025-07-04,7,4,7,0,5790.1,15633.7,41670.649999999994
2025-07-04 06:00:00+00:00,100.0,60239.725,2672.65,2860.2,19214.7,2025-07-04 08:00:00+02:00,2025-07-04,8,4,7,0,5532.85,24747.550000000003,35492.174999999996
2025-07-04 07:00:00+00:00,91.15,61346.65,3064.2,3133.425,28619.65,2025-07-04 09:00:00+02:00,2025-07-04,9,4,7,0,6197.625,34817.275,26529.375
2025-07-04 08:00:00+00:00,70.01,61786.725,4071.725,3168.175,36125.524999999994,2025-07-04 10:00:00+02:00,2025-07-04,10,4,7,0,7239.9,43365.424999999996,18421.300000000003
2025-07-04 09:00:00+00:00,6.69,62623.675,5369.925,3028.575,41015.55,2025-07-04 11:00:00+02:00,2025-07-04,11,4,7,0,8398.5,49414.05,13209.625
2025-07-04 10:00:00+00:00,-0.05,61927.175,6345.375,2958.725,43365.375,2025-07-04 12:00:00+02:00,2025-07-04,12,4,7,0,9304.1,52669.475,9257.700000000004
2025-07-04 11:00:00+00:00,-1.56,60686.149999999994,7143.25,2965.075,43609.625,2025-07-04 13:00:00+02:00,2025-07-04,13,4,7,0,10108.325,53717.95,6968.199999999997
2025-07-04 12:00:00+00:00,-1.37,59244.425,7729.2,3107.25,42321.25,2025-07-04 14:00:00+02:00,2025-07-04,14,4,7,0,10836.45,53157.7,6086.725000000006
2025-07-04 13:00:00+00:00,-0.61,58133.325,8026.6,3321.275,39269.75,2025-07-04 15:00:00+02:00,2025-07-04,15,4,7,0,11347.875,50617.625,7515.699999999997
2025-07-04 14:00:00+00:00,2.39,57133.3,8041.525,3606.375,33851.950000000004,2025-07-04 16:00:00+02:00,2025-07-04,16,4,7,0,11647.9,45499.850000000006,11633.449999999997
2025-07-04 15:00:00+00:00,62.04,57187.075,7581.05,3912.75,26138.925000000003,2025-07-04 17:00:00+02:00,2025-07-04,17,4,7,0,11493.8,37632.725000000006,19554.34999999999
2025-07-04 16:00:00+00:00,88.68,57449.325,6778.2,4058.35,16551.325,2025-07-04 18:00:00+02:00,2025-07-04,18,4,7,0,10836.55,27387.875,30061.449999999997
2025-07-04 17:00:00+00:00,110.0,56464.625,5638.95,4072.3,7591.575,2025-07-04 19:00:00+02:00,2025-07-04,19,4,7,0,9711.25,17302.825,39161.8
2025-07-04 18:00:00+00:00,130.74,54824.275,4555.425,3992.375,2513.6,2025-07-04 20:00:00+02:00,2025-07-04,20,4,7,0,8547.8,11061.4,43762.875
2025-07-04 19:00:00+00:00,150.1,52514.025,3847.0,3997.075,254.3,2025-07-04 21:00:00+02:00,2025-07-04,21,4,7,0,7844.075,8098.375,44415.65
2025-07-04 20:00:00+00:00,129.68,49811.024999999994,3460.8,4198.5,1.05,2025-07-04 22:00:00+02:00,2025-07-04,22,4,7,0,7659.3,7660.35,42150.674999999996
2025-07-04 21:00:00+00:00,107.99,46830.9,3374.075,4618.275,0.0,2025-07-04 23:00:00+02:00,2025-07-04,23,4,7,0,7992.349999999999,7992.349999999999,38838.55
2025-07-04 22:00:00+00:00,104.2,43496.625,5588.875,5164.475,0.0,2025-07-05 00:00:00+02:00,2025-07-05,0,5,7,1,10753.35,10753.35,32743.275
2025-07-04 23:00:00+00:00,94.98,41385.75,7302.675,4955.025,0.0,2025-07-05 01:00:00+02:00,2025-07-05,1,5,7,1,12257.7,12257.7,29128.05
2025-07-05 00:00:00+00:00,96.5,40410.125,9215.975,4735.55,0.0,2025-07-05 02:00:00+02:00,2025-07-05,2,5,7,1,13951.525000000001,13951.525000000001,26458.6
2025-07-05 01:00:00+00:00,93.4,39964.075,10811.4,4380.325,0.0,2025-07-05 03:00:00+02:00,2025-07-05,3,5,7,1,15191.724999999999,15191.724999999999,24772.35
2025-07-05 02:00:00+00:00,94.5,39896.675,12021.675,4167.025,5.0,2025-07-05 04:00:00+02:00,2025-07-05,4,5,7,1,16188.699999999999,16193.699999999999,23702.975000000006
2025-07-05 03:00:00+00:00,83.49,39701.075,12826.75,4169.375,559.9,2025-07-05 05:00:00+02:00,2025-07-05,5,5,7,1,16996.125,17556.025,22145.049999999996
2025-07-05 04:00:00+00:00,84.47,41154.65,13219.25,4358.2,3492.225,2025-07-05 06:00:00+02:00,2025-07-05,6,5,7,1,17577.45,21069.675,20084.975000000002
2025-07-05 05:00:00+00:00,43.77,43901.5,12182.275,4693.025,10249.1,2025-07-05 07:00:00+02:00,2025-07-05,7,5,7,1,16875.3,27124.4,16777.1
2025-07-05 06:00:00+00:00,17.86,47319.55,10475.925,4939.174999999999,18864.775,2025-07-05 08:00:00+02:00,2025-07-05,8,5,7,1,15415.099999999999,34279.875,13039.675000000003
2025-07-05 07:00:00+00:00,3.34,49892.275,10039.975,4962.575,26555.025,2025-07-05 09:00:00+02:00,2025-07-05,9,5,7,1,15002.55,41557.575,8334.700000000004
2025-07-05 08:00:00+00:00,0.0,51156.3,11031.525,4720.575,32150.025,2025-07-05 10:00:00+02:00,2025-07-05,10,5,7,1,15752.099999999999,47902.125,3254.175000000003
2025-07-05 09:00:00+00:00,-0.08,51702.7,12041.95,2954.275,35490.4,2025-07-05 11:00:00+02:00,2025-07-05,11,5,7,1,14996.225,50486.625,1216.074999999997
2025-07-05 10:00:00+00:00,-1.01,51205.675,12701.375,2881.075,36946.975000000006,2025-07-05 12:00:00+02:00,2025-07-05,12,5,7,1,15582.45,52529.425,-1323.75
2025-07-05 11:00:00+00:00,-2.05,49996.325,13991.85,2818.9,37077.45,2025-07-05 13:00:00+02:00,2025-07-05,13,5,7,1,16810.75,53888.2,-3891.875
2025-07-05 12:00:00+00:00,-2.11,48579.275,15379.325,2757.85,35958.7,2025-07-05 14:00:00+02:00,2025-07-05,14,5,7,1,18137.175,54095.875,-5516.5999999999985
2025-07-05 13:00:00+00:00,-2.01,47626.25,16374.9,2783.35,33268.45,2025-07-05 15:00:00+02:00,2025-07-05,15,5,7,1,19158.25,52426.7,-4800.449999999997
2025-07-05 14:00:00+00:00,-2.26,47525.25,16902.65,2844.85,28780.625,2025-07-05 16:00:00+02:00,2025-07-05,16,5,7,1,19747.5,48528.125,-1002.875
2025-07-05 15:00:00+00:00,0.0,48333.174999999996,17200.025,4682.849999999999,22303.975,2025-07-05 17:00:00+02:00,2025-07-05,17,5,7,1,21882.875,44186.85,4146.324999999997
2025-07-05 16:00:00+00:00,41.25,48800.2,16294.45,4850.1,14331.900000000001,2025-07-05 18:00:00+02:00,2025-07-05,18,5,7,1,21144.550000000003,35476.450000000004,13323.749999999993
2025-07-05 17:00:00+00:00,85.0,48988.0,13921.3,5085.975,6841.674999999999,2025-07-05 19:00:00+02:00,2025-07-05,19,5,7,1,19007.275,25848.95,23139.05
2025-07-05 18:00:00+00:00,111.01,47963.225,11244.6,5244.725,2293.45,2025-07-05 20:00:00+02:00,2025-07-05,20,5,7,1,16489.325,18782.775,29180.449999999997
2025-07-05 19:00:00+00:00,122.96,46426.6,9987.375,5150.525,216.775,2025-07-05 21:00:00+02:00,2025-07-05,21,5,7,1,15137.9,15354.675,31071.925
2025-07-05 20:00:00+00:00,117.14,44676.1,9398.475,4982.65,1.925,2025-07-05 22:00:00+02:00,2025-07-05,22,5,7,1,14381.125,14383.05,30293.05
2025-07-05 21:00:00+00:00,108.21,42387.95,9150.375,4837.65,0.0,2025-07-05 23:00:00+02:00,2025-07-05,23,5,7,1,13988.025,13988.025,28399.924999999996
2025-07-05 22:00:00+00:00,95.15,40898.475,9760.325,5061.675,0.0,2025-07-06 00:00:00+02:00,2025-07-06,0,6,7,1,14822.0,14822.0,26076.475
2025-07-05 23:00:00+00:00,89.5,39231.025,10244.525,4818.775,0.0,2025-07-06 01:00:00+02:00,2025-07-06,1,6,7,1,15063.3,15063.3,24167.725000000002
2025-07-06 00:00:00+00:00,85.94,38285.975,10936.425000000001,4546.375,0.0,2025-07-06 02:00:00+02:00,2025-07-06,2,6,7,1,15482.800000000001,15482.800000000001,22803.174999999996
2025-07-06 01:00:00+00:00,83.95,37831.85,11615.2,4176.875,0.0,2025-07-06 03:00:00+02:00,2025-07-06,3,6,7,1,15792.075,15792.075,22039.774999999998
2025-07-06 02:00:00+00:00,82.6,37807.475000000006,12186.2,3677.375,3.5,2025-07-06 04:00:00+02:00,2025-07-06,4,6,7,1,15863.575,15867.075,21940.400000000005
2025-07-06 03:00:00+00:00,82.0,37948.025,12539.225,3167.075,415.15,2025-07-06 05:00:00+02:00,2025-07-06,5,6,7,1,15706.3,16121.449999999999,21826.575000000004
2025-07-06 04:00:00+00:00,78.46,39677.475,12724.3,2786.95,2785.3,2025-07-06 06:00:00+02:00,2025-07-06,6,6,7,1,15511.25,18296.55,21380.925
2025-07-06 05:00:00+00:00,77.57,42470.3,12095.775,2452.75,7588.525,2025-07-06 07:00:00+02:00,2025-07-06,7,6,7,1,14548.525,22137.05,20333.250000000004
2025-07-06 06:00:00+00:00,70.57,45491.05,11414.45,2122.2,13737.05,2025-07-06 08:00:00+02:00,2025-07-06,8,6,7,1,13536.650000000001,27273.7,18217.350000000002
2025-07-06 07:00:00+00:00,38.81,48063.975,11472.95,1818.325,19787.0,2025-07-06 09:00:00+02:00,2025-07-06,9,6,7,1,13291.275000000001,33078.275,14985.699999999997
2025-07-06 08:00:00+00:00,19.21,49925.875,12002.025,1599.275,24153.2,2025-07-06 10:00:00+02:00,2025-07-06,10,6,7,1,13601.3,37754.5,12171.375
2025-07-06 09:00:00+00:00,13.19,50766.325,12469.475,1357.975,26536.625,2025-07-06 11:00:00+02:00,2025-07-06,11,6,7,1,13827.45,40364.075,10402.25
2025-07-06 10:00:00+00:00,10.26,50383.425,13018.6,1175.375,27293.175,2025-07-06 12:00:00+02:00,2025-07-06,12,6,7,1,14193.975,41487.15,8896.275000000001
2025-07-06 11:00:00+00:00,5.85,49206.15,13548.625,997.35,26183.425,2025-07-06 13:00:00+02:00,2025-07-06,13,6,7,1,14545.975,40729.4,8476.75
2025-07-06 12:00:00+00:00,11.2,47580.75,14024.5,811.55,23522.125,2025-07-06 14:00:00+02:00,2025-07-06,14,6,7,1,14836.05,38358.175,9222.574999999997
2025-07-06 13:00:00+00:00,50.57,46601.825,14247.55,638.65,19895.9,2025-07-06 15:00:00+02:00,2025-07-06,15,6,7,1,14886.199999999999,34782.1,11819.724999999999
2025-07-06 14:00:00+00:00,70.77,46420.1,13850.775,492.725,15570.675,2025-07-06 16:00:00+02:00,2025-07-06,16,6,7,1,14343.5,29914.175,16505.925
2025-07-06 15:00:00+00:00,100.29,47272.45,12955.775,387.20000000000005,11287.575,2025-07-06 17:00:00+02:00,2025-07-06,17,6,7,1,13342.975,24630.550000000003,22641.899999999994
2025-07-06 16:00:00+00:00,107.37,47872.675,11725.325,314.475,7235.275,2025-07-06 18:00:00+02:00,2025-07-06,18,6,7,1,12039.800000000001,19275.075,28597.600000000002
2025-07-06 17:00:00+00:00,112.16,48659.575,10367.325,276.175,3707.95,2025-07-06 19:00:00+02:00,2025-07-06,19,6,7,1,10643.5,14351.45,34308.125
2025-07-06 18:00:00+00:00,120.32,49245.3,9465.65,250.75,1228.7,2025-07-06 20:00:00+02:00,2025-07-06,20,6,7,1,9716.4,10945.1,38300.200000000004
2025-07-06 19:00:00+00:00,125.04,48070.025,9320.55,229.375,138.075,2025-07-06 21:00:00+02:00,2025-07-06,21,6,7,1,9549.925,9688.0,38382.025
2025-07-06 20:00:00+00:00,122.21,46669.35,9433.25,231.525,1.9,2025-07-06 22:00:00+02:00,2025-07-06,22,6,7,1,9664.775,9666.675,37002.675
2025-07-06 21:00:00+00:00,110.78,44448.625,9740.175,286.775,0.0,2025-07-06 23:00:00+02:00,2025-07-06,23,6,7,1,10026.949999999999,10026.949999999999,34421.675
2025-07-06 22:00:00+00:00,118.84,41537.55,8785.45,630.7,0.0,2025-07-07 00:00:00+02:00,2025-07-07,0,0,7,0,9416.150000000001,9416.150000000001,32121.4
2025-07-06 23:00:00+00:00,107.42,40579.775,8427.9,673.075,0.0,2025-07-07 01:00:00+02:00,2025-07-07,1,0,7,0,9100.975,9100.975,31478.800000000003
2025-07-07 00:00:00+00:00,101.92,40137.1,8175.1,705.075,0.0,2025-07-07 02:00:00+02:00,2025-07-07,2,0,7,0,8880.175000000001,8880.175000000001,31256.924999999996
2025-07-07 01:00:00+00:00,99.12,40344.9,7774.424999999999,777.05,0.0,2025-07-07 03:00:00+02:00,2025-07-07,3,0,7,0,8551.474999999999,8551.474999999999,31793.425000000003
2025-07-07 02:00:00+00:00,101.0,41472.3,7292.025,903.15,3.525,2025-07-07 04:00:00+02:00,2025-07-07,4,0,7,0,8195.175,8198.699999999999,33273.600000000006
2025-07-07 03:00:00+00:00,108.22,44986.075,6892.5,1066.075,319.07500000000005,2025-07-07 05:00:00+02:00,2025-07-07,5,0,7,0,7958.575,8277.65,36708.424999999996
2025-07-07 04:00:00+00:00,134.2,52270.55,6558.65,1255.175,2047.875,2025-07-07 06:00:00+02:00,2025-07-07,6,0,7,0,7813.825,9861.7,42408.850000000006
2025-07-07 05:00:00+00:00,143.67,57682.225,6281.95,1414.3,5446.65,2025-07-07 07:00:00+02:00,2025-07-07,7,0,7,0,7696.25,13142.9,44539.325
2025-07-07 06:00:00+00:00,152.29,60735.675,5876.375,1523.8,10116.0,2025-07-07 08:00:00+02:00,2025-07-07,8,0,7,0,7400.175,17516.175,43219.5
2025-07-07 07:00:00+00:00,131.99,62244.675,5696.075,1644.475,15188.675,2025-07-07 09:00:00+02:00,2025-07-07,9,0,7,0,7340.549999999999,22529.225,39715.450000000004
2025-07-07 08:00:00+00:00,108.64,62742.2,5503.7,1800.475,20044.175,2025-07-07 10:00:00+02:00,2025-07-07,10,0,7,0,7304.174999999999,27348.35,35393.85
2025-07-07 09:00:00+00:00,108.98,62733.175,5508.175,2108.875,23824.575,2025-07-07 11:00:00+02:00,2025-07-07,11,0,7,0,7617.05,31441.625,31291.550000000003
2025-07-07 10:00:00+00:00,90.24,61817.725,6021.25,2496.05,26673.775,2025-07-07 12:00:00+02:00,2025-07-07,12,0,7,0,8517.3,35191.075,26626.65
2025-07-07 11:00:00+00:00,71.0,60972.925,6998.075,2864.0,28281.6,2025-07-07 13:00:00+02:00,2025-07-07,13,0,7,0,9862.075,38143.675,22829.25
2025-07-07 12:00:00+00:00,53.02,59674.274999999994,8115.6,3259.775,28123.25,2025-07-07 14:00:00+02:00,2025-07-07,14,0,7,0,11375.375,39498.625,20175.649999999994
2025-07-07 13:00:00+00:00,50.67,58517.35,9365.575,3589.1,26075.15,2025-07-07 15:00:00+02:00,2025-07-07,15,0,7,0,12954.675000000001,39029.825000000004,19487.524999999994
2025-07-07 14:00:00+00:00,52.51,58066.45,10610.9,3915.425,22171.55,2025-07-07 16:00:00+02:00,2025-07-07,16,0,7,0,14526.325,36697.875,21368.574999999997
2025-07-07 15:00:00+00:00,72.3,57870.15,11666.125,4309.1,17023.325,2025-07-07 17:00:00+02:00,2025-07-07,17,0,7,0,15975.225,32998.55,24871.6
2025-07-07 16:00:00+00:00,87.95,57696.6,12337.65,4491.55,10963.975,2025-07-07 18:00:00+02:00,2025-07-07,18,0,7,0,16829.2,27793.175000000003,29903.424999999996
2025-07-07 17:00:00+00:00,92.27,57942.6,12472.9,4642.75,5495.1,2025-07-07 19:00:00+02:00,2025-07-07,19,0,7,0,17115.65,22610.75,35331.85
2025-07-07 18:00:00+00:00,97.28,56530.1,12441.3,4747.525,1904.55,2025-07-07 20:00:00+02:00,2025-07-07,20,0,7,0,17188.824999999997,19093.374999999996,37436.725000000006
2025-07-07 19:00:00+00:00,109.92,54390.875,12871.275,4765.375,220.95,2025-07-07 21:00:00+02:00,2025-07-07,21,0,7,0,17636.65,17857.600000000002,36533.274999999994
2025-07-07 20:00:00+00:00,110.09,51603.85,13344.25,4626.075,2.925,2025-07-07 22:00:00+02:00,2025-07-07,22,0,7,0,17970.325,17973.25,33630.6
2025-07-07 21:00:00+00:00,95.82,48103.3,14098.025,4429.45,0.0,2025-07-07 23:00:00+02:00,2025-07-07,23,0,7,0,18527.475,18527.475,29575.825000000004
2025-07-07 22:00:00+00:00,103.83,46799.025,12939.35,2986.35,0.0,2025-07-08 00:00:00+02:00,2025-07-08,0,1,7,0,15925.7,15925.7,30873.325
2025-07-07 23:00:00+00:00,92.9,45481.825,12690.0,3001.9,0.0,2025-07-08 01:00:00+02:00,2025-07-08,1,1,7,0,15691.9,15691.9,29789.924999999996
2025-07-08 00:00:00+00:00,86.13,44421.725,12808.575,3133.3,0.0,2025-07-08 02:00:00+02:00,2025-07-08,2,1,7,0,15941.875,15941.875,28479.85
2025-07-08 01:00:00+00:00,84.78,44354.825,12974.6,3259.225,0.0,2025-07-08 03:00:00+02:00,2025-07-08,3,1,7,0,16233.825,16233.825,28120.999999999996
2025-07-08 02:00:00+00:00,85.37,45150.049999999996,13088.85,3310.425,2.925,2025-07-08 04:00:00+02:00,2025-07-08,4,1,7,0,16399.275,16402.2,28747.849999999995
2025-07-08 03:00:00+00:00,91.14,47221.975,12693.3,3280.05,381.275,2025-07-08 05:00:00+02:00,2025-07-08,5,1,7,0,15973.349999999999,16354.624999999998,30867.35
2025-07-08 04:00:00+00:00,107.99,52640.825,11707.475,3183.425,2473.875,2025-07-08 06:00:00+02:00,2025-07-08,6,1,7,0,14890.900000000001,17364.775,35276.049999999996
2025-07-08 05:00:00+00:00,118.65,58111.45,10173.150000000001,3056.225,6843.775,2025-07-08 07:00:00+02:00,2025-07-08,7,1,7,0,13229.375000000002,20073.15,38038.299999999996
2025-07-08 06:00:00+00:00,117.76,61090.25,8885.575,2872.9,12800.7,2025-07-08 08:00:00+02:00,2025-07-08,8,1,7,0,11758.475,24559.175000000003,36531.075
2025-07-08 07:00:00+00:00,94.06,62341.3,8381.599999999999,2737.875,18928.55,2025-07-08 09:00:00+02:00,2025-07-08,9,1,7,0,11119.474999999999,30048.024999999998,32293.275000000005
2025-07-08 08:00:00+00:00,81.78,63222.3,8348.425,2626.95,23988.075,2025-07-08 10:00:00+02:00,2025-07-08,10,1,7,0,10975.375,34963.45,28258.850000000006
2025-07-08 09:00:00+00:00,78.44,63407.425,8626.85,2539.7,27333.425,2025-07-08 11:00:00+02:00,2025-07-08,11,1,7,0,11166.55,38499.975,24907.450000000004
2025-07-08 10:00:00+00:00,60.15,62110.85,9244.4,2434.9,29186.05,2025-07-08 12:00:00+02:00,2025-07-08,12,1,7,0,11679.3,40865.35,21245.5
2025-07-08 11:00:00+00:00,54.72,60914.675,10032.975,2300.075,29843.925,2025-07-08 13:00:00+02:00,2025-07-08,13,1,7,0,12333.05,42176.975,18737.700000000004
2025-07-08 12:00:00+00:00,53.04,59725.875,10857.1,2148.975,29161.975,2025-07-08 14:00:00+02:00,2025-07-08,14,1,7,0,13006.075,42168.05,17557.824999999997
2025-07-08 13:00:00+00:00,54.65,59190.025,11604.9,2055.65,27315.175,2025-07-08 15:00:00+02:00,2025-07-08,15,1,7,0,13660.55,40975.725,18214.300000000003
2025-07-08 14:00:00+00:00,65.2,58426.25,12256.25,2086.65,23979.075,2025-07-08 16:00:00+02:00,2025-07-08,16,1,7,0,14342.9,38321.975,20104.275
2025-07-08 15:00:00+00:00,79.98,58130.5,12648.775,2173.575,19153.6,2025-07-08 17:00:00+02:00,2025-07-08,17,1,7,0,14822.349999999999,33975.95,24154.550000000003
2025-07-08 16:00:00+00:00,83.92,57946.55,12532.825,2324.625,12964.35,2025-07-08 18:00:00+02:00,2025-07-08,18,1,7,0,14857.45,27821.800000000003,30124.75
2025-07-08 17:00:00+00:00,102.1,57786.175,11798.325,2400.25,6746.175,2025-07-08 19:00:00+02:00,2025-07-08,19,1,7,0,14198.575,20944.75,36841.425
2025-07-08 18:00:00+00:00,122.77,56591.3,10955.525,2420.975,2352.15,2025-07-08 20:00:00+02:00,2025-07-08,20,1,7,0,13376.5,15728.65,40862.65
2025-07-08 19:00:00+00:00,123.34,54997.2,11222.25,2399.7,230.35,2025-07-08 21:00:00+02:00,2025-07-08,21,1,7,0,13621.95,13852.300000000001,41144.899999999994
2025-07-08 20:00:00+00:00,116.65,52657.625,11763.325,2361.825,2.05,2025-07-08 22:00:00+02:00,2025-07-08,22,1,7,0,14125.150000000001,14127.2,38530.425
2025-07-08 21:00:00+00:00,100.95,49384.225,12240.575,2245.975,0.0,2025-07-08 23:00:00+02:00,2025-07-08,23,1,7,0,14486.550000000001,14486.550000000001,34897.674999999996
2025-07-08 22:00:00+00:00,97.15,45055.225000000006,12882.175,1829.55,0.0,2025-07-09 00:00:00+02:00,2025-07-09,0,2,7,0,14711.724999999999,14711.724999999999,30343.500000000007
2025-07-08 23:00:00+00:00,86.85,43717.625,12892.225,1475.175,0.0,2025-07-09 01:00:00+02:00,2025-07-09,1,2,7,0,14367.4,14367.4,29350.225
2025-07-09 00:00:00+00:00,83.86,42973.625,12746.075,1148.15,0.0,2025-07-09 02:00:00+02:00,2025-07-09,2,2,7,0,13894.225,13894.225,29079.4
2025-07-09 01:00:00+00:00,84.65,43071.075,12431.4,924.0,0.0,2025-07-09 03:00:00+02:00,2025-07-09,3,2,7,0,13355.4,13355.4,29715.674999999996
2025-07-09 02:00:00+00:00,85.1,44217.525,11999.3,790.0749999999999,2.325,2025-07-09 04:00:00+02:00,2025-07-09,4,2,7,0,12789.375,12791.7,31425.825
2025-07-09 03:00:00+00:00,96.15,46451.875,11365.5,717.9000000000001,408.875,2025-07-09 05:00:00+02:00,2025-07-09,5,2,7,0,12083.4,12492.275,33959.6
2025-07-09 04:00:00+00:00,113.66,51864.25,10503.825,682.925,2918.6000000000004,2025-07-09 06:00:00+02:00,2025-07-09,6,2,7,0,11186.75,14105.35,37758.9
2025-07-09 05:00:00+00:00,116.46,57443.775,9540.075,691.6,8126.925,2025-07-09 07:00:00+02:00,2025-07-09,7,2,7,0,10231.675000000001,18358.600000000002,39085.175
2025-07-09 06:00:00+00:00,113.59,60417.225,9023.925,758.075,14782.6,2025-07-09 08:00:00+02:00,2025-07-09,8,2,7,0,9782.0,24564.6,35852.625
2025-07-09 07:00:00+00:00,95.66,61529.875,9244.949999999999,815.6,21016.225,2025-07-09 09:00:00+02:00,2025-07-09,9,2,7,0,10060.55,31076.774999999998,30453.100000000002
2025-07-09 08:00:00+00:00,84.68,62074.05,9608.05,820.975,25990.824999999997,2025-07-09 10:00:00+02:00,2025-07-09,10,2,7,0,10429.025,36419.85,25654.200000000004
2025-07-09 09:00:00+00:00,77.77,61944.15,9883.85,790.8,29387.85,2025-07-09 11:00:00+02:00,2025-07-09,11,2,7,0,10674.65,40062.5,21881.65
2025-07-09 10:00:00+00:00,65.67,60378.125,10241.55,741.325,31260.65,2025-07-09 12:00:00+02:00,2025-07-09,12,2,7,0,10982.875,42243.525,18134.6
2025-07-09 11:00:00+00:00,46.69,59602.525,10706.975,702.975,31986.325,2025-07-09 13:00:00+02:00,2025-07-09,13,2,7,0,11409.95,43396.275,16206.25
2025-07-09 12:00:00+00:00,37.78,57906.575,11230.875,670.95,31591.7,2025-07-09 14:00:00+02:00,2025-07-09,14,2,7,0,11901.825,43493.525,14413.049999999996
2025-07-09 13:00:00+00:00,48.32,56846.575,11599.975,667.1,29650.65,2025-07-09 15:00:00+02:00,2025-07-09,15,2,7,0,12267.075,41917.725000000006,14928.849999999991
2025-07-09 14:00:00+00:00,71.13,56229.125,11740.575,672.4,26135.4,2025-07-09 16:00:00+02:00,2025-07-09,16,2,7,0,12412.975,38548.375,17680.75
2025-07-09 15:00:00+00:00,84.73,56182.0,11380.95,665.9000000000001,20959.875,2025-07-09 17:00:00+02:00,2025-07-09,17,2,7,0,12046.85,33006.725,23175.275
2025-07-09 16:00:00+00:00,99.01,55489.875,10441.45,645.2,14163.975,2025-07-09 18:00:00+02:00,2025-07-09,18,2,7,0,11086.650000000001,25250.625,30239.25
2025-07-09 17:00:00+00:00,115.98,55883.0,9003.925,619.675,7124.475,2025-07-09 19:00:00+02:00,2025-07-09,19,2,7,0,9623.599999999999,16748.074999999997,39134.925
2025-07-09 18:00:00+00:00,135.34,54577.025,7640.525,596.9,2419.325,2025-07-09 20:00:00+02:00,2025-07-09,20,2,7,0,8237.425,10656.75,43920.275
2025-07-09 19:00:00+00:00,138.24,52833.05,7290.35,572.9,225.275,2025-07-09 21:00:00+02:00,2025-07-09,21,2,7,0,7863.25,8088.525,44744.525
2025-07-09 20:00:00+00:00,119.79,49839.7,7296.125,551.8,0.175,2025-07-09 22:00:00+02:00,2025-07-09,22,2,7,0,7847.925,7848.1,41991.6
2025-07-09 21:00:00+00:00,104.9,46946.125,7091.575,537.875,0.0,2025-07-09 23:00:00+02:00,2025-07-09,23,2,7,0,7629.45,7629.45,39316.675
2025-07-09 22:00:00+00:00,100.91,44645.524999999994,5835.1,409.05,0.0,2025-07-10 00:00:00+02:00,2025-07-10,0,3,7,0,6244.150000000001,6244.150000000001,38401.37499999999
2025-07-09 23:00:00+00:00,95.73,43164.6,5365.125,476.85,0.0,2025-07-10 01:00:00+02:00,2025-07-10,1,3,7,0,5841.975,5841.975,37322.625
2025-07-10 00:00:00+00:00,89.1,42523.05,4962.0,535.4,0.0,2025-07-10 02:00:00+02:00,2025-07-10,2,3,7,0,5497.4,5497.4,37025.65
2025-07-10 01:00:00+00:00,86.45,42329.975,4624.35,588.275,0.0,2025-07-10 03:00:00+02:00,2025-07-10,3,3,7,0,5212.625,5212.625,37117.35
2025-07-10 02:00:00+00:00,87.97,43166.3,4291.875,629.875,2.925,2025-07-10 04:00:00+02:00,2025-07-10,4,3,7,0,4921.75,4924.675,38241.625
2025-07-10 03:00:00+00:00,98.62,44990.375,3910.85,648.9,458.0,2025-07-10 05:00:00+02:00,2025-07-10,5,3,7,0,4559.75,5017.75,39972.625
2025-07-10 04:00:00+00:00,107.61,49600.6,3275.525,638.475,3321.85,2025-07-10 06:00:00+02:00,2025-07-10,6,3,7,0,3914.0,7235.85,42364.75
2025-07-10 05:00:00+00:00,107.23,54731.35,2321.075,594.425,9609.0,2025-07-10 07:00:00+02:00,2025-07-10,7,3,7,0,2915.5,12524.5,42206.85
2025-07-10 06:00:00+00:00,105.35,58166.125,1682.625,525.8,18375.175,2025-07-10 08:00:00+02:00,2025-07-10,8,3,7,0,2208.425,20583.6,37582.525
2025-07-10 07:00:00+00:00,88.9,60093.425,1601.95,463.575,26763.15,2025-07-10 09:00:00+02:00,2025-07-10,9,3,7,0,2065.525,28828.675000000003,31264.75
2025-07-10 08:00:00+00:00,82.0,60689.1,1876.3,429.175,32716.55,2025-07-10 10:00:00+02:00,2025-07-10,10,3,7,0,2305.475,35022.025,25667.074999999997
2025-07-10 09:00:00+00:00,65.33,61075.350000000006,2345.9,434.625,36463.55,2025-07-10 11:00:00+02:00,2025-07-10,11,3,7,0,2780.525,39244.075000000004,21831.275
2025-07-10 10:00:00+00:00,45.22,60673.2,2914.65,484.6,38226.125,2025-07-10 12:00:00+02:00,2025-07-10,12,3,7,0,3399.25,41625.375,19047.824999999997
2025-07-10 11:00:00+00:00,39.51,59648.299999999996,3659.95,586.425,37759.125,2025-07-10 13:00:00+02:00,2025-07-10,13,3,7,0,4246.375,42005.5,17642.799999999996
2025-07-10 12:00:00+00:00,39.55,58579.875,4558.375,704.3,35605.0,2025-07-10 14:00:00+02:00,2025-07-10,14,3,7,0,5262.675,40867.675,17712.199999999997
2025-07-10 13:00:00+00:00,56.71,57598.2,5575.6,828.3,32511.925,2025-07-10 15:00:00+02:00,2025-07-10,15,3,7,0,6403.900000000001,38915.825,18682.375
2025-07-10 14:00:00+00:00,76.8,57166.225,6600.025,939.25,27827.9,2025-07-10 16:00:00+02:00,2025-07-10,16,3,7,0,7539.275,35367.175,21799.049999999996
2025-07-10 15:00:00+00:00,86.4,57479.75,7307.075,1000.375,21665.225,2025-07-10 17:00:00+02:00,2025-07-10,17,3,7,0,8307.45,29972.675,27507.075
2025-07-10 16:00:00+00:00,100.2,57434.325,7391.025,1006.675,14233.35,2025-07-10 18:00:00+02:00,2025-07-10,18,3,7,0,8397.699999999999,22631.05,34803.274999999994
2025-07-10 17:00:00+00:00,114.39,56977.9,6883.8,978.925,7017.55,2025-07-10 19:00:00+02:00,2025-07-10,19,3,7,0,7862.725,14880.275000000001,42097.625
2025-07-10 18:00:00+00:00,134.67,55101.2,6305.45,959.85,2373.075,2025-07-10 20:00:00+02:00,2025-07-10,20,3,7,0,7265.3,9638.375,45462.825
2025-07-10 19:00:00+00:00,132.7,52989.325,6225.075,978.5,207.4,2025-07-10 21:00:00+02:00,2025-07-10,21,3,7,0,7203.575,7410.974999999999,45578.35
2025-07-10 20:00:00+00:00,120.88,49867.725,6205.375,1024.85,0.275,2025-07-10 22:00:00+02:00,2025-07-10,22,3,7,0,7230.225,7230.5,42637.225
2025-07-10 21:00:00+00:00,107.69,46744.825,6046.25,1049.4250000000002,0.0,2025-07-10 23:00:00+02:00,2025-07-10,23,3,7,0,7095.675,7095.675,39649.149999999994
2025-07-10 22:00:00+00:00,104.75,44839.95,6248.525000000001,1370.175,0.0,2025-07-11 00:00:00+02:00,2025-07-11,0,4,7,0,7618.700000000001,7618.700000000001,37221.25
2025-07-10 23:00:00+00:00,99.57,43359.2,6037.075,1333.325,0.0,2025-07-11 01:00:00+02:00,2025-07-11,1,4,7,0,7370.4,7370.4,35988.799999999996
2025-07-11 00:00:00+00:00,95.0,42712.025,5934.9,1330.225,0.0,2025-07-11 02:00:00+02:00,2025-07-11,2,4,7,0,7265.125,7265.125,35446.9
2025-07-11 01:00:00+00:00,90.69,42720.6,5860.475,1346.45,0.0,2025-07-11 03:00:00+02:00,2025-07-11,3,4,7,0,7206.925,7206.925,35513.674999999996
2025-07-11 02:00:00+00:00,91.53,43656.05,5856.3,1356.325,1.775,2025-07-11 04:00:00+02:00,2025-07-11,4,4,7,0,7212.625,7214.4,36441.65
2025-07-11 03:00:00+00:00,99.4,46343.525,5984.25,1347.425,440.475,2025-07-11 05:00:00+02:00,2025-07-11,5,4,7,0,7331.675,7772.150000000001,38571.375
2025-07-11 04:00:00+00:00,107.41,52036.75,5789.7,1314.225,3081.3999999999996,2025-07-11 06:00:00+02:00,2025-07-11,6,4,7,0,7103.924999999999,10185.324999999999,41851.425
2025-07-11 05:00:00+00:00,105.92,56719.025,4649.2,1285.7,8647.775,2025-07-11 07:00:00+02:00,2025-07-11,7,4,7,0,5934.9,14582.675,42136.350000000006
2025-07-11 06:00:00+00:00,105.18,59472.225,3800.65,1250.875,16093.325,2025-07-11 08:00:00+02:00,2025-07-11,8,4,7,0,5051.525,21144.85,38327.375
2025-07-11 07:00:00+00:00,93.3,60363.2,4306.45,1202.2,23237.975,2025-07-11 09:00:00+02:00,2025-07-11,9,4,7,0,5508.65,28746.625,31616.574999999997
2025-07-11 08:00:00+00:00,82.9,61685.675,5418.475,1128.825,28751.7,2025-07-11 10:00:00+02:00,2025-07-11,10,4,7,0,6547.3,35299.0,26386.675000000003
2025-07-11 09:00:00+00:00,73.15,61830.625,6401.475,1053.275,32321.55,2025-07-11 11:00:00+02:00,2025-07-11,11,4,7,0,7454.75,39776.3,22054.324999999997
2025-07-11 10:00:00+00:00,63.82,60893.55,7186.475,1012.375,34551.0,2025-07-11 12:00:00+02:00,2025-07-11,12,4,7,0,8198.85,42749.85,18143.700000000004
2025-07-11 11:00:00+00:00,42.16,59840.0,7987.45,1023.4250000000001,35064.725,2025-07-11 13:00:00+02:00,2025-07-11,13,4,7,0,9010.875,44075.6,15764.400000000001
2025-07-11 12:00:00+00:00,32.04,58460.925,9053.125,1075.55,34012.575,2025-07-11 14:00:00+02:00,2025-07-11,14,4,7,0,10128.675,44141.25,14319.675000000003
2025-07-11 13:00:00+00:00,38.1,56951.1,10221.925,1220.375,31385.6,2025-07-11 15:00:00+02:00,2025-07-11,15,4,7,0,11442.3,42827.899999999994,14123.200000000004
2025-07-11 14:00:00+00:00,59.55,56381.575,11258.875,1495.05,26998.15,2025-07-11 16:00:00+02:00,2025-07-11,16,4,7,0,12753.925,39752.075,16629.5
2025-07-11 15:00:00+00:00,83.15,55756.85,11985.925,1796.15,20984.925000000003,2025-07-11 17:00:00+02:00,2025-07-11,17,4,7,0,13782.074999999999,34767.0,20989.85
2025-07-11 16:00:00+00:00,86.44,55600.275,12175.9,2082.5,13549.15,2025-07-11 18:00:00+02:00,2025-07-11,18,4,7,0,14258.4,27807.55,27792.725000000002
2025-07-11 17:00:00+00:00,101.93,55185.95,11746.824999999999,2342.0,6531.675,2025-07-11 19:00:00+02:00,2025-07-11,19,4,7,0,14088.824999999999,20620.5,34565.45
2025-07-11 18:00:00+00:00,117.5,53512.75,11298.875,2580.5,2194.575,2025-07-11 20:00:00+02:00,2025-07-11,20,4,7,0,13879.375,16073.95,37438.8
2025-07-11 19:00:00+00:00,118.08,51186.35,11544.45,2739.425,221.025,2025-07-11 21:00:00+02:00,2025-07-11,21,4,7,0,14283.875,14504.9,36681.45
2025-07-11 20:00:00+00:00,113.8,48445.175,11590.325,2820.225,2.075,2025-07-11 22:00:00+02:00,2025-07-11,22,4,7,0,14410.550000000001,14412.625000000002,34032.55
2025-07-11 21:00:00+00:00,103.82,45435.45,11546.925,2856.975,0.0,2025-07-11 23:00:00+02:00,2025-07-11,23,4,7,0,14403.9,14403.9,31031.549999999996
2025-07-11 22:00:00+00:00,112.23,42752.350000000006,8712.95,2533.175,0.0,2025-07-12 00:00:00+02:00,2025-07-12,0,5,7,1,11246.125,11246.125,31506.225000000006
2025-07-11 23:00:00+00:00,104.57,40813.325,8614.225,2492.45,0.0,2025-07-12 01:00:00+02:00,2025-07-12,1,5,7,1,11106.675,11106.675,29706.649999999998
2025-07-12 00:00:00+00:00,103.68,39666.975,8890.825,2530.275,0.0,2025-07-12 02:00:00+02:00,2025-07-12,2,5,7,1,11421.1,11421.1,28245.875
2025-07-12 01:00:00+00:00,97.4,39124.625,9187.724999999999,2639.225,0.0,2025-07-12 03:00:00+02:00,2025-07-12,3,5,7,1,11826.949999999999,11826.949999999999,27297.675000000003
2025-07-12 02:00:00+00:00,93.33,38817.225,9421.375,2919.025,0.0,2025-07-12 04:00:00+02:00,2025-07-12,4,5,7,1,12340.4,12340.4,26476.824999999997
2025-07-12 03:00:00+00:00,89.94,39693.35,9679.775,3262.775,291.42499999999995,2025-07-12 05:00:00+02:00,2025-07-12,5,5,7,1,12942.55,13233.974999999999,26459.375
2025-07-12 04:00:00+00:00,85.27,41992.375,9874.95,3567.15,2305.3,2025-07-12 06:00:00+02:00,2025-07-12,6,5,7,1,13442.1,15747.400000000001,26244.975
2025-07-12 05:00:00+00:00,87.98,44505.95,9387.475,3701.7,6429.725,2025-07-12 07:00:00+02:00,2025-07-12,7,5,7,1,13089.175,19518.9,24987.049999999996
2025-07-12 06:00:00+00:00,83.8,47489.8,8527.175,3676.525,12097.425,2025-07-12 08:00:00+02:00,2025-07-12,8,5,7,1,12203.699999999999,24301.125,23188.675000000003
2025-07-12 07:00:00+00:00,59.86,49883.525,8414.975,3542.775,18123.775,2025-07-12 09:00:00+02:00,2025-07-12,9,5,7,1,11957.75,30081.525,19802.0
2025-07-12 08:00:00+00:00,18.19,51127.05,8857.825,3340.4,23161.325,2025-07-12 10:00:00+02:00,2025-07-12,10,5,7,1,12198.225,35359.55,15767.5
2025-07-12 09:00:00+00:00,3.0,51334.35,9260.725,3093.525,26561.225,2025-07-12 11:00:00+02:00,2025-07-12,11,5,7,1,12354.25,38915.475,12418.875
2025-07-12 10:00:00+00:00,0.22,51018.525,9546.375,2989.475,28080.975000000002,2025-07-12 12:00:00+02:00,2025-07-12,12,5,7,1,12535.85,40616.825000000004,10401.699999999997
2025-07-12 11:00:00+00:00,0.0,49492.55,9688.35,3055.225,27822.2,2025-07-12 13:00:00+02:00,2025-07-12,13,5,7,1,12743.575,40565.775,8926.775000000001
2025-07-12 12:00:00+00:00,0.0,47665.175,9779.95,3204.6,26417.725,2025-07-12 14:00:00+02:00,2025-07-12,14,5,7,1,12984.550000000001,39402.275,8262.900000000001
2025-07-12 13:00:00+00:00,0.22,46852.525,9701.375,3308.875,23747.9,2025-07-12 15:00:00+02:00,2025-07-12,15,5,7,1,13010.25,36758.15,10094.375
2025-07-12 14:00:00+00:00,19.73,47326.375,9521.95,3382.05,19957.7,2025-07-12 16:00:00+02:00,2025-07-12,16,5,7,1,12904.0,32861.7,14464.675000000003
2025-07-12 15:00:00+00:00,73.89,47877.225,9207.275,3443.7,15564.475,2025-07-12 17:00:00+02:00,2025-07-12,17,5,7,1,12650.974999999999,28215.449999999997,19661.775
2025-07-12 16:00:00+00:00,106.2,48307.425,8595.125,3530.225,10422.1,2025-07-12 18:00:00+02:00,2025-07-12,18,5,7,1,12125.35,22547.45,25759.975000000002
2025-07-12 17:00:00+00:00,109.2,49061.8,7670.6,3593.925,5425.35,2025-07-12 19:00:00+02:00,2025-07-12,19,5,7,1,11264.525000000001,16689.875,32371.925000000003
2025-07-12 18:00:00+00:00,120.0,48065.8,6839.975,3627.225,1820.95,2025-07-12 20:00:00+02:00,2025-07-12,20,5,7,1,10467.2,12288.150000000001,35777.65
2025-07-12 19:00:00+00:00,125.02,46537.4,6519.675,3576.625,160.45,2025-07-12 21:00:00+02:00,2025-07-12,21,5,7,1,10096.3,10256.75,36280.65
2025-07-12 20:00:00+00:00,125.0,44959.3,6211.2,3366.525,0.0,2025-07-12 22:00:00+02:00,2025-07-12,22,5,7,1,9577.725,9577.725,35381.575000000004
2025-07-12 21:00:00+00:00,115.42,42814.425,5883.675,3052.225,0.0,2025-07-12 23:00:00+02:00,2025-07-12,23,5,7,1,8935.9,8935.9,33878.525
2025-07-12 22:00:00+00:00,115.35,41055.675,5262.175,2817.55,0.0,2025-07-13 00:00:00+02:00,2025-07-13,0,6,7,1,8079.725,8079.725,32975.950000000004
2025-07-12 23:00:00+00:00,109.14,39482.95,4882.4,2607.55,0.0,2025-07-13 01:00:00+02:00,2025-07-13,1,6,7,1,7489.95,7489.95,31992.999999999996
2025-07-13 00:00:00+00:00,108.42,38463.575,4710.575,2268.075,0.0,2025-07-13 02:00:00+02:00,2025-07-13,2,6,7,1,6978.65,6978.65,31484.924999999996
2025-07-13 01:00:00+00:00,107.35,37969.725,4473.125,1817.875,0.0,2025-07-13 03:00:00+02:00,2025-07-13,3,6,7,1,6291.0,6291.0,31678.725
2025-07-13 02:00:00+00:00,104.64,37728.35,4217.925,1460.3000000000002,0.025,2025-07-13 04:00:00+02:00,2025-07-13,4,6,7,1,5678.225,5678.25,32050.1
2025-07-13 03:00:00+00:00,100.85,37553.149999999994,3999.125,1239.475,286.725,2025-07-13 05:00:00+02:00,2025-07-13,5,6,7,1,5238.6,5525.325000000001,32027.824999999993
2025-07-13 04:00:00+00:00,95.8,38780.25,3724.05,1127.675,2442.425,2025-07-13 06:00:00+02:00,2025-07-13,6,6,7,1,4851.725,7294.150000000001,31486.1
2025-07-13 05:00:00+00:00,92.18,41357.7,3334.05,1100.425,7356.075,2025-07-13 07:00:00+02:00,2025-07-13,7,6,7,1,4434.475,11790.55,29567.149999999998
2025-07-13 06:00:00+00:00,87.94,44386.375,2995.1,1166.9,14332.15,2025-07-13 08:00:00+02:00,2025-07-13,8,6,7,1,4162.0,18494.15,25892.225
2025-07-13 07:00:00+00:00,57.62,47014.2,2873.7250000000004,1281.25,21402.55,2025-07-13 09:00:00+02:00,2025-07-13,9,6,7,1,4154.975,25557.525,21456.674999999996
2025-07-13 08:00:00+00:00,4.28,48816.05,2883.575,1358.9,27410.975,2025-07-13 10:00:00+02:00,2025-07-13,10,6,7,1,4242.475,31653.449999999997,17162.600000000006
2025-07-13 09:00:00+00:00,0.05,49881.3,3034.1749999999997,1355.95,31619.4,2025-07-13 11:00:00+02:00,2025-07-13,11,6,7,1,4390.125,36009.525,13871.775000000001
2025-07-13 10:00:00+00:00,0.0,49922.8,3222.475,1292.875,34158.575,2025-07-13 12:00:00+02:00,2025-07-13,12,6,7,1,4515.35,38673.924999999996,11248.875000000007
2025-07-13 11:00:00+00:00,0.0,48945.55,3397.725,1245.925,35153.975,2025-07-13 13:00:00+02:00,2025-07-13,13,6,7,1,4643.65,39797.625,9147.925000000003
2025-07-13 12:00:00+00:00,0.0,47728.1,3525.225,1213.775,34777.274999999994,2025-07-13 14:00:00+02:00,2025-07-13,14,6,7,1,4739.0,39516.274999999994,8211.825000000004
2025-07-13 13:00:00+00:00,0.0,47509.9,3601.475,1216.325,32703.3,2025-07-13 15:00:00+02:00,2025-07-13,15,6,7,1,4817.8,37521.1,9988.800000000003
2025-07-13 14:00:00+00:00,2.36,47095.125,3585.6,1256.8249999999998,28549.05,2025-07-13 16:00:00+02:00,2025-07-13,16,6,7,1,4842.424999999999,33391.475,13703.650000000001
2025-07-13 15:00:00+00:00,73.4,47650.2,3423.55,1321.0,22460.825,2025-07-13 17:00:00+02:00,2025-07-13,17,6,7,1,4744.55,27205.375,20444.824999999997
2025-07-13 16:00:00+00:00,100.61,48386.3,3165.2,1345.95,14575.4,2025-07-13 18:00:00+02:00,2025-07-13,18,6,7,1,4511.15,19086.55,29299.750000000004
2025-07-13 17:00:00+00:00,113.74,48393.95,2721.725,1345.925,6912.2,2025-07-13 19:00:00+02:00,2025-07-13,19,6,7,1,4067.6499999999996,10979.849999999999,37414.1
2025-07-13 18:00:00+00:00,120.0,47712.7,2257.55,1320.75,2273.875,2025-07-13 20:00:00+02:00,2025-07-13,20,6,7,1,3578.3,5852.175,41860.524999999994
2025-07-13 19:00:00+00:00,127.7,46865.975,2076.7,1261.15,184.5,2025-07-13 21:00:00+02:00,2025-07-13,21,6,7,1,3337.85,3522.35,43343.625
2025-07-13 20:00:00+00:00,126.94,45508.475,1946.6,1162.225,0.0,2025-07-13 22:00:00+02:00,2025-07-13,22,6,7,1,3108.825,3108.825,42399.65
2025-07-13 21:00:00+00:00,115.41,43212.225,1834.65,1045.5,0.0,2025-07-13 23:00:00+02:00,2025-07-13,23,6,7,1,2880.15,2880.15,40332.075
2025-07-13 22:00:00+00:00,114.02,40710.975,1970.8,968.525,0.0,2025-07-14 00:00:00+02:00,2025-07-14,0,0,7,0,2939.325,2939.325,37771.65
2025-07-13 23:00:00+00:00,104.01,39496.75,2079.4,772.15,0.0,2025-07-14 01:00:00+02:00,2025-07-14,1,0,7,0,2851.55,2851.55,36645.2
2025-07-14 00:00:00+00:00,98.17,38976.325,2393.525,552.725,0.0,2025-07-14 02:00:00+02:00,2025-07-14,2,0,7,0,2946.25,2946.25,36030.075
2025-07-14 01:00:00+00:00,94.94,39275.325,2752.525,390.75,0.0,2025-07-14 03:00:00+02:00,2025-07-14,3,0,7,0,3143.275,3143.275,36132.049999999996
2025-07-14 02:00:00+00:00,99.32,40429.525,3119.625,288.7,0.025,2025-07-14 04:00:00+02:00,2025-07-14,4,0,7,0,3408.325,3408.35,37021.175
2025-07-14 03:00:00+00:00,108.93,43585.850000000006,3489.225,229.175,376.59999999999997,2025-07-14 05:00:00+02:00,2025-07-14,5,0,7,0,3718.4,4095.0,39490.850000000006
2025-07-14 04:00:00+00:00,117.87,50241.025,3714.875,191.9,3027.5249999999996,2025-07-14 06:00:00+02:00,2025-07-14,6,0,7,0,3906.775,6934.299999999999,43306.725000000006
2025-07-14 05:00:00+00:00,121.62,55961.75,3587.475,150.925,8953.925,2025-07-14 07:00:00+02:00,2025-07-14,7,0,7,0,3738.4,12692.324999999999,43269.425
2025-07-14 06:00:00+00:00,112.06,59994.825,3016.5,110.625,16333.675,2025-07-14 08:00:00+02:00,2025-07-14,8,0,7,0,3127.125,19460.8,40534.024999999994
2025-07-14 07:00:00+00:00,92.43,61697.825,2755.45,79.8,22872.8,2025-07-14 09:00:00+02:00,2025-07-14,9,0,7,0,2835.25,25708.05,35989.774999999994
2025-07-14 08:00:00+00:00,84.58,62538.45,3212.1499999999996,55.849999999999994,27510.8,2025-07-14 10:00:00+02:00,2025-07-14,10,0,7,0,3267.9999999999995,30778.8,31759.649999999998
2025-07-14 09:00:00+00:00,79.67,63251.825,4022.825,41.875,29961.675,2025-07-14 11:00:00+02:00,2025-07-14,11,0,7,0,4064.7,34026.375,29225.449999999997
2025-07-14 10:00:00+00:00,70.98,62516.025,5058.0,33.225,30853.6,2025-07-14 12:00:00+02:00,2025-07-14,12,0,7,0,5091.225,35944.825,26571.200000000004
2025-07-14 11:00:00+00:00,64.17,61608.9,6143.5,28.225,31046.075,2025-07-14 13:00:00+02:00,2025-07-14,13,0,7,0,6171.725,37217.8,24391.1
2025-07-14 12:00:00+00:00,57.15,60362.7,7007.475,28.725,29840.85,2025-07-14 14:00:00+02:00,2025-07-14,14,0,7,0,7036.200000000001,36877.05,23485.649999999994
2025-07-14 13:00:00+00:00,55.82,58945.7,7602.45,30.55,27786.35,2025-07-14 15:00:00+02:00,2025-07-14,15,0,7,0,7633.0,35419.35,23526.35
2025-07-14 14:00:00+00:00,71.1,57561.65,7810.575,33.275,24334.875,2025-07-14 16:00:00+02:00,2025-07-14,16,0,7,0,7843.849999999999,32178.725,25382.925000000003
2025-07-14 15:00:00+00:00,84.58,56877.325,7453.975,38.425,19245.25,2025-07-14 17:00:00+02:00,2025-07-14,17,0,7,0,7492.400000000001,26737.65,30139.674999999996
2025-07-14 16:00:00+00:00,98.94,56645.35,6470.35,42.45,12839.4,2025-07-14 18:00:00+02:00,2025-07-14,18,0,7,0,6512.8,19352.2,37293.149999999994
2025-07-14 17:00:00+00:00,110.11,56527.05,5150.95,45.325,6450.1,2025-07-14 19:00:00+02:00,2025-07-14,19,0,7,0,5196.275,11646.375,44880.675
2025-07-14 18:00:00+00:00,139.99,55256.3,4270.375,47.425,2125.775,2025-07-14 20:00:00+02:00,2025-07-14,20,0,7,0,4317.8,6443.575000000001,48812.725000000006
2025-07-14 19:00:00+00:00,141.57,52937.55,4154.975,61.050000000000004,172.025,2025-07-14 21:00:00+02:00,2025-07-14,21,0,7,0,4216.025000000001,4388.05,48549.5
2025-07-14 20:00:00+00:00,126.14,50129.225,4133.55,101.675,0.0,2025-07-14 22:00:00+02:00,2025-07-14,22,0,7,0,4235.225,4235.225,45894.0
2025-07-14 21:00:00+00:00,115.15,46929.225,4105.65,181.75,0.0,2025-07-14 23:00:00+02:00,2025-07-14,23,0,7,0,4287.4,4287.4,42641.825
2025-07-14 22:00:00+00:00,106.1,44682.75,5246.725,337.8,0.0,2025-07-15 00:00:00+02:00,2025-07-15,0,1,7,0,5584.525000000001,5584.525000000001,39098.225
2025-07-14 23:00:00+00:00,103.06,43094.9,5638.375,667.9,0.0,2025-07-15 01:00:00+02:00,2025-07-15,1,1,7,0,6306.275,6306.275,36788.625
2025-07-15 00:00:00+00:00,93.86,41966.0,6353.175,1092.4,0.0,2025-07-15 02:00:00+02:00,2025-07-15,2,1,7,0,7445.575000000001,7445.575000000001,34520.425
2025-07-15 01:00:00+00:00,88.28,42032.725,7122.425,1515.775,0.0,2025-07-15 03:00:00+02:00,2025-07-15,3,1,7,0,8638.2,8638.2,33394.524999999994
2025-07-15 02:00:00+00:00,87.12,42660.7,7825.25,1840.5,0.0,2025-07-15 04:00:00+02:00,2025-07-15,4,1,7,0,9665.75,9665.75,32994.95
2025-07-15 03:00:00+00:00,93.0,45026.75,8332.725,2036.85,332.0,2025-07-15 05:00:00+02:00,2025-07-15,5,1,7,0,10369.575,10701.575,34325.175
2025-07-15 04:00:00+00:00,110.33,50534.475,8622.225,2079.175,2729.225,2025-07-15 06:00:00+02:00,2025-07-15,6,1,7,0,10701.400000000001,13430.625000000002,37103.85
2025-07-15 05:00:00+00:00,113.41,55763.825,8379.425,2072.725,7927.375,2025-07-15 07:00:00+02:00,2025-07-15,7,1,7,0,10452.15,18379.525,37384.299999999996
2025-07-15 06:00:00+00:00,106.86,59216.475,7791.675,2102.7,14866.6,2025-07-15 08:00:00+02:00,2025-07-15,8,1,7,0,9894.375,24760.975,34455.5
2025-07-15 07:00:00+00:00,90.82,60678.375,7818.4,1958.625,21580.65,2025-07-15 09:00:00+02:00,2025-07-15,9,1,7,0,9777.025,31357.675000000003,29320.699999999997
2025-07-15 08:00:00+00:00,77.67,61705.225,8247.75,1764.2,26810.125,2025-07-15 10:00:00+02:00,2025-07-15,10,1,7,0,10011.95,36822.075,24883.15
2025-07-15 09:00:00+00:00,65.0,62334.9,8793.55,1686.85,30221.9,2025-07-15 11:00:00+02:00,2025-07-15,11,1,7,0,10480.4,40702.3,21632.6
2025-07-15 10:00:00+00:00,59.19,61553.075,9660.550000000001,1665.85,32007.575,2025-07-15 12:00:00+02:00,2025-07-15,12,1,7,0,11326.400000000001,43333.975000000006,18219.09999999999
2025-07-15 11:00:00+00:00,47.26,60239.825,10916.775,1650.125,32550.125,2025-07-15 13:00:00+02:00,2025-07-15,13,1,7,0,12566.9,45117.025,15122.799999999996
2025-07-15 12:00:00+00:00,40.2,59118.95,12154.825,1570.875,31582.55,2025-07-15 14:00:00+02:00,2025-07-15,14,1,7,0,13725.7,45308.25,13810.699999999997
2025-07-15 13:00:00+00:00,42.57,58536.15,12836.675,1521.2,29509.25,2025-07-15 15:00:00+02:00,2025-07-15,15,1,7,0,14357.875,43867.125,14669.025000000001
2025-07-15 14:00:00+00:00,65.0,57741.9,12665.3,1439.425,25655.425,2025-07-15 16:00:00+02:00,2025-07-15,16,1,7,0,14104.724999999999,39760.149999999994,17981.750000000007
2025-07-15 15:00:00+00:00,84.87,57259.575,11666.550000000001,1314.1,20366.65,2025-07-15 17:00:00+02:00,2025-07-15,17,1,7,0,12980.650000000001,33347.3,23912.274999999994
2025-07-15 16:00:00+00:00,101.54,56979.425,9668.95,1200.0,13414.15,2025-07-15 18:00:00+02:00,2025-07-15,18,1,7,0,10868.95,24283.1,32696.325000000004
2025-07-15 17:00:00+00:00,108.15,56054.65,7175.775,1109.125,6558.5,2025-07-15 19:00:00+02:00,2025-07-15,19,1,7,0,8284.9,14843.4,41211.25
2025-07-15 18:00:00+00:00,119.78,54657.899999999994,5206.5,1001.5,2112.475,2025-07-15 20:00:00+02:00,2025-07-15,20,1,7,0,6208.0,8320.475,46337.424999999996
2025-07-15 19:00:00+00:00,141.99,52597.45,4175.85,906.475,169.79999999999998,2025-07-15 21:00:00+02:00,2025-07-15,21,1,7,0,5082.325000000001,5252.125000000001,47345.325
2025-07-15 20:00:00+00:00,121.28,50037.975,3640.925,853.5,0.0,2025-07-15 22:00:00+02:00,2025-07-15,22,1,7,0,4494.425,4494.425,45543.549999999996
2025-07-15 21:00:00+00:00,112.45,46885.75,3546.55,893.025,0.0,2025-07-15 23:00:00+02:00,2025-07-15,23,1,7,0,4439.575,4439.575,42446.175
2025-07-15 22:00:00+00:00,97.63,44254.85,5430.7,1087.225,0.0,2025-07-16 00:00:00+02:00,2025-07-16,0,2,7,0,6517.924999999999,6517.924999999999,37736.925
2025-07-15 23:00:00+00:00,93.99,42675.075,6147.25,1239.375,0.0,2025-07-16 01:00:00+02:00,2025-07-16,1,2,7,0,7386.625,7386.625,35288.45
2025-07-16 00:00:00+00:00,86.67,41781.25,7177.275,1383.525,0.0,2025-07-16 02:00:00+02:00,2025-07-16,2,2,7,0,8560.8,8560.8,33220.45
2025-07-16 01:00:00+00:00,83.43,41887.725000000006,8074.8,1488.875,0.0,2025-07-16 03:00:00+02:00,2025-07-16,3,2,7,0,9563.675,9563.675,32324.050000000007
2025-07-16 02:00:00+00:00,84.26,42761.25,8749.075,1597.825,0.0,2025-07-16 04:00:00+02:00,2025-07-16,4,2,7,0,10346.900000000001,10346.900000000001,32414.35
2025-07-16 03:00:00+00:00,90.41,44738.6,9132.475,1624.2,278.25,2025-07-16 05:00:00+02:00,2025-07-16,5,2,7,0,10756.675000000001,11034.925000000001,33703.674999999996
2025-07-16 04:00:00+00:00,105.74,49942.05,9312.2,1538.3,2358.7250000000004,2025-07-16 06:00:00+02:00,2025-07-16,6,2,7,0,10850.5,13209.225,36732.825000000004
2025-07-16 05:00:00+00:00,112.63,55271.775,8630.775,1415.175,6968.7,2025-07-16 07:00:00+02:00,2025-07-16,7,2,7,0,10045.949999999999,17014.649999999998,38257.125
2025-07-16 06:00:00+00:00,111.92,58259.025,7911.95,1267.375,12726.3,2025-07-16 08:00:00+02:00,2025-07-16,8,2,7,0,9179.325,21905.625,36353.4
2025-07-16 07:00:00+00:00,104.21,59425.225,8241.825,1095.25,17966.275,2025-07-16 09:00:00+02:00,2025-07-16,9,2,7,0,9337.075,27303.350000000002,32121.874999999996
2025-07-16 08:00:00+00:00,89.8,60547.375,9078.099999999999,925.075,21730.0,2025-07-16 10:00:00+02:00,2025-07-16,10,2,7,0,10003.175,31733.175,28814.2
2025-07-16 09:00:00+00:00,85.65,60998.1,9523.5,785.775,24088.9,2025-07-16 11:00:00+02:00,2025-07-16,11,2,7,0,10309.275,34398.175,26599.924999999996
2025-07-16 10:00:00+00:00,81.96,59868.725,9817.25,698.55,25631.725,2025-07-16 12:00:00+02:00,2025-07-16,12,2,7,0,10515.8,36147.524999999994,23721.200000000004
2025-07-16 11:00:00+00:00,78.62,58644.775,10185.35,661.15,26460.05,2025-07-16 13:00:00+02:00,2025-07-16,13,2,7,0,10846.5,37306.55,21338.225
2025-07-16 12:00:00+00:00,68.06,57294.675,10678.35,649.775,26064.7,2025-07-16 14:00:00+02:00,2025-07-16,14,2,7,0,11328.125,37392.825,19901.850000000006
2025-07-16 13:00:00+00:00,69.2,56468.65,11139.85,672.375,24590.5,2025-07-16 15:00:00+02:00,2025-07-16,15,2,7,0,11812.225,36402.725,20065.925000000003
2025-07-16 14:00:00+00:00,80.86,55996.075,11384.1,740.025,21630.4,2025-07-16 16:00:00+02:00,2025-07-16,16,2,7,0,12124.125,33754.525,22241.549999999996
2025-07-16 15:00:00+00:00,89.09,55920.625,11390.75,857.15,17266.525,2025-07-16 17:00:00+02:00,2025-07-16,17,2,7,0,12247.9,29514.425000000003,26406.199999999997
2025-07-16 16:00:00+00:00,95.49,55745.425,10776.3,1006.575,11618.65,2025-07-16 18:00:00+02:00,2025-07-16,18,2,7,0,11782.875,23401.525,32343.9
2025-07-16 17:00:00+00:00,108.37,55599.625,9492.325,1164.35,5874.825,2025-07-16 19:00:00+02:00,2025-07-16,19,2,7,0,10656.675000000001,16531.5,39068.125
2025-07-16 18:00:00+00:00,119.72,53940.225,8291.225,1347.35,1910.975,2025-07-16 20:00:00+02:00,2025-07-16,20,2,7,0,9638.575,11549.550000000001,42390.674999999996
2025-07-16 19:00:00+00:00,129.04,52079.35,7899.65,1520.85,147.525,2025-07-16 21:00:00+02:00,2025-07-16,21,2,7,0,9420.5,9568.025,42511.325
2025-07-16 20:00:00+00:00,120.71,49105.125,8081.9,1663.85,0.0,2025-07-16 22:00:00+02:00,2025-07-16,22,2,7,0,9745.75,9745.75,39359.375
2025-07-16 21:00:00+00:00,110.55,46201.6,8425.85,1810.45,0.0,2025-07-16 23:00:00+02:00,2025-07-16,23,2,7,0,10236.300000000001,10236.300000000001,35965.299999999996
2025-07-16 22:00:00+00:00,103.76,43748.7,8291.025,2138.575,0.0,2025-07-17 00:00:00+02:00,2025-07-17,0,3,7,0,10429.599999999999,10429.599999999999,33319.1
2025-07-16 23:00:00+00:00,98.33,42307.525,8559.0,2301.025,0.0,2025-07-17 01:00:00+02:00,2025-07-17,1,3,7,0,10860.025,10860.025,31447.5
2025-07-17 00:00:00+00:00,89.96,41757.025,9080.325,2357.7,0.0,2025-07-17 02:00:00+02:00,2025-07-17,2,3,7,0,11438.025000000001,11438.025000000001,30319.0
2025-07-17 01:00:00+00:00,84.81,41727.075,9510.8,2340.925,0.0,2025-07-17 03:00:00+02:00,2025-07-17,3,3,7,0,11851.724999999999,11851.724999999999,29875.35
2025-07-17 02:00:00+00:00,85.76,42373.375,9822.15,2327.7,0.0,2025-07-17 04:00:00+02:00,2025-07-17,4,3,7,0,12149.849999999999,12149.849999999999,30223.525
2025-07-17 03:00:00+00:00,89.0,43749.75,10097.025,2451.9,254.85,2025-07-17 05:00:00+02:00,2025-07-17,5,3,7,0,12548.925,12803.775,30945.975
2025-07-17 04:00:00+00:00,104.05,48131.275,10134.175,2664.4,2463.2,2025-07-17 06:00:00+02:00,2025-07-17,6,3,7,0,12798.574999999999,15261.774999999998,32869.5
2025-07-17 05:00:00+00:00,110.33,52466.45,9628.35,2787.8250000000003,7237.3,2025-07-17 07:00:00+02:00,2025-07-17,7,3,7,0,12416.175000000001,19653.475000000002,32812.97499999999
2025-07-17 06:00:00+00:00,105.92,55184.675,9569.025,2647.4,13703.4,2025-07-17 08:00:00+02:00,2025-07-17,8,3,7,0,12216.425,25919.824999999997,29264.850000000006
2025-07-17 07:00:00+00:00,93.1,56568.55,10454.849999999999,2383.825,20265.4,2025-07-17 09:00:00+02:00,2025-07-17,9,3,7,0,12838.675,33104.075,23464.475000000006
2025-07-17 08:00:00+00:00,85.0,57337.65,11545.45,2192.825,25558.275,2025-07-17 10:00:00+02:00,2025-07-17,10,3,7,0,13738.275000000001,39296.55,18041.1
2025-07-17 09:00:00+00:00,77.07,57979.15,12208.975,2030.025,28880.325,2025-07-17 11:00:00+02:00,2025-07-17,11,3,7,0,14239.0,43119.325,14859.825000000004
2025-07-17 10:00:00+00:00,70.17,57712.3,12657.45,1975.6,30619.225,2025-07-17 12:00:00+02:00,2025-07-17,12,3,7,0,14633.050000000001,45252.275,12460.025000000001
2025-07-17 11:00:00+00:00,55.26,57519.55,13054.7,1977.275,30770.5,2025-07-17 13:00:00+02:00,2025-07-17,13,3,7,0,15031.975,45802.475,11717.075000000004
2025-07-17 12:00:00+00:00,49.78,56448.675,13532.15,2015.425,29524.5,2025-07-17 14:00:00+02:00,2025-07-17,14,3,7,0,15547.574999999999,45072.075,11376.600000000006
2025-07-17 13:00:00+00:00,66.18,54893.375,13694.95,2034.85,27064.025,2025-07-17 15:00:00+02:00,2025-07-17,15,3,7,0,15729.800000000001,42793.825000000004,12099.549999999996
2025-07-17 14:00:00+00:00,74.79,54677.525,13433.075,2003.65,23116.85,2025-07-17 16:00:00+02:00,2025-07-17,16,3,7,0,15436.725,38553.575,16123.950000000004
2025-07-17 15:00:00+00:00,82.71,54577.225,12796.45,1940.125,17972.325,2025-07-17 17:00:00+02:00,2025-07-17,17,3,7,0,14736.575,32708.9,21868.324999999997
2025-07-17 16:00:00+00:00,94.98,54983.225,11711.2,1824.5,11762.05,2025-07-17 18:00:00+02:00,2025-07-17,18,3,7,0,13535.7,25297.75,29685.475
2025-07-17 17:00:00+00:00,109.73,54910.175,10242.5,1669.6,5775.8,2025-07-17 19:00:00+02:00,2025-07-17,19,3,7,0,11912.1,17687.9,37222.275
2025-07-17 18:00:00+00:00,120.75,53433.675,9041.9,1470.675,1864.625,2025-07-17 20:00:00+02:00,2025-07-17,20,3,7,0,10512.574999999999,12377.199999999999,41056.475000000006
2025-07-17 19:00:00+00:00,132.0,51600.35,8368.725,1222.025,163.42499999999998,2025-07-17 21:00:00+02:00,2025-07-17,21,3,7,0,9590.75,9754.175,41846.175
2025-07-17 20:00:00+00:00,125.07,48781.35,7720.525,964.4000000000001,0.0,2025-07-17 22:00:00+02:00,2025-07-17,22,3,7,0,8684.925,8684.925,40096.425
2025-07-17 21:00:00+00:00,114.18,45536.3,6912.925,758.8,0.0,2025-07-17 23:00:00+02:00,2025-07-17,23,3,7,0,7671.725,7671.725,37864.575000000004
2025-07-17 22:00:00+00:00,106.8,44293.625,5650.9,767.525,0.0,2025-07-18 00:00:00+02:00,2025-07-18,0,4,7,0,6418.424999999999,6418.424999999999,37875.2
2025-07-17 23:00:00+00:00,99.15,42818.549999999996,4762.875,599.175,0.0,2025-07-18 01:00:00+02:00,2025-07-18,1,4,7,0,5362.05,5362.05,37456.49999999999
2025-07-18 00:00:00+00:00,95.36,42029.25,3985.675,465.35,0.0,2025-07-18 02:00:00+02:00,2025-07-18,2,4,7,0,4451.025000000001,4451.025000000001,37578.225
2025-07-18 01:00:00+00:00,96.37,41990.85,3234.85,364.7,0.0,2025-07-18 03:00:00+02:00,2025-07-18,3,4,7,0,3599.5499999999997,3599.5499999999997,38391.299999999996
2025-07-18 02:00:00+00:00,98.66,42884.35,2536.825,294.2,0.0,2025-07-18 04:00:00+02:00,2025-07-18,4,4,7,0,2831.0249999999996,2831.0249999999996,40053.325
2025-07-18 03:00:00+00:00,108.23,45279.4,1977.075,241.95000000000002,207.525,2025-07-18 05:00:00+02:00,2025-07-18,5,4,7,0,2219.025,2426.55,42852.85
2025-07-18 04:00:00+00:00,115.92,50202.475,1494.675,194.3,2266.25,2025-07-18 06:00:00+02:00,2025-07-18,6,4,7,0,1688.975,3955.225,46247.25
2025-07-18 05:00:00+00:00,116.17,54815.35,1061.525,142.5,7441.925,2025-07-18 07:00:00+02:00,2025-07-18,7,4,7,0,1204.025,8645.95,46169.399999999994
2025-07-18 06:00:00+00:00,109.39,58014.75,775.175,100.825,15003.225,2025-07-18 08:00:00+02:00,2025-07-18,8,4,7,0,876.0,15879.225,42135.525
2025-07-18 07:00:00+00:00,98.13,59032.8,632.075,62.25,22717.5,2025-07-18 09:00:00+02:00,2025-07-18,9,4,7,0,694.325,23411.825,35620.975000000006
2025-07-18 08:00:00+00:00,84.98,59629.9,579.85,37.1,29025.4,2025-07-18 10:00:00+02:00,2025-07-18,10,4,7,0,616.95,29642.350000000002,29987.55
2025-07-18 09:00:00+00:00,82.02,60058.6,583.25,26.45,33403.725,2025-07-18 11:00:00+02:00,2025-07-18,11,4,7,0,609.7,34013.424999999996,26045.175000000003
2025-07-18 10:00:00+00:00,80.0,59441.425,599.225,21.15,35900.85,2025-07-18 12:00:00+02:00,2025-07-18,12,4,7,0,620.375,36521.225,22920.200000000004
2025-07-18 11:00:00+00:00,73.02,57648.475,619.15,19.5,36918.85,2025-07-18 13:00:00+02:00,2025-07-18,13,4,7,0,638.65,37557.5,20090.975
2025-07-18 12:00:00+00:00,71.2,55996.05,633.85,21.424999999999997,36273.225,2025-07-18 14:00:00+02:00,2025-07-18,14,4,7,0,655.275,36928.5,19067.550000000003
2025-07-18 13:00:00+00:00,72.68,55108.350000000006,652.95,24.0,33848.45,2025-07-18 15:00:00+02:00,2025-07-18,15,4,7,0,676.95,34525.399999999994,20582.95000000001
2025-07-18 14:00:00+00:00,79.99,54331.475,661.675,27.15,29378.175,2025-07-18 16:00:00+02:00,2025-07-18,16,4,7,0,688.8249999999999,30067.0,24264.475
2025-07-18 15:00:00+00:00,84.07,53694.625,678.5,30.15,22957.05,2025-07-18 17:00:00+02:00,2025-07-18,17,4,7,0,708.65,23665.7,30028.925
2025-07-18 16:00:00+00:00,99.92,53603.85,709.725,29.85,14728.45,2025-07-18 18:00:00+02:00,2025-07-18,18,4,7,0,739.575,15468.025000000001,38135.825
2025-07-18 17:00:00+00:00,120.0,53201.8,765.125,31.8,6789.924999999999,2025-07-18 19:00:00+02:00,2025-07-18,19,4,7,0,796.925,7586.849999999999,45614.950000000004
2025-07-18 18:00:00+00:00,146.55,52060.35,929.6500000000001,37.099999999999994,2101.475,2025-07-18 20:00:00+02:00,2025-07-18,20,4,7,0,966.7500000000001,3068.225,48992.125
2025-07-18 19:00:00+00:00,144.44,50188.925,1209.55,42.15,137.45,2025-07-18 21:00:00+02:00,2025-07-18,21,4,7,0,1251.7,1389.15,48799.775
2025-07-18 20:00:00+00:00,125.88,47391.05,1481.875,54.2,0.0,2025-07-18 22:00:00+02:00,2025-07-18,22,4,7,0,1536.075,1536.075,45854.975000000006
2025-07-18 21:00:00+00:00,113.48,44478.6,1684.7,65.95,0.0,2025-07-18 23:00:00+02:00,2025-07-18,23,4,7,0,1750.65,1750.65,42727.95
2025-07-18 22:00:00+00:00,107.6,41797.55,1578.275,71.275,0.0,2025-07-19 00:00:00+02:00,2025-07-19,0,5,7,1,1649.5500000000002,1649.5500000000002,40148.0
2025-07-18 23:00:00+00:00,105.35,39866.95,1756.325,96.1,0.0,2025-07-19 01:00:00+02:00,2025-07-19,1,5,7,1,1852.425,1852.425,38014.524999999994
2025-07-19 00:00:00+00:00,103.19,38824.325,2050.775,106.35,0.0,2025-07-19 02:00:00+02:00,2025-07-19,2,5,7,1,2157.125,2157.125,36667.2
2025-07-19 01:00:00+00:00,101.63,38317.625,2268.85,106.25,0.0,2025-07-19 03:00:00+02:00,2025-07-19,3,5,7,1,2375.1,2375.1,35942.525
2025-07-19 02:00:00+00:00,98.38,38306.0,2495.5,104.25,0.0,2025-07-19 04:00:00+02:00,2025-07-19,4,5,7,1,2599.75,2599.75,35706.25
2025-07-19 03:00:00+00:00,93.69,38221.575,2797.05,115.4,299.05,2025-07-19 05:00:00+02:00,2025-07-19,5,5,7,1,2912.4500000000003,3211.5000000000005,35010.075
2025-07-19 04:00:00+00:00,98.39,39200.1,3044.125,135.825,2844.0,2025-07-19 06:00:00+02:00,2025-07-19,6,5,7,1,3179.95,6023.95,33176.15
2025-07-19 05:00:00+00:00,86.89,41999.825,2978.95,154.65,9834.550000000001,2025-07-19 07:00:00+02:00,2025-07-19,7,5,7,1,3133.6,12968.150000000001,29031.674999999996
2025-07-19 06:00:00+00:00,78.89,45419.75,2394.7,183.5,20299.925,2025-07-19 08:00:00+02:00,2025-07-19,8,5,7,1,2578.2,22878.125,22541.625
2025-07-19 07:00:00+00:00,52.98,48405.425,1808.0,216.5,30422.25,2025-07-19 09:00:00+02:00,2025-07-19,9,5,7,1,2024.5,32446.75,15958.675000000003
2025-07-19 08:00:00+00:00,10.0,50073.325,1792.65,259.1,37921.025,2025-07-19 10:00:00+02:00,2025-07-19,10,5,7,1,2051.75,39972.775,10100.549999999996
2025-07-19 09:00:00+00:00,0.65,50707.325,2180.675,348.7,42592.1,2025-07-19 11:00:00+02:00,2025-07-19,11,5,7,1,2529.375,45121.475,5585.8499999999985
2025-07-19 10:00:00+00:00,0.0,50261.475,2551.85,472.925,44897.675,2025-07-19 12:00:00+02:00,2025-07-19,12,5,7,1,3024.775,47922.450000000004,2339.024999999994
2025-07-19 11:00:00+00:00,-0.01,49273.875,2819.7,597.55,44708.075000000004,2025-07-19 13:00:00+02:00,2025-07-19,13,5,7,1,3417.25,48125.325000000004,1148.5499999999956
2025-07-19 12:00:00+00:00,0.0,47776.775,3085.425,737.325,42098.75,2025-07-19 14:00:00+02:00,2025-07-19,14,5,7,1,3822.75,45921.5,1855.2750000000015
2025-07-19 13:00:00+00:00,2.08,46942.675,3522.025,893.0,37397.024999999994,2025-07-19 15:00:00+02:00,2025-07-19,15,5,7,1,4415.025,41812.049999999996,5130.625000000007
2025-07-19 14:00:00+00:00,29.33,46625.8,4089.0249999999996,1215.95,30620.075,2025-07-19 16:00:00+02:00,2025-07-19,16,5,7,1,5304.974999999999,35925.05,10700.75
2025-07-19 15:00:00+00:00,76.85,46764.425,4471.225,1459.525,22100.85,2025-07-19 17:00:00+02:00,2025-07-19,17,5,7,1,5930.75,28031.6,18732.825000000004
2025-07-19 16:00:00+00:00,98.4,47210.45,4801.85,1788.5500000000002,13125.325,2025-07-19 18:00:00+02:00,2025-07-19,18,5,7,1,6590.400000000001,19715.725000000002,27494.724999999995
2025-07-19 17:00:00+00:00,114.47,47010.675,5644.975,2147.0750000000003,5765.325,2025-07-19 19:00:00+02:00,2025-07-19,19,5,7,1,7792.050000000001,13557.375,33453.3
2025-07-19 18:00:00+00:00,112.87,46294.45,7633.95,2534.75,1718.175,2025-07-19 20:00:00+02:00,2025-07-19,20,5,7,1,10168.7,11886.875,34407.575
2025-07-19 19:00:00+00:00,108.08,45015.05,10269.675,2951.5,111.9,2025-07-19 21:00:00+02:00,2025-07-19,21,5,7,1,13221.175,13333.074999999999,31681.975000000006
2025-07-19 20:00:00+00:00,105.63,43201.875,11866.225,3363.55,0.0,2025-07-19 22:00:00+02:00,2025-07-19,22,5,7,1,15229.775000000001,15229.775000000001,27972.1
2025-07-19 21:00:00+00:00,98.07,40913.425,12174.7,3702.725,0.0,2025-07-19 23:00:00+02:00,2025-07-19,23,5,7,1,15877.425000000001,15877.425000000001,25036.0
2025-07-19 22:00:00+00:00,91.29,39311.575,12591.4,4195.05,0.0,2025-07-20 00:00:00+02:00,2025-07-20,0,6,7,1,16786.45,16786.45,22525.124999999996
2025-07-19 23:00:00+00:00,88.94,37712.9,11513.9,4126.0,0.0,2025-07-20 01:00:00+02:00,2025-07-20,1,6,7,1,15639.9,15639.9,22073.0
2025-07-20 00:00:00+00:00,89.27,36777.225,10450.9,3880.75,0.0,2025-07-20 02:00:00+02:00,2025-07-20,2,6,7,1,14331.65,14331.65,22445.574999999997
2025-07-20 01:00:00+00:00,100.41,36361.0,9522.15,3526.85,0.0,2025-07-20 03:00:00+02:00,2025-07-20,3,6,7,1,13049.0,13049.0,23312.0
2025-07-20 02:00:00+00:00,101.7,36482.75,8746.65,3126.625,0.0,2025-07-20 04:00:00+02:00,2025-07-20,4,6,7,1,11873.275,11873.275,24609.475
2025-07-20 03:00:00+00:00,98.27,37230.325,8069.875,2732.0,272.375,2025-07-20 05:00:00+02:00,2025-07-20,5,6,7,1,10801.875,11074.25,26156.074999999997
2025-07-20 04:00:00+00:00,97.2,39265.925,7215.125,2313.775,2689.3,2025-07-20 06:00:00+02:00,2025-07-20,6,6,7,1,9528.9,12218.2,27047.725000000002
2025-07-20 05:00:00+00:00,80.59,41846.675,5569.45,2017.875,8628.95,2025-07-20 07:00:00+02:00,2025-07-20,7,6,7,1,7587.325,16216.275000000001,25630.4
2025-07-20 06:00:00+00:00,77.86,44613.575,3860.65,1771.8,17082.475,2025-07-20 08:00:00+02:00,2025-07-20,8,6,7,1,5632.45,22714.925,21898.649999999998
2025-07-20 07:00:00+00:00,44.58,47069.45,2934.4249999999997,1524.175,25387.0,2025-07-20 09:00:00+02:00,2025-07-20,9,6,7,1,4458.599999999999,29845.6,17223.85
2025-07-20 08:00:00+00:00,9.04,49018.725,2764.95,1368.95,31912.975,2025-07-20 10:00:00+02:00,2025-07-20,10,6,7,1,4133.9,36046.875,12971.849999999999
2025-07-20 09:00:00+00:00,2.07,50038.825,2929.9,1201.625,36140.149999999994,2025-07-20 11:00:00+02:00,2025-07-20,11,6,7,1,4131.525,40271.674999999996,9767.150000000001
2025-07-20 10:00:00+00:00,0.0,49759.55,3072.025,1029.35,38138.05,2025-07-20 12:00:00+02:00,2025-07-20,12,6,7,1,4101.375,42239.425,7520.125
2025-07-20 11:00:00+00:00,-0.01,48741.375,2991.3,847.825,37652.725,2025-07-20 13:00:00+02:00,2025-07-20,13,6,7,1,3839.125,41491.85,7249.5250000000015
2025-07-20 12:00:00+00:00,0.0,47735.95,2736.25,741.35,35431.55,2025-07-20 14:00:00+02:00,2025-07-20,14,6,7,1,3477.6,38909.15,8826.799999999996
2025-07-20 13:00:00+00:00,9.09,46912.425,2534.775,674.0,31518.95,2025-07-20 15:00:00+02:00,2025-07-20,15,6,7,1,3208.775,34727.725,12184.700000000004
2025-07-20 14:00:00+00:00,69.33,46691.575,2618.75,641.7,25864.475,2025-07-20 16:00:00+02:00,2025-07-20,16,6,7,1,3260.45,29124.925,17566.649999999998
2025-07-20 15:00:00+00:00,92.74,47164.85,2992.8,709.975,18969.675,2025-07-20 17:00:00+02:00,2025-07-20,17,6,7,1,3702.775,22672.45,24492.399999999998
2025-07-20 16:00:00+00:00,100.26,47576.475,3167.05,830.775,11635.400000000001,2025-07-20 18:00:00+02:00,2025-07-20,18,6,7,1,3997.8250000000003,15633.225000000002,31943.249999999996
2025-07-20 17:00:00+00:00,112.0,48091.775,3652.45,988.4749999999999,5500.475,2025-07-20 19:00:00+02:00,2025-07-20,19,6,7,1,4640.924999999999,10141.4,37950.375
2025-07-20 18:00:00+00:00,116.0,47783.375,4645.35,1118.575,1690.525,2025-07-20 20:00:00+02:00,2025-07-20,20,6,7,1,5763.925,7454.450000000001,40328.925
2025-07-20 19:00:00+00:00,115.01,46755.275,5883.025,1150.575,210.775,2025-07-20 21:00:00+02:00,2025-07-20,21,6,7,1,7033.599999999999,7244.374999999999,39510.9
2025-07-20 20:00:00+00:00,114.85,45410.25,7117.975,1159.875,0.0,2025-07-20 22:00:00+02:00,2025-07-20,22,6,7,1,8277.85,8277.85,37132.4
2025-07-20 21:00:00+00:00,105.05,43194.375,7871.349999999999,1125.425,0.0,2025-07-20 23:00:00+02:00,2025-07-20,23,6,7,1,8996.775,8996.775,34197.6
2025-07-20 22:00:00+00:00,87.08,40575.899999999994,10231.125,1503.325,0.0,2025-07-21 00:00:00+02:00,2025-07-21,0,0,7,0,11734.45,11734.45,28841.449999999993
2025-07-20 23:00:00+00:00,79.73,39485.55,9893.225,1359.9,0.0,2025-07-21 01:00:00+02:00,2025-07-21,1,0,7,0,11253.125,11253.125,28232.425000000003
2025-07-21 00:00:00+00:00,83.48,39157.475,9577.025,1284.775,0.0,2025-07-21 02:00:00+02:00,2025-07-21,2,0,7,0,10861.8,10861.8,28295.675
2025-07-21 01:00:00+00:00,83.3,39408.925,9120.85,1286.475,0.0,2025-07-21 03:00:00+02:00,2025-07-21,3,0,7,0,10407.325,10407.325,29001.600000000002
2025-07-21 02:00:00+00:00,83.49,40429.625,8482.825,1335.925,0.0,2025-07-21 04:00:00+02:00,2025-07-21,4,0,7,0,9818.75,9818.75,30610.875
2025-07-21 03:00:00+00:00,96.22,43853.95,7745.175,1345.575,197.6,2025-07-21 05:00:00+02:00,2025-07-21,5,0,7,0,9090.75,9288.35,34565.6
2025-07-21 04:00:00+00:00,113.96,50722.275,6848.7,1281.45,1527.425,2025-07-21 06:00:00+02:00,2025-07-21,6,0,7,0,8130.15,9657.574999999999,41064.700000000004
2025-07-21 05:00:00+00:00,126.56,55993.075,5547.225,1189.225,4261.5,2025-07-21 07:00:00+02:00,2025-07-21,7,0,7,0,6736.450000000001,10997.95,44995.125
2025-07-21 06:00:00+00:00,123.91,59730.4,4400.15,1096.95,7595.35,2025-07-21 08:00:00+02:00,2025-07-21,8,0,7,0,5497.099999999999,13092.45,46637.95
2025-07-21 07:00:00+00:00,109.64,61459.025,3805.425,1024.2,11083.875,2025-07-21 09:00:00+02:00,2025-07-21,9,0,7,0,4829.625,15913.5,45545.525
2025-07-21 08:00:00+00:00,105.99,62668.075,3754.325,929.075,14112.45,2025-07-21 10:00:00+02:00,2025-07-21,10,0,7,0,4683.4,18795.85,43872.225
2025-07-21 09:00:00+00:00,98.88,63018.125,4112.875,802.675,16497.4,2025-07-21 11:00:00+02:00,2025-07-21,11,0,7,0,4915.55,21412.95,41605.175
2025-07-21 10:00:00+00:00,84.9,62774.375,4785.05,679.2,18296.225,2025-07-21 12:00:00+02:00,2025-07-21,12,0,7,0,5464.25,23760.475,39013.9
2025-07-21 11:00:00+00:00,81.73,61628.05,5629.15,598.475,19587.1,2025-07-21 13:00:00+02:00,2025-07-21,13,0,7,0,6227.625,25814.725,35813.325000000004
2025-07-21 12:00:00+00:00,85.79,60248.775,6552.275,598.175,20134.825,2025-07-21 14:00:00+02:00,2025-07-21,14,0,7,0,7150.45,27285.275,32963.5
2025-07-21 13:00:00+00:00,87.96,58698.875,7371.1,654.55,19638.225,2025-07-21 15:00:00+02:00,2025-07-21,15,0,7,0,8025.650000000001,27663.875,31035.0
2025-07-21 14:00:00+00:00,90.95,57665.275,7923.975,790.9,17613.075,2025-07-21 16:00:00+02:00,2025-07-21,16,0,7,0,8714.875,26327.95,31337.325
2025-07-21 15:00:00+00:00,104.3,57068.625,8055.85,986.7,14491.325,2025-07-21 17:00:00+02:00,2025-07-21,17,0,7,0,9042.550000000001,23533.875,33534.75
2025-07-21 16:00:00+00:00,105.82,57243.85,8081.65,1184.775,9921.475,2025-07-21 18:00:00+02:00,2025-07-21,18,0,7,0,9266.425,19187.9,38055.95
2025-07-21 17:00:00+00:00,119.69,57183.925,8187.4,1359.675,4978.5,2025-07-21 19:00:00+02:00,2025-07-21,19,0,7,0,9547.074999999999,14525.574999999999,42658.350000000006
2025-07-21 18:00:00+00:00,123.25,55826.275,8619.45,1431.325,1600.05,2025-07-21 20:00:00+02:00,2025-07-21,20,0,7,0,10050.775000000001,11650.825,44175.45
2025-07-21 19:00:00+00:00,120.09,53559.775,9330.55,1428.525,152.075,2025-07-21 21:00:00+02:00,2025-07-21,21,0,7,0,10759.074999999999,10911.15,42648.625
2025-07-21 20:00:00+00:00,108.76,50609.275,10040.5,1366.8,0.0,2025-07-21 22:00:00+02:00,2025-07-21,22,0,7,0,11407.3,11407.3,39201.975000000006
2025-07-21 21:00:00+00:00,100.04,47256.975,10745.475,1244.075,0.0,2025-07-21 23:00:00+02:00,2025-07-21,23,0,7,0,11989.550000000001,11989.550000000001,35267.424999999996
2025-07-21 22:00:00+00:00,92.79,44743.85,11418.0,871.775,0.0,2025-07-22 00:00:00+02:00,2025-07-22,0,1,7,0,12289.775,12289.775,32454.074999999997
2025-07-21 23:00:00+00:00,87.2,43257.975,11809.45,764.925,0.0,2025-07-22 01:00:00+02:00,2025-07-22,1,1,7,0,12574.375,12574.375,30683.6
2025-07-22 00:00:00+00:00,85.48,42248.2,12351.875,660.0,0.0,2025-07-22 02:00:00+02:00,2025-07-22,2,1,7,0,13011.875,13011.875,29236.324999999997
2025-07-22 01:00:00+00:00,82.0,42219.975,12719.875,575.4,0.0,2025-07-22 03:00:00+02:00,2025-07-22,3,1,7,0,13295.275,13295.275,28924.699999999997
2025-07-22 02:00:00+00:00,81.0,42930.65,12930.599999999999,539.325,0.0,2025-07-22 04:00:00+02:00,2025-07-22,4,1,7,0,13469.925,13469.925,29460.725000000002
2025-07-22 03:00:00+00:00,89.28,45288.225,13110.05,522.45,172.15,2025-07-22 05:00:00+02:00,2025-07-22,5,1,7,0,13632.5,13804.65,31483.574999999997
2025-07-22 04:00:00+00:00,108.8,50851.95,13393.1,540.75,2024.175,2025-07-22 06:00:00+02:00,2025-07-22,6,1,7,0,13933.85,15958.025,34893.924999999996
2025-07-22 05:00:00+00:00,109.28,55964.7,13375.825,580.375,6524.275,2025-07-22 07:00:00+02:00,2025-07-22,7,1,7,0,13956.2,20480.475,35484.225
2025-07-22 06:00:00+00:00,102.49,59005.475,13832.5,629.075,12435.5,2025-07-22 08:00:00+02:00,2025-07-22,8,1,7,0,14461.575,26897.075,32108.399999999998
2025-07-22 07:00:00+00:00,91.29,60351.65,14673.875,657.375,17980.275,2025-07-22 09:00:00+02:00,2025-07-22,9,1,7,0,15331.25,33311.525,27040.125
2025-07-22 08:00:00+00:00,81.73,61105.7,15330.525,657.075,22770.35,2025-07-22 10:00:00+02:00,2025-07-22,10,1,7,0,15987.6,38757.95,22347.75
2025-07-22 09:00:00+00:00,68.41,61624.6,16006.425,656.275,26690.199999999997,2025-07-22 11:00:00+02:00,2025-07-22,11,1,7,0,16662.7,43352.899999999994,18271.700000000004
2025-07-22 10:00:00+00:00,39.63,61327.625,16893.25,681.9250000000001,29593.075,2025-07-22 12:00:00+02:00,2025-07-22,12,1,7,0,17575.175,47168.25,14159.375
2025-07-22 11:00:00+00:00,10.0,59963.925,17947.575,781.5,30691.65,2025-07-22 13:00:00+02:00,2025-07-22,13,1,7,0,18729.075,49420.725000000006,10543.199999999997
2025-07-22 12:00:00+00:00,0.17,58536.3,19153.8,920.825,30559.975,2025-07-22 14:00:00+02:00,2025-07-22,14,1,7,0,20074.625,50634.6,7901.700000000004
2025-07-22 13:00:00+00:00,4.16,57810.925,19582.825,1005.625,28669.0,2025-07-22 15:00:00+02:00,2025-07-22,15,1,7,0,20588.45,49257.45,8553.475000000006
2025-07-22 14:00:00+00:00,36.9,57089.9,19119.425,1077.7,24871.775,2025-07-22 16:00:00+02:00,2025-07-22,16,1,7,0,20197.125,45068.9,12021.0
2025-07-22 15:00:00+00:00,75.79,56651.95,17916.075,1196.525,19547.825,2025-07-22 17:00:00+02:00,2025-07-22,17,1,7,0,19112.600000000002,38660.425,17991.524999999994
2025-07-22 16:00:00+00:00,88.98,56492.75,16123.4,1317.475,12570.6,2025-07-22 18:00:00+02:00,2025-07-22,18,1,7,0,17440.875,30011.475,26481.275
2025-07-22 17:00:00+00:00,108.57,55725.95,14357.125,1428.975,5810.425,2025-07-22 19:00:00+02:00,2025-07-22,19,1,7,0,15786.1,21596.525,34129.424999999996
2025-07-22 18:00:00+00:00,112.56,54144.025,13549.75,1510.65,1719.0,2025-07-22 20:00:00+02:00,2025-07-22,20,1,7,0,15060.4,16779.4,37364.625
2025-07-22 19:00:00+00:00,113.22,52267.225,13835.15,1586.65,97.95,2025-07-22 21:00:00+02:00,2025-07-22,21,1,7,0,15421.8,15519.75,36747.475
2025-07-22 20:00:00+00:00,108.48,49591.65,14654.025,1752.1,0.0,2025-07-22 22:00:00+02:00,2025-07-22,22,1,7,0,16406.125,16406.125,33185.525
2025-07-22 21:00:00+00:00,102.93,46529.2,15786.125,1990.8,0.0,2025-07-22 23:00:00+02:00,2025-07-22,23,1,7,0,17776.925,17776.925,28752.274999999998
2025-07-22 22:00:00+00:00,87.65,43395.3,19940.0,2710.325,0.0,2025-07-23 00:00:00+02:00,2025-07-23,0,2,7,0,22650.325,22650.325,20744.975000000002
2025-07-22 23:00:00+00:00,79.47,41901.65,20636.175,2864.8,0.0,2025-07-23 01:00:00+02:00,2025-07-23,1,2,7,0,23500.975,23500.975,18400.675000000003
2025-07-23 00:00:00+00:00,78.5,41034.45,20845.675,3004.55,0.0,2025-07-23 02:00:00+02:00,2025-07-23,2,2,7,0,23850.225,23850.225,17184.225
2025-07-23 01:00:00+00:00,76.04,41139.575,20711.95,3036.475,0.0,2025-07-23 03:00:00+02:00,2025-07-23,3,2,7,0,23748.425,23748.425,17391.149999999998
2025-07-23 02:00:00+00:00,77.69,42251.775,20370.824999999997,2952.725,0.0,2025-07-23 04:00:00+02:00,2025-07-23,4,2,7,0,23323.549999999996,23323.549999999996,18928.225000000006
2025-07-23 03:00:00+00:00,80.64,44661.55,19977.675,2857.275,131.25,2025-07-23 05:00:00+02:00,2025-07-23,5,2,7,0,22834.95,22966.2,21695.350000000002
2025-07-23 04:00:00+00:00,91.35,50033.85,20003.925,2819.625,1926.35,2025-07-23 06:00:00+02:00,2025-07-23,6,2,7,0,22823.55,24749.899999999998,25283.95
2025-07-23 05:00:00+00:00,99.87,55222.850000000006,19403.925,2736.225,6941.45,2025-07-23 07:00:00+02:00,2025-07-23,7,2,7,0,22140.149999999998,29081.6,26141.250000000007
2025-07-23 06:00:00+00:00,96.5,58689.0,19166.25,2795.275,14479.5,2025-07-23 08:00:00+02:00,2025-07-23,8,2,7,0,21961.525,36441.025,22247.975
2025-07-23 07:00:00+00:00,81.69,59943.774999999994,19607.125,2816.675,21805.0,2025-07-23 09:00:00+02:00,2025-07-23,9,2,7,0,22423.8,44228.8,15714.974999999991
2025-07-23 08:00:00+00:00,67.3,60565.45,20134.5,2740.275,27187.15,2025-07-23 10:00:00+02:00,2025-07-23,10,2,7,0,22874.775,50061.925,10503.524999999994
2025-07-23 09:00:00+00:00,53.5,61261.2,20365.325,2647.175,30782.625,2025-07-23 11:00:00+02:00,2025-07-23,11,2,7,0,23012.5,53795.125,7466.074999999997
2025-07-23 10:00:00+00:00,33.72,60704.65,20287.225,2610.9,32844.25,2025-07-23 12:00:00+02:00,2025-07-23,12,2,7,0,22898.125,55742.375,4962.2750000000015
2025-07-23 11:00:00+00:00,23.73,59672.65,19918.75,2610.725,33199.85,2025-07-23 13:00:00+02:00,2025-07-23,13,2,7,0,22529.475,55729.325,3943.3250000000044
2025-07-23 12:00:00+00:00,26.82,57955.825,19723.75,2612.45,32246.125,2025-07-23 14:00:00+02:00,2025-07-23,14,2,7,0,22336.2,54582.325,3373.5
2025-07-23 13:00:00+00:00,40.3,56698.325,18908.7,2638.475,30065.125,2025-07-23 15:00:00+02:00,2025-07-23,15,2,7,0,21547.175,51612.3,5086.024999999994
2025-07-23 14:00:00+00:00,67.81,56080.225,17398.575,2654.025,25975.35,2025-07-23 16:00:00+02:00,2025-07-23,16,2,7,0,20052.600000000002,46027.95,10052.275000000001
2025-07-23 15:00:00+00:00,78.05,55806.95,15436.375,2719.75,20244.725,2025-07-23 17:00:00+02:00,2025-07-23,17,2,7,0,18156.125,38400.85,17406.1
2025-07-23 16:00:00+00:00,86.07,55611.85,13343.1,2754.525,12804.3,2025-07-23 18:00:00+02:00,2025-07-23,18,2,7,0,16097.625,28901.925,26709.925
2025-07-23 17:00:00+00:00,105.0,55439.9,11364.75,2848.25,5656.025,2025-07-23 19:00:00+02:00,2025-07-23,19,2,7,0,14213.0,19869.025,35570.875
2025-07-23 18:00:00+00:00,112.98,53670.6,9816.75,2703.15,1603.725,2025-07-23 20:00:00+02:00,2025-07-23,20,2,7,0,12519.9,14123.625,39546.975
2025-07-23 19:00:00+00:00,119.74,51858.525,8852.375,2481.2,75.325,2025-07-23 21:00:00+02:00,2025-07-23,21,2,7,0,11333.575,11408.900000000001,40449.625
2025-07-23 20:00:00+00:00,110.54,48784.275,8095.349999999999,2263.3,0.0,2025-07-23 22:00:00+02:00,2025-07-23,22,2,7,0,10358.65,10358.65,38425.625
2025-07-23 21:00:00+00:00,103.06,45919.0,7527.25,2043.275,0.0,2025-07-23 23:00:00+02:00,2025-07-23,23,2,7,0,9570.525,9570.525,36348.475
2025-07-23 22:00:00+00:00,97.82,43281.725,6522.35,1405.1,0.0,2025-07-24 00:00:00+02:00,2025-07-24,0,3,7,0,7927.450000000001,7927.450000000001,35354.274999999994
2025-07-23 23:00:00+00:00,94.08,41768.525,6022.425,1125.35,0.0,2025-07-24 01:00:00+02:00,2025-07-24,1,3,7,0,7147.775,7147.775,34620.75
2025-07-24 00:00:00+00:00,89.29,41019.275,5696.075,943.4,0.0,2025-07-24 02:00:00+02:00,2025-07-24,2,3,7,0,6639.474999999999,6639.474999999999,34379.8
2025-07-24 01:00:00+00:00,89.29,40895.975000000006,5224.1,836.45,0.0,2025-07-24 03:00:00+02:00,2025-07-24,3,3,7,0,6060.55,6060.55,34835.425
2025-07-24 02:00:00+00:00,93.45,41702.175,4660.9,752.425,0.0,2025-07-24 04:00:00+02:00,2025-07-24,4,3,7,0,5413.325,5413.325,36288.850000000006
2025-07-24 03:00:00+00:00,102.65,44198.0,4141.475,653.675,145.3,2025-07-24 05:00:00+02:00,2025-07-24,5,3,7,0,4795.150000000001,4940.450000000001,39257.55
2025-07-24 04:00:00+00:00,112.05,49413.825,3608.4750000000004,554.5,1790.875,2025-07-24 06:00:00+02:00,2025-07-24,6,3,7,0,4162.975,5953.85,43459.975
2025-07-24 05:00:00+00:00,117.22,54434.475,2923.575,477.95,5943.575,2025-07-24 07:00:00+02:00,2025-07-24,7,3,7,0,3401.5249999999996,9345.099999999999,45089.375
2025-07-24 06:00:00+00:00,110.4,58063.275,2441.675,442.925,11768.95,2025-07-24 08:00:00+02:00,2025-07-24,8,3,7,0,2884.6000000000004,14653.550000000001,43409.725
2025-07-24 07:00:00+00:00,96.22,60211.125,2260.35,419.375,17881.975,2025-07-24 09:00:00+02:00,2025-07-24,9,3,7,0,2679.725,20561.699999999997,39649.425
2025-07-24 08:00:00+00:00,89.17,60820.775,2260.4,383.2,23095.5,2025-07-24 10:00:00+02:00,2025-07-24,10,3,7,0,2643.6,25739.1,35081.675
2025-07-24 09:00:00+00:00,84.39,61513.7,2373.8,356.5,26880.275,2025-07-24 11:00:00+02:00,2025-07-24,11,3,7,0,2730.3,29610.575,31903.124999999996
2025-07-24 10:00:00+00:00,82.17,60465.325,2531.125,338.1,29113.225,2025-07-24 12:00:00+02:00,2025-07-24,12,3,7,0,2869.225,31982.449999999997,28482.875
2025-07-24 11:00:00+00:00,80.43,59670.275,2686.0,337.725,29437.8,2025-07-24 13:00:00+02:00,2025-07-24,13,3,7,0,3023.725,32461.524999999998,27208.750000000004
2025-07-24 12:00:00+00:00,82.05,58287.7,2900.025,377.3,28607.25,2025-07-24 14:00:00+02:00,2025-07-24,14,3,7,0,3277.3250000000003,31884.575,26403.124999999996
2025-07-24 13:00:00+00:00,84.77,56965.4,2979.825,491.45,26196.3,2025-07-24 15:00:00+02:00,2025-07-24,15,3,7,0,3471.2749999999996,29667.574999999997,27297.825000000004
2025-07-24 14:00:00+00:00,93.34,56386.925,2968.725,698.9,22058.35,2025-07-24 16:00:00+02:00,2025-07-24,16,3,7,0,3667.625,25725.975,30660.950000000004
2025-07-24 15:00:00+00:00,100.6,55763.149999999994,2917.1,990.85,16846.65,2025-07-24 17:00:00+02:00,2025-07-24,17,3,7,0,3907.95,20754.600000000002,35008.54999999999
2025-07-24 16:00:00+00:00,109.2,55482.825,2783.5,1274.65,10852.075,2025-07-24 18:00:00+02:00,2025-07-24,18,3,7,0,4058.15,14910.225,40572.6
2025-07-24 17:00:00+00:00,130.0,55545.875,2542.625,1465.45,5230.175,2025-07-24 19:00:00+02:00,2025-07-24,19,3,7,0,4008.075,9238.25,46307.625
2025-07-24 18:00:00+00:00,154.16,54357.4,2400.475,1549.2,1448.5,2025-07-24 20:00:00+02:00,2025-07-24,20,3,7,0,3949.675,5398.175,48959.225
2025-07-24 19:00:00+00:00,140.64,52137.425,2327.975,1590.35,67.8,2025-07-24 21:00:00+02:00,2025-07-24,21,3,7,0,3918.325,3986.125,48151.3
2025-07-24 20:00:00+00:00,118.38,49480.4,2408.2,1647.95,0.0,2025-07-24 22:00:00+02:00,2025-07-24,22,3,7,0,4056.1499999999996,4056.1499999999996,45424.25
2025-07-24 21:00:00+00:00,109.39,46331.575,2552.225,1721.15,0.0,2025-07-24 23:00:00+02:00,2025-07-24,23,3,7,0,4273.375,4273.375,42058.2
2025-07-24 22:00:00+00:00,111.27,43778.95,2279.7250000000004,1603.475,0.0,2025-07-25 00:00:00+02:00,2025-07-25,0,4,7,0,3883.2000000000003,3883.2000000000003,39895.75
2025-07-24 23:00:00+00:00,103.67,42369.0,2439.2,1609.525,0.0,2025-07-25 01:00:00+02:00,2025-07-25,1,4,7,0,4048.725,4048.725,38320.275
2025-07-25 00:00:00+00:00,97.05,41568.525,2719.825,1615.05,0.0,2025-07-25 02:00:00+02:00,2025-07-25,2,4,7,0,4334.875,4334.875,37233.65
2025-07-25 01:00:00+00:00,92.94,41521.85,2805.525,1668.45,0.0,2025-07-25 03:00:00+02:00,2025-07-25,3,4,7,0,4473.975,4473.975,37047.875
2025-07-25 02:00:00+00:00,96.97,42365.225000000006,2803.8,1720.85,0.0,2025-07-25 04:00:00+02:00,2025-07-25,4,4,7,0,4524.65,4524.65,37840.575000000004
2025-07-25 03:00:00+00:00,98.2,44846.425,2882.075,1600.45,121.475,2025-07-25 05:00:00+02:00,2025-07-25,5,4,7,0,4482.525,4604.0,40242.425
2025-07-25 04:00:00+00:00,108.87,49681.425,2862.775,1375.2,1747.725,2025-07-25 06:00:00+02:00,2025-07-25,6,4,7,0,4237.975,5985.700000000001,43695.725000000006
2025-07-25 05:00:00+00:00,112.95,54516.775,2563.5,1252.3,5967.25,2025-07-25 07:00:00+02:00,2025-07-25,7,4,7,0,3815.8,9783.05,44733.725000000006
2025-07-25 06:00:00+00:00,110.85,57913.65,2394.5,1108.8000000000002,12323.724999999999,2025-07-25 08:00:00+02:00,2025-07-25,8,4,7,0,3503.3,15827.024999999998,42086.625
2025-07-25 07:00:00+00:00,98.2,58942.475,2574.9,960.8,18931.3,2025-07-25 09:00:00+02:00,2025-07-25,9,4,7,0,3535.7,22467.0,36475.475
2025-07-25 08:00:00+00:00,94.08,60012.8,2928.975,881.225,24278.825,2025-07-25 10:00:00+02:00,2025-07-25,10,4,7,0,3810.2,28089.025,31923.775
2025-07-25 09:00:00+00:00,85.15,60303.325,3219.225,848.225,27862.45,2025-07-25 11:00:00+02:00,2025-07-25,11,4,7,0,4067.45,31929.9,28373.424999999996
2025-07-25 10:00:00+00:00,83.09,59378.525,3495.625,822.9000000000001,29995.675,2025-07-25 12:00:00+02:00,2025-07-25,12,4,7,0,4318.525,34314.2,25064.325000000004
2025-07-25 11:00:00+00:00,78.7,58164.9,3842.3,791.375,30904.175,2025-07-25 13:00:00+02:00,2025-07-25,13,4,7,0,4633.675,35537.85,22627.050000000003
2025-07-25 12:00:00+00:00,76.31,56270.3,4350.575,764.575,29846.35,2025-07-25 14:00:00+02:00,2025-07-25,14,4,7,0,5115.15,34961.5,21308.800000000003
2025-07-25 13:00:00+00:00,79.27,55260.125,4884.825,808.375,27875.975,2025-07-25 15:00:00+02:00,2025-07-25,15,4,7,0,5693.2,33569.174999999996,21690.950000000004
2025-07-25 14:00:00+00:00,81.09,54544.225,5375.6,900.65,24228.375,2025-07-25 16:00:00+02:00,2025-07-25,16,4,7,0,6276.25,30504.625,24039.6
2025-07-25 15:00:00+00:00,84.02,54110.6,5688.275,997.6,18674.275,2025-07-25 17:00:00+02:00,2025-07-25,17,4,7,0,6685.875,25360.15,28750.449999999997
2025-07-25 16:00:00+00:00,90.45,54118.5,5746.45,1045.25,11923.675,2025-07-25 18:00:00+02:00,2025-07-25,18,4,7,0,6791.7,18715.375,35403.125
2025-07-25 17:00:00+00:00,101.81,53755.65,5543.125,1025.625,5596.675,2025-07-25 19:00:00+02:00,2025-07-25,19,4,7,0,6568.75,12165.425,41590.225000000006
2025-07-25 18:00:00+00:00,109.28,52321.55,5225.075,937.8,1551.65,2025-07-25 20:00:00+02:00,2025-07-25,20,4,7,0,6162.875,7714.525,44607.025
2025-07-25 19:00:00+00:00,121.21,50291.525,4930.275,798.675,73.625,2025-07-25 21:00:00+02:00,2025-07-25,21,4,7,0,5728.95,5802.575,44488.950000000004
2025-07-25 20:00:00+00:00,112.6,47436.375,4839.75,664.15,0.0,2025-07-25 22:00:00+02:00,2025-07-25,22,4,7,0,5503.9,5503.9,41932.475
2025-07-25 21:00:00+00:00,110.25,44356.425,4849.875,607.825,0.0,2025-07-25 23:00:00+02:00,2025-07-25,23,4,7,0,5457.7,5457.7,38898.725000000006
2025-07-25 22:00:00+00:00,106.76,41490.575,4367.675,700.0,0.0,2025-07-26 00:00:00+02:00,2025-07-26,0,5,7,1,5067.675,5067.675,36422.899999999994
2025-07-25 23:00:00+00:00,100.7,39506.3,3994.375,899.925,0.0,2025-07-26 01:00:00+02:00,2025-07-26,1,5,7,1,4894.3,4894.3,34612.0
2025-07-26 00:00:00+00:00,97.73,38399.075,3696.675,1144.575,0.0,2025-07-26 02:00:00+02:00,2025-07-26,2,5,7,1,4841.25,4841.25,33557.825
2025-07-26 01:00:00+00:00,96.65,37936.6,3450.7,1302.55,0.0,2025-07-26 03:00:00+02:00,2025-07-26,3,5,7,1,4753.25,4753.25,33183.35
2025-07-26 02:00:00+00:00,96.45,37998.075,3210.9750000000004,1353.225,0.0,2025-07-26 04:00:00+02:00,2025-07-26,4,5,7,1,4564.200000000001,4564.200000000001,33433.875
2025-07-26 03:00:00+00:00,94.89,38177.375,2921.9,1271.825,114.825,2025-07-26 05:00:00+02:00,2025-07-26,5,5,7,1,4193.725,4308.55,33868.825
2025-07-26 04:00:00+00:00,97.13,39502.875,2548.175,1078.8,1776.55,2025-07-26 06:00:00+02:00,2025-07-26,6,5,7,1,3626.9750000000004,5403.525000000001,34099.35
2025-07-26 05:00:00+00:00,96.1,42159.2,2017.3,823.625,6282.4,2025-07-26 07:00:00+02:00,2025-07-26,7,5,7,1,2840.925,9123.325,33035.875
2025-07-26 06:00:00+00:00,87.96,45551.75,1632.2,592.45,12878.05,2025-07-26 08:00:00+02:00,2025-07-26,8,5,7,1,2224.65,15102.699999999999,30449.050000000003
2025-07-26 07:00:00+00:00,85.85,48129.625,1475.6,432.375,19358.15,2025-07-26 09:00:00+02:00,2025-07-26,9,5,7,1,1907.975,21266.125,26863.5
2025-07-26 08:00:00+00:00,79.59,49471.625,1355.75,343.475,24335.35,2025-07-26 10:00:00+02:00,2025-07-26,10,5,7,1,1699.225,26034.574999999997,23437.050000000003
2025-07-26 09:00:00+00:00,75.2,49960.1,1282.975,322.8,27819.625,2025-07-26 11:00:00+02:00,2025-07-26,11,5,7,1,1605.7749999999999,29425.4,20534.699999999997
2025-07-26 10:00:00+00:00,66.42,49543.85,1388.875,366.125,30165.225,2025-07-26 12:00:00+02:00,2025-07-26,12,5,7,1,1755.0,31920.225,17623.625
2025-07-26 11:00:00+00:00,49.87,48300.125,1650.65,464.85,30917.375,2025-07-26 13:00:00+02:00,2025-07-26,13,5,7,1,2115.5,33032.875,15267.25
2025-07-26 12:00:00+00:00,50.09,46796.275,2001.35,592.775,30057.8,2025-07-26 14:00:00+02:00,2025-07-26,14,5,7,1,2594.125,32651.925,14144.350000000002
2025-07-26 13:00:00+00:00,68.07,46032.1,2287.525,709.425,27571.3,2025-07-26 15:00:00+02:00,2025-07-26,15,5,7,1,2996.95,30568.25,15463.849999999999
2025-07-26 14:00:00+00:00,74.81,46100.275,2534.375,781.025,23383.2,2025-07-26 16:00:00+02:00,2025-07-26,16,5,7,1,3315.4,26698.600000000002,19401.675
2025-07-26 15:00:00+00:00,84.2,46818.575,2627.0,800.3,17732.725,2025-07-26 17:00:00+02:00,2025-07-26,17,5,7,1,3427.3,21160.024999999998,25658.55
2025-07-26 16:00:00+00:00,98.2,47479.375,2423.375,779.4,10941.375,2025-07-26 18:00:00+02:00,2025-07-26,18,5,7,1,3202.775,14144.15,33335.225
2025-07-26 17:00:00+00:00,106.6,47143.375,2068.625,741.875,4960.275,2025-07-26 19:00:00+02:00,2025-07-26,19,5,7,1,2810.5,7770.775,39372.6
2025-07-26 18:00:00+00:00,121.95,46376.65,1757.625,680.375,1321.675,2025-07-26 20:00:00+02:00,2025-07-26,20,5,7,1,2438.0,3759.675,42616.975
2025-07-26 19:00:00+00:00,127.07,44930.600000000006,1524.0,651.525,58.15,2025-07-26 21:00:00+02:00,2025-07-26,21,5,7,1,2175.525,2233.675,42696.925
2025-07-26 20:00:00+00:00,116.72,43137.825,1427.675,656.225,0.0,2025-07-26 22:00:00+02:00,2025-07-26,22,5,7,1,2083.9,2083.9,41053.924999999996
2025-07-26 21:00:00+00:00,108.8,40851.675,1413.95,683.95,0.0,2025-07-26 23:00:00+02:00,2025-07-26,23,5,7,1,2097.9,2097.9,38753.775
2025-07-26 22:00:00+00:00,104.64,39499.375,1132.6750000000002,578.65,0.0,2025-07-27 00:00:00+02:00,2025-07-27,0,6,7,1,1711.3250000000003,1711.3250000000003,37788.05
2025-07-26 23:00:00+00:00,99.47,37836.0,1240.675,708.725,0.0,2025-07-27 01:00:00+02:00,2025-07-27,1,6,7,1,1949.4,1949.4,35886.6
2025-07-27 00:00:00+00:00,95.01,37005.725,1510.525,882.025,0.0,2025-07-27 02:00:00+02:00,2025-07-27,2,6,7,1,2392.55,2392.55,34613.174999999996
2025-07-27 01:00:00+00:00,92.07,36619.625,1702.375,1095.9,0.0,2025-07-27 03:00:00+02:00,2025-07-27,3,6,7,1,2798.275,2798.275,33821.35
2025-07-27 02:00:00+00:00,91.99,36643.675,1809.15,1346.525,0.0,2025-07-27 04:00:00+02:00,2025-07-27,4,6,7,1,3155.675,3155.675,33488.0
2025-07-27 03:00:00+00:00,89.88,37238.725,1907.35,1517.975,105.1,2025-07-27 05:00:00+02:00,2025-07-27,5,6,7,1,3425.325,3530.4249999999997,33708.299999999996
2025-07-27 04:00:00+00:00,88.79,38434.425,2069.1,1492.925,1523.175,2025-07-27 06:00:00+02:00,2025-07-27,6,6,7,1,3562.0249999999996,5085.2,33349.225000000006
2025-07-27 05:00:00+00:00,86.58,40869.2,2149.1000000000004,1302.35,5286.675,2025-07-27 07:00:00+02:00,2025-07-27,7,6,7,1,3451.4500000000003,8738.125,32131.074999999997
2025-07-27 06:00:00+00:00,83.76,43951.8,2024.0500000000002,1081.925,10994.525,2025-07-27 08:00:00+02:00,2025-07-27,8,6,7,1,3105.9750000000004,14100.5,29851.300000000003
2025-07-27 07:00:00+00:00,81.71,46406.45,1894.125,887.4,17182.3,2025-07-27 09:00:00+02:00,2025-07-27,9,6,7,1,2781.525,19963.825,26442.624999999996
2025-07-27 08:00:00+00:00,75.91,48153.475,1952.025,724.325,22271.625,2025-07-27 10:00:00+02:00,2025-07-27,10,6,7,1,2676.3500000000004,24947.975,23205.5
2025-07-27 09:00:00+00:00,70.52,48749.450000000004,2232.8,617.8,25619.3,2025-07-27 11:00:00+02:00,2025-07-27,11,6,7,1,2850.6000000000004,28469.9,20279.550000000003
2025-07-27 10:00:00+00:00,45.93,48641.8,2714.3,555.25,27979.85,2025-07-27 12:00:00+02:00,2025-07-27,12,6,7,1,3269.55,31249.399999999998,17392.400000000005
2025-07-27 11:00:00+00:00,15.04,47870.65,3364.125,535.975,28816.75,2025-07-27 13:00:00+02:00,2025-07-27,13,6,7,1,3900.1,32716.85,15153.800000000003
2025-07-27 12:00:00+00:00,8.85,46533.725,4196.875,571.0,27739.475,2025-07-27 14:00:00+02:00,2025-07-27,14,6,7,1,4767.875,32507.35,14026.375
2025-07-27 13:00:00+00:00,17.3,45909.1,5046.4,677.75,25282.45,2025-07-27 15:00:00+02:00,2025-07-27,15,6,7,1,5724.15,31006.6,14902.5
2025-07-27 14:00:00+00:00,45.74,45885.55,5846.825,801.4,20884.525,2025-07-27 16:00:00+02:00,2025-07-27,16,6,7,1,6648.224999999999,27532.75,18352.800000000003
2025-07-27 15:00:00+00:00,82.36,46656.925,6428.475,920.35,15620.75,2025-07-27 17:00:00+02:00,2025-07-27,17,6,7,1,7348.825000000001,22969.575,23687.350000000002
2025-07-27 16:00:00+00:00,95.66,47432.85,6654.2,1006.9,9689.425,2025-07-27 18:00:00+02:00,2025-07-27,18,6,7,1,7661.099999999999,17350.524999999998,30082.325
2025-07-27 17:00:00+00:00,102.47,47768.95,6578.175,1023.025,4532.175,2025-07-27 19:00:00+02:00,2025-07-27,19,6,7,1,7601.2,12133.375,35635.575
2025-07-27 18:00:00+00:00,107.95,47404.275,6348.95,1020.775,1176.25,2025-07-27 20:00:00+02:00,2025-07-27,20,6,7,1,7369.724999999999,8545.974999999999,38858.3
2025-07-27 19:00:00+00:00,114.71,46713.5,6058.175,1024.6,58.15,2025-07-27 21:00:00+02:00,2025-07-27,21,6,7,1,7082.775,7140.924999999999,39572.575
2025-07-27 20:00:00+00:00,107.33,45114.825,6076.825,1039.425,0.0,2025-07-27 22:00:00+02:00,2025-07-27,22,6,7,1,7116.25,7116.25,37998.575
2025-07-27 21:00:00+00:00,102.69,42914.0,6282.275,1118.4,0.0,2025-07-27 23:00:00+02:00,2025-07-27,23,6,7,1,7400.674999999999,7400.674999999999,35513.325
2025-07-27 22:00:00+00:00,100.0,40455.325,5773.175,867.2,0.0,2025-07-28 00:00:00+02:00,2025-07-28,0,0,7,0,6640.375,6640.375,33814.95
2025-07-27 23:00:00+00:00,88.77,39239.95,6405.825,1028.9,0.0,2025-07-28 01:00:00+02:00,2025-07-28,1,0,7,0,7434.725,7434.725,31805.225
2025-07-28 00:00:00+00:00,83.5,38781.5,7284.575,1181.025,0.0,2025-07-28 02:00:00+02:00,2025-07-28,2,0,7,0,8465.6,8465.6,30315.9
2025-07-28 01:00:00+00:00,79.67,39067.35,8012.725,1343.575,0.0,2025-07-28 03:00:00+02:00,2025-07-28,3,0,7,0,9356.300000000001,9356.300000000001,29711.049999999996
2025-07-28 02:00:00+00:00,79.51,40328.6,8440.35,1489.525,0.0,2025-07-28 04:00:00+02:00,2025-07-28,4,0,7,0,9929.875,9929.875,30398.725
2025-07-28 03:00:00+00:00,89.52,43874.65,8571.375,1577.45,99.275,2025-07-28 05:00:00+02:00,2025-07-28,5,0,7,0,10148.825,10248.1,33626.55
2025-07-28 04:00:00+00:00,108.88,50052.3,8559.725,1604.3,1240.025,2025-07-28 06:00:00+02:00,2025-07-28,6,0,7,0,10164.025,11404.05,38648.25
2025-07-28 05:00:00+00:00,121.97,55615.525,8188.2,1537.0,4212.175,2025-07-28 07:00:00+02:00,2025-07-28,7,0,7,0,9725.2,13937.375,41678.15
2025-07-28 06:00:00+00:00,118.37,59489.05,7859.6,1355.05,8841.0,2025-07-28 08:00:00+02:00,2025-07-28,8,0,7,0,9214.65,18055.65,41433.4
2025-07-28 07:00:00+00:00,105.45,61419.925,8131.8,1143.4,14062.1,2025-07-28 09:00:00+02:00,2025-07-28,9,0,7,0,9275.2,23337.300000000003,38082.625
2025-07-28 08:00:00+00:00,97.25,62576.4,8734.875,1002.375,18772.975,2025-07-28 10:00:00+02:00,2025-07-28,10,0,7,0,9737.25,28510.225,34066.175
2025-07-28 09:00:00+00:00,90.96,62911.675,9402.625,1011.4,22309.225,2025-07-28 11:00:00+02:00,2025-07-28,11,0,7,0,10414.025,32723.25,30188.425000000003
2025-07-28 10:00:00+00:00,81.79,62663.45,10405.575,1120.575,24403.949999999997,2025-07-28 12:00:00+02:00,2025-07-28,12,0,7,0,11526.150000000001,35930.1,26733.35
2025-07-28 11:00:00+00:00,77.52,61561.25,11735.175,1242.875,25125.8,2025-07-28 13:00:00+02:00,2025-07-28,13,0,7,0,12978.05,38103.85,23457.4
2025-07-28 12:00:00+00:00,68.33,59888.0,13122.25,1409.575,24828.6,2025-07-28 14:00:00+02:00,2025-07-28,14,0,7,0,14531.825,39360.425,20527.574999999997
2025-07-28 13:00:00+00:00,73.97,58284.3,14104.225,1639.25,23615.275,2025-07-28 15:00:00+02:00,2025-07-28,15,0,7,0,15743.475,39358.75,18925.550000000003
2025-07-28 14:00:00+00:00,77.28,57073.975,14671.95,1898.8,20742.075,2025-07-28 16:00:00+02:00,2025-07-28,16,0,7,0,16570.75,37312.825,19761.15
2025-07-28 15:00:00+00:00,88.12,56771.85,14748.55,2171.625,16438.575,2025-07-28 17:00:00+02:00,2025-07-28,17,0,7,0,16920.175,33358.75,23413.1
2025-07-28 16:00:00+00:00,97.2,56916.45,14031.75,2484.075,10533.95,2025-07-28 18:00:00+02:00,2025-07-28,18,0,7,0,16515.825,27049.775,29866.674999999996
2025-07-28 17:00:00+00:00,103.59,56655.875,12569.9,2735.25,4938.425,2025-07-28 19:00:00+02:00,2025-07-28,19,0,7,0,15305.15,20243.575,36412.3
2025-07-28 18:00:00+00:00,114.14,55174.8,11688.95,2855.075,1315.325,2025-07-28 20:00:00+02:00,2025-07-28,20,0,7,0,14544.025000000001,15859.350000000002,39315.45
2025-07-28 19:00:00+00:00,114.34,53089.875,11592.725,2951.1,76.45,2025-07-28 21:00:00+02:00,2025-07-28,21,0,7,0,14543.825,14620.275000000001,38469.6
2025-07-28 20:00:00+00:00,105.26,50172.975,11762.025,3030.175,0.0,2025-07-28 22:00:00+02:00,2025-07-28,22,0,7,0,14792.2,14792.2,35380.774999999994
2025-07-28 21:00:00+00:00,92.43,46955.9,12129.075,3141.675,0.0,2025-07-28 23:00:00+02:00,2025-07-28,23,0,7,0,15270.75,15270.75,31685.15
2025-07-28 22:00:00+00:00,87.51,43891.475,13226.375,3677.1,0.0,2025-07-29 00:00:00+02:00,2025-07-29,0,1,7,0,16903.475,16903.475,26988.0
2025-07-28 23:00:00+00:00,84.1,42207.325,13312.275,3723.3,0.0,2025-07-29 01:00:00+02:00,2025-07-29,1,1,7,0,17035.575,17035.575,25171.749999999996
2025-07-29 00:00:00+00:00,82.9,41281.25,13313.775,3768.175,0.0,2025-07-29 02:00:00+02:00,2025-07-29,2,1,7,0,17081.95,17081.95,24199.3
2025-07-29 01:00:00+00:00,82.1,41304.825,12899.925,3941.175,0.0,2025-07-29 03:00:00+02:00,2025-07-29,3,1,7,0,16841.1,16841.1,24463.725
2025-07-29 02:00:00+00:00,83.89,42133.725000000006,12180.425,4217.950000000001,0.0,2025-07-29 04:00:00+02:00,2025-07-29,4,1,7,0,16398.375,16398.375,25735.350000000006
2025-07-29 03:00:00+00:00,92.88,44787.275,11404.275,4514.05,104.2,2025-07-29 05:00:00+02:00,2025-07-29,5,1,7,0,15918.325,16022.525000000001,28764.75
2025-07-29 04:00:00+00:00,101.07,49889.575,10543.05,4727.025,1718.15,2025-07-29 06:00:00+02:00,2025-07-29,6,1,7,0,15270.074999999999,16988.225,32901.35
2025-07-29 05:00:00+00:00,109.25,55114.125,9373.650000000001,4786.525,6292.175,2025-07-29 07:00:00+02:00,2025-07-29,7,1,7,0,14160.175000000001,20452.350000000002,34661.774999999994
2025-07-29 06:00:00+00:00,99.02,58466.675,8892.55,4624.65,13266.825,2025-07-29 08:00:00+02:00,2025-07-29,8,1,7,0,13517.199999999999,26784.025,31682.65
2025-07-29 07:00:00+00:00,80.2,59900.5,8982.95,4180.95,20739.75,2025-07-29 09:00:00+02:00,2025-07-29,9,1,7,0,13163.900000000001,33903.65,25996.85
2025-07-29 08:00:00+00:00,66.37,60754.95,9344.075,3826.675,27449.725,2025-07-29 10:00:00+02:00,2025-07-29,10,1,7,0,13170.75,40620.475,20134.475
2025-07-29 09:00:00+00:00,54.0,61359.9,9898.175,3574.0,32216.675000000003,2025-07-29 11:00:00+02:00,2025-07-29,11,1,7,0,13472.175,45688.850000000006,15671.049999999996
2025-07-29 10:00:00+00:00,25.6,60836.425,10558.05,3455.625,35037.225,2025-07-29 12:00:00+02:00,2025-07-29,12,1,7,0,14013.675,49050.899999999994,11785.525000000009
2025-07-29 11:00:00+00:00,4.34,59543.025,11244.175,3396.625,35946.625,2025-07-29 13:00:00+02:00,2025-07-29,13,1,7,0,14640.8,50587.425,8955.599999999999
2025-07-29 12:00:00+00:00,1.07,58242.275,12032.925,3388.2,35157.975,2025-07-29 14:00:00+02:00,2025-07-29,14,1,7,0,15421.125,50579.1,7663.175000000003
2025-07-29 13:00:00+00:00,6.2,57938.25,12201.550000000001,3401.8500000000004,32662.275,2025-07-29 15:00:00+02:00,2025-07-29,15,1,7,0,15603.400000000001,48265.675,9672.574999999997
2025-07-29 14:00:00+00:00,44.41,57192.7,11875.125,3622.2000000000003,27949.55,2025-07-29 16:00:00+02:00,2025-07-29,16,1,7,0,15497.325,43446.875,13745.824999999997
2025-07-29 15:00:00+00:00,78.24,57012.8,11163.725,3862.0,21235.6,2025-07-29 17:00:00+02:00,2025-07-29,17,1,7,0,15025.725,36261.325,20751.475000000006
2025-07-29 16:00:00+00:00,94.81,56841.05,9907.95,4128.3,12947.225,2025-07-29 18:00:00+02:00,2025-07-29,18,1,7,0,14036.25,26983.475,29857.575000000004
2025-07-29 17:00:00+00:00,105.32,55712.65,8294.1,4305.075,5405.025,2025-07-29 19:00:00+02:00,2025-07-29,19,1,7,0,12599.175,18004.199999999997,37708.450000000004
2025-07-29 18:00:00+00:00,123.56,54059.675,7029.025,4306.875,1316.925,2025-07-29 20:00:00+02:00,2025-07-29,20,1,7,0,11335.9,12652.824999999999,41406.850000000006
2025-07-29 19:00:00+00:00,126.01,52046.6,6505.275,4278.25,43.1,2025-07-29 21:00:00+02:00,2025-07-29,21,1,7,0,10783.525,10826.625,41219.975
2025-07-29 20:00:00+00:00,111.94,49454.174999999996,6515.75,4223.4,0.0,2025-07-29 22:00:00+02:00,2025-07-29,22,1,7,0,10739.15,10739.15,38715.024999999994
2025-07-29 21:00:00+00:00,102.07,46414.600000000006,6821.599999999999,4209.725,0.0,2025-07-29 23:00:00+02:00,2025-07-29,23,1,7,0,11031.325,11031.325,35383.27500000001
2025-07-29 22:00:00+00:00,94.92,43137.975,7628.325,4482.825,0.0,2025-07-30 00:00:00+02:00,2025-07-30,0,2,7,0,12111.15,12111.15,31026.824999999997
2025-07-29 23:00:00+00:00,90.88,41672.825,8002.575,4512.05,0.0,2025-07-30 01:00:00+02:00,2025-07-30,1,2,7,0,12514.625,12514.625,29158.199999999997
2025-07-30 00:00:00+00:00,86.93,40825.775,8543.275,4627.25,0.0,2025-07-30 02:00:00+02:00,2025-07-30,2,2,7,0,13170.525,13170.525,27655.25
2025-07-30 01:00:00+00:00,83.24,41029.475,8997.225,4811.125,0.0,2025-07-30 03:00:00+02:00,2025-07-30,3,2,7,0,13808.35,13808.35,27221.125
2025-07-30 02:00:00+00:00,84.89,42100.6,9305.55,4878.375,0.0,2025-07-30 04:00:00+02:00,2025-07-30,4,2,7,0,14183.925,14183.925,27916.675
2025-07-30 03:00:00+00:00,94.72,44534.75,9512.675,4894.45,108.025,2025-07-30 05:00:00+02:00,2025-07-30,5,2,7,0,14407.125,14515.15,30019.6
2025-07-30 04:00:00+00:00,100.38,49599.225,9717.325,4890.15,1681.85,2025-07-30 06:00:00+02:00,2025-07-30,6,2,7,0,14607.475,16289.325,33309.899999999994
2025-07-30 05:00:00+00:00,97.47,54653.375,9205.0,4857.1,6460.575,2025-07-30 07:00:00+02:00,2025-07-30,7,2,7,0,14062.1,20522.675,34130.7
2025-07-30 06:00:00+00:00,93.88,57894.625,8761.9,4727.8,13544.7,2025-07-30 08:00:00+02:00,2025-07-30,8,2,7,0,13489.7,27034.4,30860.225
2025-07-30 07:00:00+00:00,79.02,58962.075,9320.35,4483.15,20315.925,2025-07-30 09:00:00+02:00,2025-07-30,9,2,7,0,13803.5,34119.425,24842.649999999994
2025-07-30 08:00:00+00:00,63.29,59652.9,10346.525000000001,4301.475,24711.325,2025-07-30 10:00:00+02:00,2025-07-30,10,2,7,0,14648.000000000002,39359.325000000004,20293.574999999997
2025-07-30 09:00:00+00:00,40.43,60102.55,11314.825,4072.125,27024.975,2025-07-30 11:00:00+02:00,2025-07-30,11,2,7,0,15386.95,42411.925,17690.625
2025-07-30 10:00:00+00:00,24.79,59521.85,12451.775000000001,3930.85,28193.35,2025-07-30 12:00:00+02:00,2025-07-30,12,2,7,0,16382.625000000002,44575.975,14945.875
2025-07-30 11:00:00+00:00,17.69,58327.05,13648.325,3834.15,28303.225,2025-07-30 13:00:00+02:00,2025-07-30,13,2,7,0,17482.475000000002,45785.7,12541.350000000006
2025-07-30 12:00:00+00:00,10.7,56818.925,15056.575,3741.4,27422.775,2025-07-30 14:00:00+02:00,2025-07-30,14,2,7,0,18797.975000000002,46220.75,10598.175000000003
2025-07-30 13:00:00+00:00,28.03,55964.3,16092.8,3680.475,25325.55,2025-07-30 15:00:00+02:00,2025-07-30,15,2,7,0,19773.274999999998,45098.825,10865.475000000006
2025-07-30 14:00:00+00:00,45.61,55425.125,16522.1,3789.225,21636.325,2025-07-30 16:00:00+02:00,2025-07-30,16,2,7,0,20311.324999999997,41947.649999999994,13477.475000000006
2025-07-30 15:00:00+00:00,75.68,55594.25,16182.625,3953.675,16657.575,2025-07-30 17:00:00+02:00,2025-07-30,17,2,7,0,20136.3,36793.875,18800.375
2025-07-30 16:00:00+00:00,93.97,55650.425,15296.075,4086.125,10514.55,2025-07-30 18:00:00+02:00,2025-07-30,18,2,7,0,19382.2,29896.75,25753.675000000003
2025-07-30 17:00:00+00:00,101.86,55304.875,14039.725,4187.9,4726.9,2025-07-30 19:00:00+02:00,2025-07-30,19,2,7,0,18227.625,22954.525,32350.35
2025-07-30 18:00:00+00:00,109.07,53525.825,13224.475,4318.725,1128.6499999999999,2025-07-30 20:00:00+02:00,2025-07-30,20,2,7,0,17543.2,18671.850000000002,34853.97499999999
2025-07-30 19:00:00+00:00,109.0,51596.775,12957.625,4520.85,37.525,2025-07-30 21:00:00+02:00,2025-07-30,21,2,7,0,17478.475,17516.0,34080.775
2025-07-30 20:00:00+00:00,104.0,48418.4,12981.65,4580.425,0.0,2025-07-30 22:00:00+02:00,2025-07-30,22,2,7,0,17562.075,17562.075,30856.325
2025-07-30 21:00:00+00:00,92.41,45626.25,13566.85,4588.85,0.0,2025-07-30 23:00:00+02:00,2025-07-30,23,2,7,0,18155.7,18155.7,27470.55
2025-07-30 22:00:00+00:00,88.93,42158.275,13903.275,4991.5,0.0,2025-07-31 00:00:00+02:00,2025-07-31,0,3,7,0,18894.775,18894.775,23263.5
2025-07-30 23:00:00+00:00,82.11,40676.024999999994,14509.6,5018.25,0.0,2025-07-31 01:00:00+02:00,2025-07-31,1,3,7,0,19527.85,19527.85,21148.174999999996
2025-07-31 00:00:00+00:00,79.0,39676.825,15033.75,5064.9,0.0,2025-07-31 02:00:00+02:00,2025-07-31,2,3,7,0,20098.65,20098.65,19578.174999999996
2025-07-31 01:00:00+00:00,77.27,39558.225,15388.025,5059.875,0.0,2025-07-31 03:00:00+02:00,2025-07-31,3,3,7,0,20447.9,20447.9,19110.324999999997
2025-07-31 02:00:00+00:00,78.51,40558.1,15497.025,5066.4,0.0,2025-07-31 04:00:00+02:00,2025-07-31,4,3,7,0,20563.425,20563.425,19994.675
2025-07-31 03:00:00+00:00,85.43,44074.3,15392.05,5039.325,57.525000000000006,2025-07-31 05:00:00+02:00,2025-07-31,5,3,7,0,20431.375,20488.9,23585.4
2025-07-31 04:00:00+00:00,98.14,49463.15,15292.675,4923.35,1318.9499999999998,2025-07-31 06:00:00+02:00,2025-07-31,6,3,7,0,20216.025,21534.975000000002,27928.175
2025-07-31 05:00:00+00:00,100.46,54821.175,14489.75,4722.7,5100.5,2025-07-31 07:00:00+02:00,2025-07-31,7,3,7,0,19212.45,24312.95,30508.225000000002
2025-07-31 06:00:00+00:00,94.09,58057.85,13785.375,4460.85,10615.75,2025-07-31 08:00:00+02:00,2025-07-31,8,3,7,0,18246.225,28861.975,29195.875
2025-07-31 07:00:00+00:00,88.91,60273.35,13894.3,4189.775,15968.5,2025-07-31 09:00:00+02:00,2025-07-31,9,3,7,0,18084.074999999997,34052.575,26220.775
2025-07-31 08:00:00+00:00,74.17,61902.125,14405.075,3839.475,20214.45,2025-07-31 10:00:00+02:00,2025-07-31,10,3,7,0,18244.55,38459.0,23443.125
2025-07-31 09:00:00+00:00,70.04,62773.3,14983.675,3593.05,23202.075,2025-07-31 11:00:00+02:00,2025-07-31,11,3,7,0,18576.725,41778.8,20994.5
2025-07-31 10:00:00+00:00,61.15,61916.35,15634.675,3395.8,24822.675,2025-07-31 12:00:00+02:00,2025-07-31,12,3,7,0,19030.475,43853.149999999994,18063.200000000004
2025-07-31 11:00:00+00:00,48.05,60709.325,16467.0,3226.85,25291.625,2025-07-31 13:00:00+02:00,2025-07-31,13,3,7,0,19693.85,44985.475,15723.849999999999
2025-07-31 12:00:00+00:00,35.06,59092.525,17525.75,3039.975,24620.8,2025-07-31 14:00:00+02:00,2025-07-31,14,3,7,0,20565.725,45186.524999999994,13906.000000000007
2025-07-31 13:00:00+00:00,55.07,58031.35,17845.6,2767.05,22977.625,2025-07-31 15:00:00+02:00,2025-07-31,15,3,7,0,20612.649999999998,43590.274999999994,14441.075000000004
2025-07-31 14:00:00+00:00,72.43,57547.575,17356.525,2530.175,19910.675,2025-07-31 16:00:00+02:00,2025-07-31,16,3,7,0,19886.7,39797.375,17750.199999999997
2025-07-31 15:00:00+00:00,84.56,56861.725,16177.325,2375.95,15238.825,2025-07-31 17:00:00+02:00,2025-07-31,17,3,7,0,18553.275,33792.100000000006,23069.624999999993
2025-07-31 16:00:00+00:00,96.9,56332.85,14342.45,2252.95,9583.7,2025-07-31 18:00:00+02:00,2025-07-31,18,3,7,0,16595.4,26179.100000000002,30153.749999999996
2025-07-31 17:00:00+00:00,111.92,56371.6,12345.675,2083.2,4288.575,2025-07-31 19:00:00+02:00,2025-07-31,19,3,7,0,14428.875,18717.45,37654.149999999994
2025-07-31 18:00:00+00:00,128.27,54973.5,11260.15,1959.8,964.9000000000001,2025-07-31 20:00:00+02:00,2025-07-31,20,3,7,0,13219.949999999999,14184.849999999999,40788.65
2025-07-31 19:00:00+00:00,125.11,52455.975,10814.8,1850.65,23.55,2025-07-31 21:00:00+02:00,2025-07-31,21,3,7,0,12665.449999999999,12688.999999999998,39766.975
2025-07-31 20:00:00+00:00,114.16,49298.7,10592.150000000001,1725.65,0.0,2025-07-31 22:00:00+02:00,2025-07-31,22,3,7,0,12317.800000000001,12317.800000000001,36980.899999999994
2025-07-31 21:00:00+00:00,102.79,46133.0,10495.625,1664.95,0.0,2025-07-31 23:00:00+02:00,2025-07-31,23,3,7,0,12160.575,12160.575,33972.425
2025-07-31 22:00:00+00:00,105.31,43548.825,8107.425,1360.0,0.0,2025-08-01 00:00:00+02:00,2025-08-01,0,4,8,0,9467.425,9467.425,34081.399999999994
2025-07-31 23:00:00+00:00,98.54,42158.8,8038.4,1375.925,0.0,2025-08-01 01:00:00+02:00,2025-08-01,1,4,8,0,9414.324999999999,9414.324999999999,32744.475000000006
2025-08-01 00:00:00+00:00,92.15,41258.175,8171.425,1412.15,0.0,2025-08-01 02:00:00+02:00,2025-08-01,2,4,8,0,9583.575,9583.575,31674.600000000002
2025-08-01 01:00:00+00:00,89.17,41310.3,8066.475,1462.5,0.0,2025-08-01 03:00:00+02:00,2025-08-01,3,4,8,0,9528.975,9528.975,31781.325000000004
2025-08-01 02:00:00+00:00,94.21,42092.9,7909.35,1493.85,0.0,2025-08-01 04:00:00+02:00,2025-08-01,4,4,8,0,9403.2,9403.2,32689.7
2025-08-01 03:00:00+00:00,100.58,44598.05,7828.924999999999,1500.15,55.0,2025-08-01 05:00:00+02:00,2025-08-01,5,4,8,0,9329.074999999999,9384.074999999999,35213.975000000006
2025-08-01 04:00:00+00:00,106.69,49699.525,7610.175,1482.45,1134.375,2025-08-01 06:00:00+02:00,2025-08-01,6,4,8,0,9092.625,10227.0,39472.525
2025-08-01 05:00:00+00:00,110.71,54050.8,6962.9,1417.35,4251.075,2025-08-01 07:00:00+02:00,2025-08-01,7,4,8,0,8380.25,12631.325,41419.475000000006
2025-08-01 06:00:00+00:00,106.64,57541.325,6363.95,1362.25,8751.95,2025-08-01 08:00:00+02:00,2025-08-01,8,4,8,0,7726.2,16478.15,41063.174999999996
2025-08-01 07:00:00+00:00,103.67,59429.1,6116.1,1284.3,13963.825,2025-08-01 09:00:00+02:00,2025-08-01,9,4,8,0,7400.400000000001,21364.225000000002,38064.875
2025-08-01 08:00:00+00:00,97.95,60878.175,6171.475,1206.4,18991.4,2025-08-01 10:00:00+02:00,2025-08-01,10,4,8,0,7377.875,26369.275,34508.9
2025-08-01 09:00:00+00:00,84.1,60958.6,6428.7,1171.325,23336.35,2025-08-01 11:00:00+02:00,2025-08-01,11,4,8,0,7600.025,30936.375,30022.225
2025-08-01 10:00:00+00:00,77.05,59976.3,6845.75,1194.8,26495.55,2025-08-01 12:00:00+02:00,2025-08-01,12,4,8,0,8040.55,34536.1,25440.200000000004
2025-08-01 11:00:00+00:00,61.97,58735.850000000006,7456.675,1301.475,27908.825,2025-08-01 13:00:00+02:00,2025-08-01,13,4,8,0,8758.15,36666.975,22068.875000000007
2025-08-01 12:00:00+00:00,49.06,56689.65,8367.075,1490.25,28144.15,2025-08-01 14:00:00+02:00,2025-08-01,14,4,8,0,9857.325,38001.475000000006,18688.174999999996
2025-08-01 13:00:00+00:00,49.1,55863.3,9073.55,1655.8249999999998,26652.125,2025-08-01 15:00:00+02:00,2025-08-01,15,4,8,0,10729.375,37381.5,18481.800000000003
2025-08-01 14:00:00+00:00,69.93,54940.225,9388.575,1812.6,23031.225,2025-08-01 16:00:00+02:00,2025-08-01,16,4,8,0,11201.175000000001,34232.4,20707.824999999997
2025-08-01 15:00:00+00:00,83.59,54360.3,9152.25,1895.35,17849.15,2025-08-01 17:00:00+02:00,2025-08-01,17,4,8,0,11047.6,28896.75,25463.550000000003
2025-08-01 16:00:00+00:00,96.45,53992.35,8547.975,1778.1,11096.75,2025-08-01 18:00:00+02:00,2025-08-01,18,4,8,0,10326.075,21422.825,32569.524999999998
2025-08-01 17:00:00+00:00,109.51,53533.2,7549.4,1521.65,4757.9,2025-08-01 19:00:00+02:00,2025-08-01,19,4,8,0,9071.05,13828.949999999999,39704.25
2025-08-01 18:00:00+00:00,119.23,52043.625,6841.95,1270.75,1067.45,2025-08-01 20:00:00+02:00,2025-08-01,20,4,8,0,8112.7,9180.15,42863.475
2025-08-01 19:00:00+00:00,117.51,50029.325,6577.5,1079.175,34.025,2025-08-01 21:00:00+02:00,2025-08-01,21,4,8,0,7656.675,7690.7,42338.625
2025-08-01 20:00:00+00:00,110.72,47218.4,6883.1,972.05,0.0,2025-08-01 22:00:00+02:00,2025-08-01,22,4,8,0,7855.150000000001,7855.150000000001,39363.25
2025-08-01 21:00:00+00:00,102.73,44028.100000000006,7453.225,1021.225,0.0,2025-08-01 23:00:00+02:00,2025-08-01,23,4,8,0,8474.45,8474.45,35553.65000000001
2025-08-01 22:00:00+00:00,104.47,41792.225,7069.475,1284.625,0.0,2025-08-02 00:00:00+02:00,2025-08-02,0,5,8,1,8354.1,8354.1,33438.125
2025-08-01 23:00:00+00:00,100.32,39856.45,7117.475,1507.45,0.0,2025-08-02 01:00:00+02:00,2025-08-02,1,5,8,1,8624.925000000001,8624.925000000001,31231.524999999994
2025-08-02 00:00:00+00:00,97.79,38751.875,7211.025,1889.1499999999999,0.0,2025-08-02 02:00:00+02:00,2025-08-02,2,5,8,1,9100.175,9100.175,29651.7
2025-08-02 01:00:00+00:00,92.16,38335.15,7136.075,2348.75,0.0,2025-08-02 03:00:00+02:00,2025-08-02,3,5,8,1,9484.825,9484.825,28850.325
2025-08-02 02:00:00+00:00,91.29,38391.3,6917.7,2751.975,0.0,2025-08-02 04:00:00+02:00,2025-08-02,4,5,8,1,9669.675,9669.675,28721.625000000004
2025-08-02 03:00:00+00:00,90.77,38458.325,6607.8,3091.875,48.35,2025-08-02 05:00:00+02:00,2025-08-02,5,5,8,1,9699.675,9748.025,28710.299999999996
2025-08-02 04:00:00+00:00,89.67,39735.375,6136.875,3379.525,1193.175,2025-08-02 06:00:00+02:00,2025-08-02,6,5,8,1,9516.4,10709.574999999999,29025.800000000003
2025-08-02 05:00:00+00:00,84.7,42566.825,5343.75,3491.275,4603.45,2025-08-02 07:00:00+02:00,2025-08-02,7,5,8,1,8835.025,13438.474999999999,29128.35
2025-08-02 06:00:00+00:00,78.4,45916.775,4812.775,3518.125,9583.925,2025-08-02 08:00:00+02:00,2025-08-02,8,5,8,1,8330.9,17914.824999999997,28001.950000000004
2025-08-02 07:00:00+00:00,65.68,48726.975,4637.25,3521.85,15157.025000000001,2025-08-02 09:00:00+02:00,2025-08-02,9,5,8,1,8159.1,23316.125,25410.85
2025-08-02 08:00:00+00:00,31.09,50555.4,4594.975,3583.1499999999996,20356.8,2025-08-02 10:00:00+02:00,2025-08-02,10,5,8,1,8178.125,28534.925,22020.475000000002
2025-08-02 09:00:00+00:00,5.68,51453.15,4622.575000000001,3685.0,24572.1,2025-08-02 11:00:00+02:00,2025-08-02,11,5,8,1,8307.575,32879.675,18573.475
2025-08-02 10:00:00+00:00,2.95,50787.275,4985.8,3810.975,27244.875,2025-08-02 12:00:00+02:00,2025-08-02,12,5,8,1,8796.775,36041.65,14745.625
2025-08-02 11:00:00+00:00,0.0,49471.975,5798.3,3924.8,28240.725,2025-08-02 13:00:00+02:00,2025-08-02,13,5,8,1,9723.1,37963.825,11508.150000000001
2025-08-02 12:00:00+00:00,0.0,48488.975,7067.625,4128.375,27491.875,2025-08-02 14:00:00+02:00,2025-08-02,14,5,8,1,11196.0,38687.875,9801.099999999999
2025-08-02 13:00:00+00:00,0.0,47711.625,8148.450000000001,4301.375,25214.7,2025-08-02 15:00:00+02:00,2025-08-02,15,5,8,1,12449.825,37664.525,10047.099999999999
2025-08-02 14:00:00+00:00,5.3,47200.625,8931.525,4425.675,21489.85,2025-08-02 16:00:00+02:00,2025-08-02,16,5,8,1,13357.2,34847.05,12353.574999999997
2025-08-02 15:00:00+00:00,60.69,47915.9,9442.775,4622.9,16261.225,2025-08-02 17:00:00+02:00,2025-08-02,17,5,8,1,14065.675,30326.9,17589.0
2025-08-02 16:00:00+00:00,91.32,48398.6,9587.1,4734.6,10020.1,2025-08-02 18:00:00+02:00,2025-08-02,18,5,8,1,14321.7,24341.800000000003,24056.799999999996
2025-08-02 17:00:00+00:00,102.0,47787.325,9324.725,4793.6,4308.125,2025-08-02 19:00:00+02:00,2025-08-02,19,5,8,1,14118.325,18426.45,29360.874999999996
2025-08-02 18:00:00+00:00,109.49,46615.025,9043.525,4741.475,920.775,2025-08-02 20:00:00+02:00,2025-08-02,20,5,8,1,13785.0,14705.775,31909.25
2025-08-02 19:00:00+00:00,108.42,45060.175,9087.4,4668.325,21.075,2025-08-02 21:00:00+02:00,2025-08-02,21,5,8,1,13755.724999999999,13776.8,31283.375000000004
2025-08-02 20:00:00+00:00,104.34,43242.8,9428.2,4588.35,0.0,2025-08-02 22:00:00+02:00,2025-08-02,22,5,8,1,14016.550000000001,14016.550000000001,29226.25
2025-08-02 21:00:00+00:00,95.0,40777.675,9938.925,4526.25,0.0,2025-08-02 23:00:00+02:00,2025-08-02,23,5,8,1,14465.175,14465.175,26312.500000000004
2025-08-02 22:00:00+00:00,85.09,39145.45,11277.925,4633.4,0.0,2025-08-03 00:00:00+02:00,2025-08-03,0,6,8,1,15911.324999999999,15911.324999999999,23234.125
2025-08-02 23:00:00+00:00,77.52,37442.05,11780.25,4684.425,0.0,2025-08-03 01:00:00+02:00,2025-08-03,1,6,8,1,16464.675,16464.675,20977.375000000004
2025-08-03 00:00:00+00:00,71.95,36519.725,12168.125,4719.575,0.0,2025-08-03 02:00:00+02:00,2025-08-03,2,6,8,1,16887.7,16887.7,19632.024999999998
2025-08-03 01:00:00+00:00,68.14,36208.225,12461.2,4736.575,0.0,2025-08-03 03:00:00+02:00,2025-08-03,3,6,8,1,17197.775,17197.775,19010.449999999997
2025-08-03 02:00:00+00:00,65.77,36304.675,12548.35,4763.175,0.0,2025-08-03 04:00:00+02:00,2025-08-03,4,6,8,1,17311.525,17311.525,18993.15
2025-08-03 03:00:00+00:00,59.98,37001.8,12389.55,4761.6,34.625,2025-08-03 05:00:00+02:00,2025-08-03,5,6,8,1,17151.15,17185.775,19816.025
2025-08-03 04:00:00+00:00,46.8,38412.6,12390.6,4781.1,1030.375,2025-08-03 06:00:00+02:00,2025-08-03,6,6,8,1,17171.7,18202.075,20210.524999999998
2025-08-03 05:00:00+00:00,26.0,41047.475,12129.225,4694.675,4252.925,2025-08-03 07:00:00+02:00,2025-08-03,7,6,8,1,16823.9,21076.825,19970.649999999998
2025-08-03 06:00:00+00:00,6.16,44233.7,12004.975,4497.875,9247.15,2025-08-03 08:00:00+02:00,2025-08-03,8,6,8,1,16502.85,25750.0,18483.699999999997
2025-08-03 07:00:00+00:00,0.0,46840.55,11965.325,4223.65,15002.725,2025-08-03 09:00:00+02:00,2025-08-03,9,6,8,1,16188.975,31191.7,15648.850000000002
2025-08-03 08:00:00+00:00,-1.01,48784.15,11798.9,2551.325,20350.275,2025-08-03 10:00:00+02:00,2025-08-03,10,6,8,1,14350.224999999999,34700.5,14083.650000000001
2025-08-03 09:00:00+00:00,-2.1,49689.15,12009.75,2320.325,24488.375,2025-08-03 11:00:00+02:00,2025-08-03,11,6,8,1,14330.075,38818.45,10870.700000000004
2025-08-03 10:00:00+00:00,-3.0,49269.175,12621.575,2196.3,26521.1,2025-08-03 12:00:00+02:00,2025-08-03,12,6,8,1,14817.875,41338.975,7930.200000000004
2025-08-03 11:00:00+00:00,-9.9,48024.05,13242.0,2241.15,26756.6,2025-08-03 13:00:00+02:00,2025-08-03,13,6,8,1,15483.15,42239.75,5784.300000000003
2025-08-03 12:00:00+00:00,-10.08,46379.025,13758.95,2358.6499999999996,26240.725,2025-08-03 14:00:00+02:00,2025-08-03,14,6,8,1,16117.6,42358.325,4020.7000000000044
2025-08-03 13:00:00+00:00,-4.98,45578.475,14657.425,2495.75,24690.45,2025-08-03 15:00:00+02:00,2025-08-03,15,6,8,1,17153.175,41843.625,3734.8499999999985
2025-08-03 14:00:00+00:00,-1.5,45593.65,15154.575,2651.825,21280.4,2025-08-03 16:00:00+02:00,2025-08-03,16,6,8,1,17806.4,39086.8,6506.8499999999985
2025-08-03 15:00:00+00:00,3.61,46319.05,15075.925,4315.175,16260.05,2025-08-03 17:00:00+02:00,2025-08-03,17,6,8,1,19391.1,35651.149999999994,10667.900000000009
2025-08-03 16:00:00+00:00,71.13,46976.75,13881.325,4585.1,10076.025,2025-08-03 18:00:00+02:00,2025-08-03,18,6,8,1,18466.425000000003,28542.450000000004,18434.299999999996
2025-08-03 17:00:00+00:00,88.13,47052.075,12286.5,4671.25,4127.9,2025-08-03 19:00:00+02:00,2025-08-03,19,6,8,1,16957.75,21085.65,25966.424999999996
2025-08-03 18:00:00+00:00,97.87,46768.024999999994,11666.55,4713.125,761.7,2025-08-03 20:00:00+02:00,2025-08-03,20,6,8,1,16379.675,17141.375,29626.649999999994
2025-08-03 19:00:00+00:00,95.99,46003.2,12010.475,4749.725,22.65,2025-08-03 21:00:00+02:00,2025-08-03,21,6,8,1,16760.2,16782.850000000002,29220.349999999995
2025-08-03 20:00:00+00:00,97.3,44411.525,12851.175,4765.175,0.0,2025-08-03 22:00:00+02:00,2025-08-03,22,6,8,1,17616.35,17616.35,26795.175000000003
2025-08-03 21:00:00+00:00,85.09,42140.2,14184.375,4794.05,0.0,2025-08-03 23:00:00+02:00,2025-08-03,23,6,8,1,18978.425,18978.425,23161.774999999998
2025-08-03 22:00:00+00:00,81.05,39224.0,16686.825,5295.075,0.0,2025-08-04 00:00:00+02:00,2025-08-04,0,0,8,0,21981.9,21981.9,17242.1
2025-08-03 23:00:00+00:00,70.07,38079.675,18204.675,5368.825,0.0,2025-08-04 01:00:00+02:00,2025-08-04,1,0,8,0,23573.5,23573.5,14506.175000000003
2025-08-04 00:00:00+00:00,69.97,37665.8,18903.5,5308.65,0.0,2025-08-04 02:00:00+02:00,2025-08-04,2,0,8,0,24212.15,24212.15,13453.650000000001
2025-08-04 01:00:00+00:00,70.62,37799.5,18735.625,5129.4,0.0,2025-08-04 03:00:00+02:00,2025-08-04,3,0,8,0,23865.025,23865.025,13934.474999999999
2025-08-04 02:00:00+00:00,74.03,39130.925,18135.575,4878.375,0.0,2025-08-04 04:00:00+02:00,2025-08-04,4,0,8,0,23013.95,23013.95,16116.975000000002
2025-08-04 03:00:00+00:00,82.94,42802.575,17363.2,4466.4,20.275,2025-08-04 05:00:00+02:00,2025-08-04,5,0,8,0,21829.6,21849.875,20952.699999999997
2025-08-04 04:00:00+00:00,95.12,49367.0,16924.975,3888.775,689.625,2025-08-04 06:00:00+02:00,2025-08-04,6,0,8,0,20813.75,21503.375,27863.625
2025-08-04 05:00:00+00:00,102.72,54592.05,16042.525000000001,3163.225,2829.85,2025-08-04 07:00:00+02:00,2025-08-04,7,0,8,0,19205.75,22035.6,32556.450000000004
2025-08-04 06:00:00+00:00,101.44,58345.75,14412.925,2378.4,6374.975,2025-08-04 08:00:00+02:00,2025-08-04,8,0,8,0,16791.325,23166.300000000003,35179.45
2025-08-04 07:00:00+00:00,97.05,60530.325,13169.85,1720.7,10853.9,2025-08-04 09:00:00+02:00,2025-08-04,9,0,8,0,14890.550000000001,25744.45,34785.875
2025-08-04 08:00:00+00:00,80.05,61679.575,12432.55,1325.425,15861.05,2025-08-04 10:00:00+02:00,2025-08-04,10,0,8,0,13757.974999999999,29619.024999999998,32060.55
2025-08-04 09:00:00+00:00,56.33,62559.35,12150.7,1325.925,20531.925,2025-08-04 11:00:00+02:00,2025-08-04,11,0,8,0,13476.625,34008.55,28550.799999999996
2025-08-04 10:00:00+00:00,14.84,62309.8,12247.075,1889.025,23942.975,2025-08-04 12:00:00+02:00,2025-08-04,12,0,8,0,14136.1,38079.075,24230.725000000006
2025-08-04 11:00:00+00:00,4.05,60983.275,12913.35,2988.3500000000004,25705.7,2025-08-04 13:00:00+02:00,2025-08-04,13,0,8,0,15901.7,41607.4,19375.875
2025-08-04 12:00:00+00:00,0.66,59234.875,14075.525,4085.8500000000004,26116.350000000002,2025-08-04 14:00:00+02:00,2025-08-04,14,0,8,0,18161.375,44277.725000000006,14957.149999999994
2025-08-04 13:00:00+00:00,0.02,57953.6,14784.5,4880.25,24365.575,2025-08-04 15:00:00+02:00,2025-08-04,15,0,8,0,19664.75,44030.325,13923.275000000001
2025-08-04 14:00:00+00:00,22.09,56746.45,14976.525,5279.3,20327.875,2025-08-04 16:00:00+02:00,2025-08-04,16,0,8,0,20255.825,40583.7,16162.75
2025-08-04 15:00:00+00:00,67.24,55560.3,14859.275,5467.025,14828.8,2025-08-04 17:00:00+02:00,2025-08-04,17,0,8,0,20326.3,35155.1,20405.200000000004
2025-08-04 16:00:00+00:00,80.91,55509.6,14802.55,5529.3,8691.325,2025-08-04 18:00:00+02:00,2025-08-04,18,0,8,0,20331.85,29023.175,26486.425
2025-08-04 17:00:00+00:00,84.54,55491.65,15276.1,5318.35,3428.575,2025-08-04 19:00:00+02:00,2025-08-04,19,0,8,0,20594.45,24023.025,31468.625
2025-08-04 18:00:00+00:00,80.21,54074.525,17024.175000000003,4924.025,584.275,2025-08-04 20:00:00+02:00,2025-08-04,20,0,8,0,21948.200000000004,22532.475000000006,31542.049999999996
2025-08-04 19:00:00+00:00,72.7,51975.325,19906.85,4422.1,13.175,2025-08-04 21:00:00+02:00,2025-08-04,21,0,8,0,24328.949999999997,24342.124999999996,27633.2
2025-08-04 20:00:00+00:00,66.63,49127.65,22180.85,4290.675,0.0,2025-08-04 22:00:00+02:00,2025-08-04,22,0,8,0,26471.524999999998,26471.524999999998,22656.125000000004
2025-08-04 21:00:00+00:00,47.69,46046.95,23906.025,4498.925,0.0,2025-08-04 23:00:00+02:00,2025-08-04,23,0,8,0,28404.95,28404.95,17641.999999999996
2025-08-04 22:00:00+00:00,21.52,43639.9,24073.75,4989.05,0.0,2025-08-05 00:00:00+02:00,2025-08-05,0,1,8,0,29062.8,29062.8,14577.100000000002
2025-08-04 23:00:00+00:00,15.34,41920.725000000006,23387.2,5487.2,0.0,2025-08-05 01:00:00+02:00,2025-08-05,1,1,8,0,28874.4,28874.4,13046.325000000004
2025-08-05 00:00:00+00:00,15.9,40948.675,22135.35,5740.7,0.0,2025-08-05 02:00:00+02:00,2025-08-05,2,1,8,0,27876.05,27876.05,13072.625000000004
2025-08-05 01:00:00+00:00,23.96,40950.4,20578.925,5782.375,0.0,2025-08-05 03:00:00+02:00,2025-08-05,3,1,8,0,26361.3,26361.3,14589.100000000002
2025-08-05 02:00:00+00:00,54.47,41758.575,18861.5,5754.825,0.0,2025-08-05 04:00:00+02:00,2025-08-05,4,1,8,0,24616.325,24616.325,17142.249999999996
2025-08-05 03:00:00+00:00,76.19,44316.85,17207.45,5699.85,21.0,2025-08-05 05:00:00+02:00,2025-08-05,5,1,8,0,22907.300000000003,22928.300000000003,21388.549999999996
2025-08-05 04:00:00+00:00,92.25,49242.65,16017.25,5608.0,1123.3,2025-08-05 06:00:00+02:00,2025-08-05,6,1,8,0,21625.25,22748.55,26494.100000000002
2025-08-05 05:00:00+00:00,92.08,54031.875,14587.9,5487.2,5195.15,2025-08-05 07:00:00+02:00,2025-08-05,7,1,8,0,20075.1,25270.25,28761.625
2025-08-05 06:00:00+00:00,74.74,57146.45,13293.675,5249.1,11767.125,2025-08-05 08:00:00+02:00,2025-08-05,8,1,8,0,18542.775,30309.9,26836.549999999996
2025-08-05 07:00:00+00:00,3.89,58449.45,13575.650000000001,4904.025,18678.1,2025-08-05 09:00:00+02:00,2025-08-05,9,1,8,0,18479.675000000003,37157.775,21291.674999999996
2025-08-05 08:00:00+00:00,-0.21,59074.325,14655.35,3001.6,23883.25,2025-08-05 10:00:00+02:00,2025-08-05,10,1,8,0,17656.95,41540.2,17534.125
2025-08-05 09:00:00+00:00,-2.01,59766.05,15879.775,2962.65,27139.425000000003,2025-08-05 11:00:00+02:00,2025-08-05,11,1,8,0,18842.425,45981.850000000006,13784.199999999997
2025-08-05 10:00:00+00:00,-4.94,59134.5,17567.475,2983.6,28411.225,2025-08-05 12:00:00+02:00,2025-08-05,12,1,8,0,20551.074999999997,48962.299999999996,10172.200000000004
2025-08-05 11:00:00+00:00,-9.5,57797.6,18996.975,3019.8500000000004,28251.875,2025-08-05 13:00:00+02:00,2025-08-05,13,1,8,0,22016.824999999997,50268.7,7528.9000000000015
2025-08-05 12:00:00+00:00,-11.83,56519.0,20922.8,3044.575,27556.85,2025-08-05 14:00:00+02:00,2025-08-05,14,1,8,0,23967.375,51524.225,4994.7750000000015
2025-08-05 13:00:00+00:00,-9.92,56280.275,22426.35,3081.475,26311.325,2025-08-05 15:00:00+02:00,2025-08-05,15,1,8,0,25507.824999999997,51819.149999999994,4461.125000000007
2025-08-05 14:00:00+00:00,-5.07,55426.1,23676.3,3138.375,23446.65,2025-08-05 16:00:00+02:00,2025-08-05,16,1,8,0,26814.675,50261.325,5164.7750000000015
2025-08-05 15:00:00+00:00,-0.52,55091.425,24475.9,3266.925,18784.75,2025-08-05 17:00:00+02:00,2025-08-05,17,1,8,0,27742.825,46527.575,8563.850000000006
2025-08-05 16:00:00+00:00,1.07,54999.0,24327.75,5292.9,11881.4,2025-08-05 18:00:00+02:00,2025-08-05,18,1,8,0,29620.65,41502.05,13496.949999999997
2025-08-05 17:00:00+00:00,72.48,54107.1,22645.675,5570.65,4759.65,2025-08-05 19:00:00+02:00,2025-08-05,19,1,8,0,28216.324999999997,32975.975,21131.125
2025-08-05 18:00:00+00:00,89.97,52891.25,20822.625,5730.2,903.5,2025-08-05 20:00:00+02:00,2025-08-05,20,1,8,0,26552.825,27456.325,25434.925
2025-08-05 19:00:00+00:00,107.15,51121.55,19589.15,5862.05,15.5,2025-08-05 21:00:00+02:00,2025-08-05,21,1,8,0,25451.2,25466.7,25654.850000000002
2025-08-05 20:00:00+00:00,87.18,48500.325,18685.125,5947.875,0.0,2025-08-05 22:00:00+02:00,2025-08-05,22,1,8,0,24633.0,24633.0,23867.324999999997
2025-08-05 21:00:00+00:00,81.0,45432.35,18544.75,5950.35,0.0,2025-08-05 23:00:00+02:00,2025-08-05,23,1,8,0,24495.1,24495.1,20937.25
2025-08-05 22:00:00+00:00,75.13,42064.075,18578.5,6206.9,0.0,2025-08-06 00:00:00+02:00,2025-08-06,0,2,8,0,24785.4,24785.4,17278.674999999996
2025-08-05 23:00:00+00:00,59.89,40613.15,18385.625,6168.35,0.0,2025-08-06 01:00:00+02:00,2025-08-06,1,2,8,0,24553.975,24553.975,16059.175000000003
2025-08-06 00:00:00+00:00,60.76,39804.425,18041.05,6052.9,0.0,2025-08-06 02:00:00+02:00,2025-08-06,2,2,8,0,24093.949999999997,24093.949999999997,15710.475000000006
2025-08-06 01:00:00+00:00,61.01,39892.25,17684.225,5965.975,0.0,2025-08-06 03:00:00+02:00,2025-08-06,3,2,8,0,23650.199999999997,23650.199999999997,16242.050000000003
2025-08-06 02:00:00+00:00,60.35,41035.8,17324.7,5980.375,0.0,2025-08-06 04:00:00+02:00,2025-08-06,4,2,8,0,23305.075,23305.075,17730.725000000002
2025-08-06 03:00:00+00:00,81.7,43532.6,16822.175,5952.05,40.175000000000004,2025-08-06 05:00:00+02:00,2025-08-06,5,2,8,0,22774.225,22814.399999999998,20718.2
2025-08-06 04:00:00+00:00,103.77,48504.225,16016.0,5957.2,1681.025,2025-08-06 06:00:00+02:00,2025-08-06,6,2,8,0,21973.2,23654.225000000002,24849.999999999996
2025-08-06 05:00:00+00:00,102.94,53110.95,14092.35,5898.225,8124.275,2025-08-06 07:00:00+02:00,2025-08-06,7,2,8,0,19990.575,28114.85,24996.1
2025-08-06 06:00:00+00:00,83.94,56710.3,12710.575,5688.025,19022.1,2025-08-06 08:00:00+02:00,2025-08-06,8,2,8,0,18398.6,37420.7,19289.600000000006
2025-08-06 07:00:00+00:00,27.74,58106.0,12985.875,5315.175,29542.850000000002,2025-08-06 09:00:00+02:00,2025-08-06,9,2,8,0,18301.05,47843.9,10262.099999999999
2025-08-06 08:00:00+00:00,-0.01,58939.05,13966.775,3616.65,36503.725,2025-08-06 10:00:00+02:00,2025-08-06,10,2,8,0,17583.425,54087.149999999994,4851.900000000009
2025-08-06 09:00:00+00:00,-2.05,59685.725,14100.4,3459.425,40843.774999999994,2025-08-06 11:00:00+02:00,2025-08-06,11,2,8,0,17559.825,58403.59999999999,1282.1250000000073
2025-08-06 10:00:00+00:00,-8.47,58733.875,13617.7,3412.275,42414.5,2025-08-06 12:00:00+02:00,2025-08-06,12,2,8,0,17029.975000000002,59444.475000000006,-710.6000000000058
2025-08-06 11:00:00+00:00,-11.79,57260.325,13458.324999999999,3424.3,41780.274999999994,2025-08-06 13:00:00+02:00,2025-08-06,13,2,8,0,16882.625,58662.899999999994,-1402.574999999997
2025-08-06 12:00:00+00:00,-6.0,55634.4,13438.4,3414.25,39720.975,2025-08-06 14:00:00+02:00,2025-08-06,14,2,8,0,16852.65,56573.625,-939.2249999999985
2025-08-06 13:00:00+00:00,-3.11,54659.575,13128.8,3378.375,35872.25,2025-08-06 15:00:00+02:00,2025-08-06,15,2,8,0,16507.175,52379.425,2280.149999999994
2025-08-06 14:00:00+00:00,-1.01,53484.475,12665.375,3390.125,30195.425,2025-08-06 16:00:00+02:00,2025-08-06,16,2,8,0,16055.5,46250.925,7233.549999999996
2025-08-06 15:00:00+00:00,52.15,52792.375,11432.05,4646.525,22615.8,2025-08-06 17:00:00+02:00,2025-08-06,17,2,8,0,16078.574999999999,38694.375,14098.0
2025-08-06 16:00:00+00:00,97.19,52611.875,9349.975,4615.05,13356.35,2025-08-06 18:00:00+02:00,2025-08-06,18,2,8,0,13965.025000000001,27321.375,25290.5
2025-08-06 17:00:00+00:00,113.7,52517.85,7212.4,4354.1,4958.75,2025-08-06 19:00:00+02:00,2025-08-06,19,2,8,0,11566.5,16525.25,35992.6
2025-08-06 18:00:00+00:00,170.16,51937.1,5728.3,3891.6,868.8,2025-08-06 20:00:00+02:00,2025-08-06,20,2,8,0,9619.9,10488.699999999999,41448.4
2025-08-06 19:00:00+00:00,157.08,50408.825,4426.5,3276.5,15.625,2025-08-06 21:00:00+02:00,2025-08-06,21,2,8,0,7703.0,7718.625,42690.2
2025-08-06 20:00:00+00:00,110.0,47317.774999999994,3627.375,2711.425,0.0,2025-08-06 22:00:00+02:00,2025-08-06,22,2,8,0,6338.8,6338.8,40978.97499999999
2025-08-06 21:00:00+00:00,101.6,44397.4,3148.875,2369.925,0.0,2025-08-06 23:00:00+02:00,2025-08-06,23,2,8,0,5518.8,5518.8,38878.6
2025-08-06 22:00:00+00:00,97.58,42498.9,2782.85,2276.375,0.0,2025-08-07 00:00:00+02:00,2025-08-07,0,3,8,0,5059.225,5059.225,37439.675
2025-08-06 23:00:00+00:00,97.04,41120.925,2740.125,2195.05,0.0,2025-08-07 01:00:00+02:00,2025-08-07,1,3,8,0,4935.175,4935.175,36185.75
2025-08-07 00:00:00+00:00,91.44,40538.675,2953.525,2217.875,0.0,2025-08-07 02:00:00+02:00,2025-08-07,2,3,8,0,5171.4,5171.4,35367.275
2025-08-07 01:00:00+00:00,88.79,40472.825,3427.3,2283.975,0.0,2025-08-07 03:00:00+02:00,2025-08-07,3,3,8,0,5711.275,5711.275,34761.549999999996
2025-08-07 02:00:00+00:00,88.93,40882.0,4012.15,2366.825,0.0,2025-08-07 04:00:00+02:00,2025-08-07,4,3,8,0,6378.975,6378.975,34503.025
2025-08-07 03:00:00+00:00,92.85,43128.825,4479.6,2422.0,29.475,2025-08-07 05:00:00+02:00,2025-08-07,5,3,8,0,6901.6,6931.075000000001,36197.75
2025-08-07 04:00:00+00:00,107.46,47600.075,4749.55,2485.175,1507.2749999999999,2025-08-07 06:00:00+02:00,2025-08-07,6,3,8,0,7234.725,8742.0,38858.075
2025-08-07 05:00:00+00:00,106.5,51822.825,4722.025,2644.875,7300.450000000001,2025-08-07 07:00:00+02:00,2025-08-07,7,3,8,0,7366.9,14667.35,37155.475
2025-08-07 06:00:00+00:00,100.48,55155.675,4172.975,2848.525,17546.45,2025-08-07 08:00:00+02:00,2025-08-07,8,3,8,0,7021.5,24567.95,30587.725000000002
2025-08-07 07:00:00+00:00,77.63,57623.8,3108.65,2993.475,28478.1,2025-08-07 09:00:00+02:00,2025-08-07,9,3,8,0,6102.125,34580.225,23043.575000000004
2025-08-07 08:00:00+00:00,22.23,59302.675,2659.475,3040.75,37358.025,2025-08-07 10:00:00+02:00,2025-08-07,10,3,8,0,5700.225,43058.25,16244.425000000003
2025-08-07 09:00:00+00:00,0.0,59697.525,3121.325,3031.0,43266.85,2025-08-07 11:00:00+02:00,2025-08-07,11,3,8,0,6152.325,49419.174999999996,10278.350000000006
2025-08-07 10:00:00+00:00,-0.12,58784.125,3871.1,3132.45,45787.875,2025-08-07 12:00:00+02:00,2025-08-07,12,3,8,0,7003.549999999999,52791.425,5992.699999999997
2025-08-07 11:00:00+00:00,-1.99,58173.025,4855.25,3257.1499999999996,45909.675,2025-08-07 13:00:00+02:00,2025-08-07,13,3,8,0,8112.4,54022.075000000004,4150.949999999997
2025-08-07 12:00:00+00:00,-0.29,56755.85,6057.875,3242.35,43711.75,2025-08-07 14:00:00+02:00,2025-08-07,14,3,8,0,9300.225,53011.975,3743.875
2025-08-07 13:00:00+00:00,-0.01,55407.100000000006,6876.825,3183.25,39550.775,2025-08-07 15:00:00+02:00,2025-08-07,15,3,8,0,10060.075,49610.850000000006,5796.25
2025-08-07 14:00:00+00:00,2.0,54958.9,7245.375,3352.45,33134.0,2025-08-07 16:00:00+02:00,2025-08-07,16,3,8,0,10597.825,43731.825,11227.075000000004
2025-08-07 15:00:00+00:00,65.59,54870.425,6984.225,3746.95,23739.175,2025-08-07 17:00:00+02:00,2025-08-07,17,3,8,0,10731.175,34470.35,20400.075000000004
2025-08-07 16:00:00+00:00,94.23,54871.475,6149.625,3921.625,13005.55,2025-08-07 18:00:00+02:00,2025-08-07,18,3,8,0,10071.25,23076.8,31794.675
2025-08-07 17:00:00+00:00,111.95,54201.075,5410.05,3785.8999999999996,4464.325,2025-08-07 19:00:00+02:00,2025-08-07,19,3,8,0,9195.95,13660.275000000001,40540.799999999996
2025-08-07 18:00:00+00:00,141.94,53059.625,5290.1,3523.95,743.65,2025-08-07 20:00:00+02:00,2025-08-07,20,3,8,0,8814.05,9557.699999999999,43501.925
2025-08-07 19:00:00+00:00,127.5,51508.725,4964.95,3195.85,8.200000000000001,2025-08-07 21:00:00+02:00,2025-08-07,21,3,8,0,8160.799999999999,8168.999999999999,43339.725
2025-08-07 20:00:00+00:00,110.0,48358.625,4986.0,2948.825,0.0,2025-08-07 22:00:00+02:00,2025-08-07,22,3,8,0,7934.825,7934.825,40423.8
2025-08-07 21:00:00+00:00,101.28,45204.675,5300.475,2909.825,0.0,2025-08-07 23:00:00+02:00,2025-08-07,23,3,8,0,8210.3,8210.3,36994.375
2025-08-07 22:00:00+00:00,93.9,42970.45,5399.275,2616.8,0.0,2025-08-08 00:00:00+02:00,2025-08-08,0,4,8,0,8016.075,8016.075,34954.375
2025-08-07 23:00:00+00:00,89.49,41264.825,5901.775,2672.9,0.0,2025-08-08 01:00:00+02:00,2025-08-08,1,4,8,0,8574.675,8574.675,32690.149999999998
2025-08-08 00:00:00+00:00,86.13,40376.4,6690.15,2783.75,0.0,2025-08-08 02:00:00+02:00,2025-08-08,2,4,8,0,9473.9,9473.9,30902.5
2025-08-08 01:00:00+00:00,82.66,40401.35,7483.375,2909.5,0.0,2025-08-08 03:00:00+02:00,2025-08-08,3,4,8,0,10392.875,10392.875,30008.475
2025-08-08 02:00:00+00:00,81.45,41349.275,8059.175,2884.525,0.0,2025-08-08 04:00:00+02:00,2025-08-08,4,4,8,0,10943.7,10943.7,30405.575
2025-08-08 03:00:00+00:00,91.14,44017.75,8335.375,2714.35,21.15,2025-08-08 05:00:00+02:00,2025-08-08,5,4,8,0,11049.725,11070.875,32946.875
2025-08-08 04:00:00+00:00,100.43,49210.875,8489.5,2442.375,1237.9750000000001,2025-08-08 06:00:00+02:00,2025-08-08,6,4,8,0,10931.875,12169.85,37041.025
2025-08-08 05:00:00+00:00,103.05,54086.575,8066.075,2136.225,6233.875,2025-08-08 07:00:00+02:00,2025-08-08,7,4,8,0,10202.3,16436.175,37650.399999999994
2025-08-08 06:00:00+00:00,109.14,57655.4,7122.15,1921.025,15132.900000000001,2025-08-08 08:00:00+02:00,2025-08-08,8,4,8,0,9043.175,24176.075,33479.325
2025-08-08 07:00:00+00:00,89.9,58751.125,6004.375,1822.05,24522.325,2025-08-08 09:00:00+02:00,2025-08-08,9,4,8,0,7826.425,32348.75,26402.375
2025-08-08 08:00:00+00:00,66.0,60404.85,5900.875,1792.95,32337.45,2025-08-08 10:00:00+02:00,2025-08-08,10,4,8,0,7693.825,40031.275,20373.574999999997
2025-08-08 09:00:00+00:00,8.39,60957.45,6830.225,1749.85,38071.475,2025-08-08 11:00:00+02:00,2025-08-08,11,4,8,0,8580.075,46651.55,14305.899999999994
2025-08-08 10:00:00+00:00,0.0,59855.3,7882.5,1696.6750000000002,41495.725,2025-08-08 12:00:00+02:00,2025-08-08,12,4,8,0,9579.175,51074.899999999994,8780.400000000009
2025-08-08 11:00:00+00:00,-0.01,58595.1,8784.975,1693.9,42559.35,2025-08-08 13:00:00+02:00,2025-08-08,13,4,8,0,10478.875,53038.225,5556.875
2025-08-08 12:00:00+00:00,-0.02,56600.425,9389.725,1763.3000000000002,41781.6,2025-08-08 14:00:00+02:00,2025-08-08,14,4,8,0,11153.025000000001,52934.625,3665.800000000003
2025-08-08 13:00:00+00:00,-0.01,55147.575,9284.45,1854.575,38729.825,2025-08-08 15:00:00+02:00,2025-08-08,15,4,8,0,11139.025000000001,49868.85,5278.7249999999985
2025-08-08 14:00:00+00:00,10.49,54732.649999999994,8541.025,1901.75,32950.825,2025-08-08 16:00:00+02:00,2025-08-08,16,4,8,0,10442.775,43393.6,11339.049999999996
2025-08-08 15:00:00+00:00,71.74,54787.15,7299.025,1931.125,24092.7,2025-08-08 17:00:00+02:00,2025-08-08,17,4,8,0,9230.15,33322.85,21464.300000000003
2025-08-08 16:00:00+00:00,103.86,53984.975,5847.125,1910.975,13433.7,2025-08-08 18:00:00+02:00,2025-08-08,18,4,8,0,7758.1,21191.800000000003,32793.174999999996
2025-08-08 17:00:00+00:00,113.97,53091.525,4539.95,1803.425,4584.125,2025-08-08 19:00:00+02:00,2025-08-08,19,4,8,0,6343.375,10927.5,42164.025
2025-08-08 18:00:00+00:00,144.62,51406.15,3817.875,1605.6,742.375,2025-08-08 20:00:00+02:00,2025-08-08,20,4,8,0,5423.475,6165.85,45240.3
2025-08-08 19:00:00+00:00,151.51,49265.55,2995.175,1383.275,9.3,2025-08-08 21:00:00+02:00,2025-08-08,21,4,8,0,4378.450000000001,4387.750000000001,44877.8
2025-08-08 20:00:00+00:00,121.59,46044.3,2493.35,1183.875,0.0,2025-08-08 22:00:00+02:00,2025-08-08,22,4,8,0,3677.225,3677.225,42367.075000000004
2025-08-08 21:00:00+00:00,108.46,43036.1,2119.05,1009.1,0.0,2025-08-08 23:00:00+02:00,2025-08-08,23,4,8,0,3128.15,3128.15,39907.95
2025-08-08 22:00:00+00:00,101.93,40277.35,1646.4250000000002,807.775,0.0,2025-08-09 00:00:00+02:00,2025-08-09,0,5,8,1,2454.2000000000003,2454.2000000000003,37823.15
2025-08-08 23:00:00+00:00,100.43,38276.625,1342.275,705.8,0.0,2025-08-09 01:00:00+02:00,2025-08-09,1,5,8,1,2048.075,2048.075,36228.55
2025-08-09 00:00:00+00:00,99.94,37122.325,1210.45,625.2,0.0,2025-08-09 02:00:00+02:00,2025-08-09,2,5,8,1,1835.65,1835.65,35286.674999999996
2025-08-09 01:00:00+00:00,97.8,36759.05,1149.775,595.5250000000001,0.0,2025-08-09 03:00:00+02:00,2025-08-09,3,5,8,1,1745.3000000000002,1745.3000000000002,35013.75
2025-08-09 02:00:00+00:00,96.87,36876.9,1115.3,620.825,0.0,2025-08-09 04:00:00+02:00,2025-08-09,4,5,8,1,1736.125,1736.125,35140.775
2025-08-09 03:00:00+00:00,97.01,37339.625,1128.3,735.75,18.925,2025-08-09 05:00:00+02:00,2025-08-09,5,5,8,1,1864.05,1882.975,35456.65
2025-08-09 04:00:00+00:00,97.26,38864.6,1209.725,982.025,1293.25,2025-08-09 06:00:00+02:00,2025-08-09,6,5,8,1,2191.75,3485.0,35379.6
2025-08-09 05:00:00+00:00,93.45,41632.425,1291.9,1354.525,7169.3,2025-08-09 07:00:00+02:00,2025-08-09,7,5,8,1,2646.425,9815.725,31816.700000000004
2025-08-09 06:00:00+00:00,70.19,45226.200000000004,1195.1,1744.35,17603.25,2025-08-09 08:00:00+02:00,2025-08-09,8,5,8,1,2939.45,20542.7,24683.500000000004
2025-08-09 07:00:00+00:00,15.34,47975.55,876.35,1986.125,28458.225,2025-08-09 09:00:00+02:00,2025-08-09,9,5,8,1,2862.475,31320.699999999997,16654.850000000006
2025-08-09 08:00:00+00:00,-0.02,49630.925,647.6,1346.6,36829.375,2025-08-09 10:00:00+02:00,2025-08-09,10,5,8,1,1994.1999999999998,38823.575,10807.350000000006
2025-08-09 09:00:00+00:00,-1.0,50425.45,742.825,1285.75,42552.725,2025-08-09 11:00:00+02:00,2025-08-09,11,5,8,1,2028.575,44581.299999999996,5844.1500000000015
2025-08-09 10:00:00+00:00,-6.63,50010.8,1060.675,1178.975,45573.375,2025-08-09 12:00:00+02:00,2025-08-09,12,5,8,1,2239.6499999999996,47813.025,2197.7750000000015
2025-08-09 11:00:00+00:00,-15.14,48424.55,1558.2,1054.125,45999.85,2025-08-09 13:00:00+02:00,2025-08-09,13,5,8,1,2612.325,48612.174999999996,-187.62499999999272
2025-08-09 12:00:00+00:00,-15.37,47101.725,2644.025,993.7,44162.3,2025-08-09 14:00:00+02:00,2025-08-09,14,5,8,1,3637.7250000000004,47800.025,-698.3000000000029
2025-08-09 13:00:00+00:00,-4.1,46313.675,3725.125,1022.925,40185.1,2025-08-09 15:00:00+02:00,2025-08-09,15,5,8,1,4748.05,44933.15,1380.5250000000015
2025-08-09 14:00:00+00:00,-0.04,45965.025,4732.65,1154.8,33794.875,2025-08-09 16:00:00+02:00,2025-08-09,16,5,8,1,5887.45,39682.325,6282.700000000004
2025-08-09 15:00:00+00:00,6.29,46507.2,5896.625,2337.9,24780.9,2025-08-09 17:00:00+02:00,2025-08-09,17,5,8,1,8234.525,33015.425,13491.774999999994
2025-08-09 16:00:00+00:00,85.9,46759.475,6597.65,2637.75,13669.1,2025-08-09 18:00:00+02:00,2025-08-09,18,5,8,1,9235.4,22904.5,23854.975
2025-08-09 17:00:00+00:00,104.2,46466.125,7385.625,2624.725,4592.925,2025-08-09 19:00:00+02:00,2025-08-09,19,5,8,1,10010.35,14603.275000000001,31862.85
2025-08-09 18:00:00+00:00,127.62,45704.45,8420.55,2322.3,693.35,2025-08-09 20:00:00+02:00,2025-08-09,20,5,8,1,10742.849999999999,11436.199999999999,34268.25
2025-08-09 19:00:00+00:00,119.31,44265.525,9217.7,2098.15,5.675,2025-08-09 21:00:00+02:00,2025-08-09,21,5,8,1,11315.85,11321.525,32944.0
2025-08-09 20:00:00+00:00,107.89,42124.575,9900.975,2070.3,0.0,2025-08-09 22:00:00+02:00,2025-08-09,22,5,8,1,11971.275000000001,11971.275000000001,30153.299999999996
2025-08-09 21:00:00+00:00,94.97,39744.175,10544.275,2229.25,0.0,2025-08-09 23:00:00+02:00,2025-08-09,23,5,8,1,12773.525,12773.525,26970.65
2025-08-09 22:00:00+00:00,84.79,38553.45,11198.425,2611.425,0.0,2025-08-10 00:00:00+02:00,2025-08-10,0,6,8,1,13809.849999999999,13809.849999999999,24743.6
2025-08-09 23:00:00+00:00,83.23,36869.425,11630.824999999999,2751.5,0.0,2025-08-10 01:00:00+02:00,2025-08-10,1,6,8,1,14382.324999999999,14382.324999999999,22487.100000000006
2025-08-10 00:00:00+00:00,83.1,36016.25,11974.225,2744.2749999999996,0.0,2025-08-10 02:00:00+02:00,2025-08-10,2,6,8,1,14718.5,14718.5,21297.75
2025-08-10 01:00:00+00:00,77.95,35567.175,12064.95,2737.7,0.0,2025-08-10 03:00:00+02:00,2025-08-10,3,6,8,1,14802.650000000001,14802.650000000001,20764.525
2025-08-10 02:00:00+00:00,80.68,35751.6,11661.625,2800.525,0.0,2025-08-10 04:00:00+02:00,2025-08-10,4,6,8,1,14462.15,14462.15,21289.449999999997
2025-08-10 03:00:00+00:00,83.69,36442.325,10649.55,2796.375,18.1,2025-08-10 05:00:00+02:00,2025-08-10,5,6,8,1,13445.925,13464.025,22978.299999999996
2025-08-10 04:00:00+00:00,82.27,37808.675,9386.3,2679.625,1369.275,2025-08-10 06:00:00+02:00,2025-08-10,6,6,8,1,12065.925,13435.199999999999,24373.475000000006
2025-08-10 05:00:00+00:00,74.7,40297.6,7501.475,2440.6,7600.675,2025-08-10 07:00:00+02:00,2025-08-10,7,6,8,1,9942.075,17542.75,22754.85
2025-08-10 06:00:00+00:00,26.36,43474.825,6100.725,2181.45,19216.35,2025-08-10 08:00:00+02:00,2025-08-10,8,6,8,1,8282.175,27498.524999999998,15976.3
2025-08-10 07:00:00+00:00,-0.01,46184.525,5612.55,1568.5,30873.425,2025-08-10 09:00:00+02:00,2025-08-10,9,6,8,1,7181.05,38054.475,8130.050000000003
2025-08-10 08:00:00+00:00,-3.11,47978.675,5844.325,1489.7,39062.025,2025-08-10 10:00:00+02:00,2025-08-10,10,6,8,1,7334.025,46396.05,1582.625
2025-08-10 09:00:00+00:00,-15.6,49159.65,5874.5,1454.775,43785.875,2025-08-10 11:00:00+02:00,2025-08-10,11,6,8,1,7329.275,51115.15,-1955.5
2025-08-10 10:00:00+00:00,-40.03,48862.075,6127.45,1457.325,46115.25,2025-08-10 12:00:00+02:00,2025-08-10,12,6,8,1,7584.775,53700.025,-4837.950000000004
2025-08-10 11:00:00+00:00,-61.08,47550.4,6716.55,1448.05,46121.8,2025-08-10 13:00:00+02:00,2025-08-10,13,6,8,1,8164.6,54286.4,-6736.0
2025-08-10 12:00:00+00:00,-50.94,46104.850000000006,7177.525,1415.325,44138.0,2025-08-10 14:00:00+02:00,2025-08-10,14,6,8,1,8592.85,52730.85,-6625.999999999993
2025-08-10 13:00:00+00:00,-22.12,45309.35,7465.525,1338.55,40486.125,2025-08-10 15:00:00+02:00,2025-08-10,15,6,8,1,8804.074999999999,49290.2,-3980.8499999999985
2025-08-10 14:00:00+00:00,-1.21,45141.425,7744.8,1249.8,35194.725,2025-08-10 16:00:00+02:00,2025-08-10,16,6,8,1,8994.6,44189.325,952.1000000000058
2025-08-10 15:00:00+00:00,2.13,45928.85,7938.05,1331.3,26311.475,2025-08-10 17:00:00+02:00,2025-08-10,17,6,8,1,9269.35,35580.825,10348.025000000001
2025-08-10 16:00:00+00:00,82.64,46548.375,7114.55,1146.4,14421.0,2025-08-10 18:00:00+02:00,2025-08-10,18,6,8,1,8260.95,22681.95,23866.425
2025-08-10 17:00:00+00:00,108.55,46558.55,6254.275,956.325,4553.15,2025-08-10 19:00:00+02:00,2025-08-10,19,6,8,1,7210.599999999999,11763.75,34794.8
2025-08-10 18:00:00+00:00,118.95,46261.475,5975.375,788.35,722.1,2025-08-10 20:00:00+02:00,2025-08-10,20,6,8,1,6763.725,7485.825000000001,38775.649999999994
2025-08-10 19:00:00+00:00,122.45,45214.975,5782.85,664.525,7.375,2025-08-10 21:00:00+02:00,2025-08-10,21,6,8,1,6447.375,6454.75,38760.225
2025-08-10 20:00:00+00:00,106.98,43594.65,5712.025,575.025,0.0,2025-08-10 22:00:00+02:00,2025-08-10,22,6,8,1,6287.049999999999,6287.049999999999,37307.600000000006
2025-08-10 21:00:00+00:00,98.9,41455.775,5608.775,527.1,0.0,2025-08-10 23:00:00+02:00,2025-08-10,23,6,8,1,6135.875,6135.875,35319.9
2025-08-10 22:00:00+00:00,99.82,38740.35,5310.0,408.95,0.0,2025-08-11 00:00:00+02:00,2025-08-11,0,0,8,0,5718.95,5718.95,33021.4
2025-08-10 23:00:00+00:00,91.97,37637.55,4896.1,366.15,0.0,2025-08-11 01:00:00+02:00,2025-08-11,1,0,8,0,5262.25,5262.25,32375.300000000003
2025-08-11 00:00:00+00:00,87.44,37237.9,4526.45,329.0,0.0,2025-08-11 02:00:00+02:00,2025-08-11,2,0,8,0,4855.45,4855.45,32382.45
2025-08-11 01:00:00+00:00,85.19,37438.6,4138.1,305.6,0.0,2025-08-11 03:00:00+02:00,2025-08-11,3,0,8,0,4443.700000000001,4443.700000000001,32994.899999999994
2025-08-11 02:00:00+00:00,92.85,38732.85,3818.975,294.95,0.0,2025-08-11 04:00:00+02:00,2025-08-11,4,0,8,0,4113.925,4113.925,34618.924999999996
2025-08-11 03:00:00+00:00,103.51,42310.4,3714.75,300.05,15.024999999999999,2025-08-11 05:00:00+02:00,2025-08-11,5,0,8,0,4014.8,4029.8250000000003,38280.575000000004
2025-08-11 04:00:00+00:00,129.22,48583.275,3671.975,310.325,1298.3,2025-08-11 06:00:00+02:00,2025-08-11,6,0,8,0,3982.2999999999997,5280.599999999999,43302.675
2025-08-11 05:00:00+00:00,133.49,53415.0,3421.4,323.375,7657.575,2025-08-11 07:00:00+02:00,2025-08-11,7,0,8,0,3744.775,11402.35,42012.65
2025-08-11 06:00:00+00:00,105.35,57134.65,2628.875,412.025,19693.625,2025-08-11 08:00:00+02:00,2025-08-11,8,0,8,0,3040.9,22734.525,34400.125
2025-08-11 07:00:00+00:00,90.75,59227.325,1546.275,499.575,31780.325,2025-08-11 09:00:00+02:00,2025-08-11,9,0,8,0,2045.8500000000001,33826.175,25401.149999999994
2025-08-11 08:00:00+00:00,50.0,60129.475,1269.85,571.35,41060.125,2025-08-11 10:00:00+02:00,2025-08-11,10,0,8,0,1841.1999999999998,42901.325,17228.15
2025-08-11 09:00:00+00:00,2.54,60677.325000000004,1341.3000000000002,631.2,46680.4,2025-08-11 11:00:00+02:00,2025-08-11,11,0,8,0,1972.5000000000002,48652.9,12024.425000000003
2025-08-11 10:00:00+00:00,0.0,60127.5,1369.6750000000002,672.175,49766.600000000006,2025-08-11 12:00:00+02:00,2025-08-11,12,0,8,0,2041.8500000000001,51808.450000000004,8319.049999999996
2025-08-11 11:00:00+00:00,0.0,58980.125,1353.6499999999999,689.875,50444.7,2025-08-11 13:00:00+02:00,2025-08-11,13,0,8,0,2043.5249999999999,52488.225,6491.9000000000015
2025-08-11 12:00:00+00:00,0.0,57465.3,1344.6000000000001,666.025,48576.55,2025-08-11 14:00:00+02:00,2025-08-11,14,0,8,0,2010.625,50587.175,6878.125
2025-08-11 13:00:00+00:00,9.0,55777.675,1311.3000000000002,614.5999999999999,44404.25,2025-08-11 15:00:00+02:00,2025-08-11,15,0,8,0,1925.9,46330.15,9447.525000000001
2025-08-11 14:00:00+00:00,56.14,54787.024999999994,1303.65,542.925,37357.625,2025-08-11 16:00:00+02:00,2025-08-11,16,0,8,0,1846.575,39204.2,15582.824999999997
2025-08-11 15:00:00+00:00,92.25,54078.9,1366.45,470.875,27026.825,2025-08-11 17:00:00+02:00,2025-08-11,17,0,8,0,1837.325,28864.15,25214.75
2025-08-11 16:00:00+00:00,108.26,54483.6,1537.65,396.225,14263.6,2025-08-11 18:00:00+02:00,2025-08-11,18,0,8,0,1933.875,16197.475,38286.125
2025-08-11 17:00:00+00:00,154.0,54667.55,2151.075,332.45,4304.225,2025-08-11 19:00:00+02:00,2025-08-11,19,0,8,0,2483.5249999999996,6787.75,47879.8
2025-08-11 18:00:00+00:00,191.95,53650.8,3403.95,280.75,638.1999999999999,2025-08-11 20:00:00+02:00,2025-08-11,20,0,8,0,3684.7,4322.9,49327.9
2025-08-11 19:00:00+00:00,138.88,51767.75,4487.95,238.14999999999998,5.65,2025-08-11 21:00:00+02:00,2025-08-11,21,0,8,0,4726.099999999999,4731.749999999999,47036.0
2025-08-11 20:00:00+00:00,108.87,48859.6,5424.425,223.95,0.0,2025-08-11 22:00:00+02:00,2025-08-11,22,0,8,0,5648.375,5648.375,43211.225
2025-08-11 21:00:00+00:00,96.0,45623.7,5894.25,222.05,0.0,2025-08-11 23:00:00+02:00,2025-08-11,23,0,8,0,6116.3,6116.3,39507.399999999994
2025-08-11 22:00:00+00:00,93.0,42947.025,6380.225,106.55,0.0,2025-08-12 00:00:00+02:00,2025-08-12,0,1,8,0,6486.775000000001,6486.775000000001,36460.25
2025-08-11 23:00:00+00:00,89.67,41346.05,6148.0,99.95,0.0,2025-08-12 01:00:00+02:00,2025-08-12,1,1,8,0,6247.95,6247.95,35098.100000000006
2025-08-12 00:00:00+00:00,85.41,40374.225,5865.525,97.2,0.0,2025-08-12 02:00:00+02:00,2025-08-12,2,1,8,0,5962.724999999999,5962.724999999999,34411.5
2025-08-12 01:00:00+00:00,85.13,40331.225,5526.825000000001,97.275,0.0,2025-08-12 03:00:00+02:00,2025-08-12,3,1,8,0,5624.1,5624.1,34707.125
2025-08-12 02:00:00+00:00,86.48,41089.200000000004,5187.1,102.5,0.0,2025-08-12 04:00:00+02:00,2025-08-12,4,1,8,0,5289.6,5289.6,35799.600000000006
2025-08-12 03:00:00+00:00,93.97,43577.675,4997.475,108.0,17.125,2025-08-12 05:00:00+02:00,2025-08-12,5,1,8,0,5105.475,5122.6,38455.075000000004
2025-08-12 04:00:00+00:00,106.91,48827.049999999996,5019.7,136.125,1446.575,2025-08-12 06:00:00+02:00,2025-08-12,6,1,8,0,5155.825,6602.4,42224.649999999994
2025-08-12 05:00:00+00:00,104.63,53708.225,4900.525000000001,185.39999999999998,7584.675,2025-08-12 07:00:00+02:00,2025-08-12,7,1,8,0,5085.925,12670.6,41037.625
2025-08-12 06:00:00+00:00,98.71,56918.65,4234.325,270.875,18511.55,2025-08-12 08:00:00+02:00,2025-08-12,8,1,8,0,4505.2,23016.75,33901.9
2025-08-12 07:00:00+00:00,92.49,58583.95,2833.0,390.45,29836.2,2025-08-12 09:00:00+02:00,2025-08-12,9,1,8,0,3223.45,33059.65,25524.299999999996
2025-08-12 08:00:00+00:00,79.53,59498.35,2242.575,487.275,38701.8,2025-08-12 10:00:00+02:00,2025-08-12,10,1,8,0,2729.85,41431.65,18066.699999999997
2025-08-12 09:00:00+00:00,40.41,59799.925,2485.55,530.7,44759.95,2025-08-12 11:00:00+02:00,2025-08-12,11,1,8,0,3016.25,47776.2,12023.725000000006
2025-08-12 10:00:00+00:00,8.38,58548.375,2743.525,554.975,47948.35,2025-08-12 12:00:00+02:00,2025-08-12,12,1,8,0,3298.5,51246.85,7301.5250000000015
2025-08-12 11:00:00+00:00,3.0,57400.95,2907.375,592.15,48521.875,2025-08-12 13:00:00+02:00,2025-08-12,13,1,8,0,3499.525,52021.4,5379.549999999996
2025-08-12 12:00:00+00:00,5.15,56233.9,3107.1,648.45,46521.425,2025-08-12 14:00:00+02:00,2025-08-12,14,1,8,0,3755.55,50276.975000000006,5956.924999999996
2025-08-12 13:00:00+00:00,35.05,56121.0,3065.525,780.1,42052.95,2025-08-12 15:00:00+02:00,2025-08-12,15,1,8,0,3845.625,45898.575,10222.425000000003
2025-08-12 14:00:00+00:00,73.12,55379.65,3085.9,1004.5,34929.15,2025-08-12 16:00:00+02:00,2025-08-12,16,1,8,0,4090.4,39019.55,16360.099999999999
2025-08-12 15:00:00+00:00,94.06,55472.774999999994,3525.825,1263.575,25229.425,2025-08-12 17:00:00+02:00,2025-08-12,17,1,8,0,4789.4,30018.824999999997,25453.949999999997
2025-08-12 16:00:00+00:00,106.1,55522.0,4482.45,1536.775,13853.125,2025-08-12 18:00:00+02:00,2025-08-12,18,1,8,0,6019.225,19872.35,35649.65
2025-08-12 17:00:00+00:00,149.31,54856.35,6377.799999999999,1797.5,4741.825,2025-08-12 19:00:00+02:00,2025-08-12,19,1,8,0,8175.299999999999,12917.125,41939.225
2025-08-12 18:00:00+00:00,156.16,53630.025,9293.475,2087.3,576.025,2025-08-12 20:00:00+02:00,2025-08-12,20,1,8,0,11380.775000000001,11956.800000000001,41673.225
2025-08-12 19:00:00+00:00,140.4,51941.075,11792.599999999999,2368.65,2.55,2025-08-12 21:00:00+02:00,2025-08-12,21,1,8,0,14161.249999999998,14163.799999999997,37777.275
2025-08-12 20:00:00+00:00,114.07,48948.975,13199.525,2544.7,0.0,2025-08-12 22:00:00+02:00,2025-08-12,22,1,8,0,15744.224999999999,15744.224999999999,33204.75
2025-08-12 21:00:00+00:00,97.73,45754.675,13737.825,2581.075,0.0,2025-08-12 23:00:00+02:00,2025-08-12,23,1,8,0,16318.900000000001,16318.900000000001,29435.775
2025-08-12 22:00:00+00:00,95.72,43097.924999999996,12859.525000000001,2695.75,0.0,2025-08-13 00:00:00+02:00,2025-08-13,0,2,8,0,15555.275000000001,15555.275000000001,27542.649999999994
2025-08-12 23:00:00+00:00,90.0,41407.674999999996,12074.525,2450.075,0.0,2025-08-13 01:00:00+02:00,2025-08-13,1,2,8,0,14524.599999999999,14524.599999999999,26883.074999999997
2025-08-13 00:00:00+00:00,86.89,40578.375,11194.7,2185.675,0.0,2025-08-13 02:00:00+02:00,2025-08-13,2,2,8,0,13380.375,13380.375,27198.0
2025-08-13 01:00:00+00:00,84.71,40520.9,10245.125,1900.225,0.0,2025-08-13 03:00:00+02:00,2025-08-13,3,2,8,0,12145.35,12145.35,28375.550000000003
2025-08-13 02:00:00+00:00,87.07,41576.45,9353.75,1633.725,0.0,2025-08-13 04:00:00+02:00,2025-08-13,4,2,8,0,10987.475,10987.475,30588.975
2025-08-13 03:00:00+00:00,93.3,43913.525,8655.575,1442.825,9.925,2025-08-13 05:00:00+02:00,2025-08-13,5,2,8,0,10098.400000000001,10108.325,33805.2
2025-08-13 04:00:00+00:00,108.87,48712.2,8075.55,1331.05,1313.275,2025-08-13 06:00:00+02:00,2025-08-13,6,2,8,0,9406.6,10719.875,37992.325
2025-08-13 05:00:00+00:00,107.52,52753.65,6924.125,1249.675,7280.875,2025-08-13 07:00:00+02:00,2025-08-13,7,2,8,0,8173.8,15454.675,37298.975000000006
2025-08-13 06:00:00+00:00,105.87,56568.45,4751.35,1200.65,18060.325,2025-08-13 08:00:00+02:00,2025-08-13,8,2,8,0,5952.0,24012.325,32556.124999999996
2025-08-13 07:00:00+00:00,93.6,58361.025,2620.6,1119.6,29462.7,2025-08-13 09:00:00+02:00,2025-08-13,9,2,8,0,3740.2,33202.9,25158.125
2025-08-13 08:00:00+00:00,89.26,59135.0,1751.95,1011.2,38624.675,2025-08-13 10:00:00+02:00,2025-08-13,10,2,8,0,2763.15,41387.825000000004,17747.174999999996
2025-08-13 09:00:00+00:00,68.2,59373.125,1699.775,897.5999999999999,45048.15,2025-08-13 11:00:00+02:00,2025-08-13,11,2,8,0,2597.375,47645.525,11727.599999999999
2025-08-13 10:00:00+00:00,44.29,58102.425,1787.4,812.875,48490.575,2025-08-13 12:00:00+02:00,2025-08-13,12,2,8,0,2600.275,51090.85,7011.575000000004
2025-08-13 11:00:00+00:00,27.89,57089.125,1854.775,818.225,49179.3,2025-08-13 13:00:00+02:00,2025-08-13,13,2,8,0,2673.0,51852.3,5236.824999999997
2025-08-13 12:00:00+00:00,41.66,55748.325,2002.325,871.55,47214.5,2025-08-13 14:00:00+02:00,2025-08-13,14,2,8,0,2873.875,50088.375,5659.949999999997
2025-08-13 13:00:00+00:00,70.9,54670.5,2072.95,948.0,42571.3,2025-08-13 15:00:00+02:00,2025-08-13,15,2,8,0,3020.95,45592.25,9078.25
2025-08-13 14:00:00+00:00,84.3,53845.475,2159.55,1025.375,35400.6,2025-08-13 16:00:00+02:00,2025-08-13,16,2,8,0,3184.925,38585.525,15259.949999999997
2025-08-13 15:00:00+00:00,96.64,54021.875,2380.825,1099.15,25633.55,2025-08-13 17:00:00+02:00,2025-08-13,17,2,8,0,3479.975,29113.524999999998,24908.350000000002
2025-08-13 16:00:00+00:00,115.34,53703.75,2901.825,1177.425,14126.075,2025-08-13 18:00:00+02:00,2025-08-13,18,2,8,0,4079.25,18205.325,35498.425
2025-08-13 17:00:00+00:00,193.3,53296.375,4045.6,1289.2,4643.8,2025-08-13 19:00:00+02:00,2025-08-13,19,2,8,0,5334.8,9978.6,43317.775
2025-08-13 18:00:00+00:00,226.64,52563.15,5667.025,1463.75,544.4749999999999,2025-08-13 20:00:00+02:00,2025-08-13,20,2,8,0,7130.775,7675.25,44887.9
2025-08-13 19:00:00+00:00,154.52,51004.775,6855.4,1642.025,3.4,2025-08-13 21:00:00+02:00,2025-08-13,21,2,8,0,8497.425,8500.824999999999,42503.950000000004
2025-08-13 20:00:00+00:00,123.21,47910.525,7456.075,1745.2,0.0,2025-08-13 22:00:00+02:00,2025-08-13,22,2,8,0,9201.275,9201.275,38709.25
2025-08-13 21:00:00+00:00,106.27,44843.85,7555.075,1713.7,0.0,2025-08-13 23:00:00+02:00,2025-08-13,23,2,8,0,9268.775,9268.775,35575.075
2025-08-13 22:00:00+00:00,98.1,42445.8,6064.475,1585.475,0.0,2025-08-14 00:00:00+02:00,2025-08-14,0,3,8,0,7649.950000000001,7649.950000000001,34795.850000000006
2025-08-13 23:00:00+00:00,92.0,40838.475,5415.475,1367.0,0.0,2025-08-14 01:00:00+02:00,2025-08-14,1,3,8,0,6782.475,6782.475,34056.0
2025-08-14 00:00:00+00:00,88.45,40054.325,4861.0,1116.575,0.0,2025-08-14 02:00:00+02:00,2025-08-14,2,3,8,0,5977.575,5977.575,34076.75
2025-08-14 01:00:00+00:00,88.2,39950.65,4379.825,882.45,0.0,2025-08-14 03:00:00+02:00,2025-08-14,3,3,8,0,5262.275,5262.275,34688.375
2025-08-14 02:00:00+00:00,88.53,40648.65,4042.825,764.0,0.0,2025-08-14 04:00:00+02:00,2025-08-14,4,3,8,0,4806.825,4806.825,35841.825000000004
2025-08-14 03:00:00+00:00,97.52,43088.5,3844.775,765.1,7.325,2025-08-14 05:00:00+02:00,2025-08-14,5,3,8,0,4609.875,4617.2,38471.3
2025-08-14 04:00:00+00:00,107.94,48122.075,3702.775,808.0,1194.05,2025-08-14 06:00:00+02:00,2025-08-14,6,3,8,0,4510.775,5704.825,42417.25
2025-08-14 05:00:00+00:00,109.92,52748.725,3200.85,851.875,6907.775,2025-08-14 07:00:00+02:00,2025-08-14,7,3,8,0,4052.725,10960.5,41788.225
2025-08-14 06:00:00+00:00,99.51,56297.3,2325.5,758.425,17219.75,2025-08-14 08:00:00+02:00,2025-08-14,8,3,8,0,3083.925,20303.675,35993.625
2025-08-14 07:00:00+00:00,91.1,57811.55,1460.55,585.575,28111.225,2025-08-14 09:00:00+02:00,2025-08-14,9,3,8,0,2046.125,30157.35,27654.200000000004
2025-08-14 08:00:00+00:00,81.26,58588.4,1047.05,507.975,36773.55,2025-08-14 10:00:00+02:00,2025-08-14,10,3,8,0,1555.025,38328.575000000004,20259.824999999997
2025-08-14 09:00:00+00:00,67.57,59127.375,1082.1,505.54999999999995,42794.925,2025-08-14 11:00:00+02:00,2025-08-14,11,3,8,0,1587.6499999999999,44382.575000000004,14744.799999999996
2025-08-14 10:00:00+00:00,54.09,58632.775,1241.25,539.15,45999.05,2025-08-14 12:00:00+02:00,2025-08-14,12,3,8,0,1780.4,47779.450000000004,10853.324999999997
2025-08-14 11:00:00+00:00,41.02,57972.325,1320.75,599.8,46475.7,2025-08-14 13:00:00+02:00,2025-08-14,13,3,8,0,1920.55,48396.25,9576.074999999997
2025-08-14 12:00:00+00:00,54.9,56748.275,1312.725,638.3,44222.85,2025-08-14 14:00:00+02:00,2025-08-14,14,3,8,0,1951.0249999999999,46173.875,10574.400000000001
2025-08-14 13:00:00+00:00,69.43,55632.175,1206.45,628.75,39439.925,2025-08-14 15:00:00+02:00,2025-08-14,15,3,8,0,1835.2,41275.125,14357.050000000003
2025-08-14 14:00:00+00:00,78.99,54532.75,1128.8,622.85,32043.825,2025-08-14 16:00:00+02:00,2025-08-14,16,3,8,0,1751.65,33795.475,20737.275
2025-08-14 15:00:00+00:00,97.22,54052.025,1226.775,658.875,22538.55,2025-08-14 17:00:00+02:00,2025-08-14,17,3,8,0,1885.65,24424.2,29627.825
2025-08-14 16:00:00+00:00,115.54,54364.525,1599.525,715.825,12077.775,2025-08-14 18:00:00+02:00,2025-08-14,18,3,8,0,2315.3500000000004,14393.125,39971.4
2025-08-14 17:00:00+00:00,233.8,54347.975,2561.475,760.825,4026.3,2025-08-14 19:00:00+02:00,2025-08-14,19,3,8,0,3322.3,7348.6,46999.375
2025-08-14 18:00:00+00:00,283.89,53395.775,3930.7,802.475,425.875,2025-08-14 20:00:00+02:00,2025-08-14,20,3,8,0,4733.175,5159.05,48236.725
2025-08-14 19:00:00+00:00,155.84,51851.125,4629.65,809.475,3.475,2025-08-14 21:00:00+02:00,2025-08-14,21,3,8,0,5439.125,5442.6,46408.525
2025-08-14 20:00:00+00:00,120.71,48867.8,4978.4,770.575,0.0,2025-08-14 22:00:00+02:00,2025-08-14,22,3,8,0,5748.974999999999,5748.974999999999,43118.825000000004
2025-08-14 21:00:00+00:00,105.95,45712.825,4997.85,730.85,0.0,2025-08-14 23:00:00+02:00,2025-08-14,23,3,8,0,5728.700000000001,5728.700000000001,39984.125
2025-08-14 22:00:00+00:00,99.59,43551.975,5110.725,1478.025,0.0,2025-08-15 00:00:00+02:00,2025-08-15,0,4,8,0,6588.75,6588.75,36963.225
2025-08-14 23:00:00+00:00,98.97,41726.200000000004,5136.775,1604.925,0.0,2025-08-15 01:00:00+02:00,2025-08-15,1,4,8,0,6741.7,6741.7,34984.50000000001
2025-08-15 00:00:00+00:00,93.9,40662.8,5464.45,1672.0749999999998,0.0,2025-08-15 02:00:00+02:00,2025-08-15,2,4,8,0,7136.525,7136.525,33526.275
2025-08-15 01:00:00+00:00,90.33,40326.475,5673.875,1659.875,0.0,2025-08-15 03:00:00+02:00,2025-08-15,3,4,8,0,7333.75,7333.75,32992.725
2025-08-15 02:00:00+00:00,92.0,40822.0,5758.375,1524.975,0.0,2025-08-15 04:00:00+02:00,2025-08-15,4,4,8,0,7283.35,7283.35,33538.65
2025-08-15 03:00:00+00:00,96.91,42657.025,5679.025,1352.0,6.25,2025-08-15 05:00:00+02:00,2025-08-15,5,4,8,0,7031.025,7037.275,35619.75
2025-08-15 04:00:00+00:00,101.66,46384.274999999994,5414.575,1188.925,1087.75,2025-08-15 06:00:00+02:00,2025-08-15,6,4,8,0,6603.5,7691.25,38693.024999999994
2025-08-15 05:00:00+00:00,101.31,50751.175,4737.575,1081.1,6588.825,2025-08-15 07:00:00+02:00,2025-08-15,7,4,8,0,5818.674999999999,12407.5,38343.675
2025-08-15 06:00:00+00:00,96.6,54190.35,3713.775,1035.45,16930.025,2025-08-15 08:00:00+02:00,2025-08-15,8,4,8,0,4749.225,21679.25,32511.1
2025-08-15 07:00:00+00:00,83.47,56132.75,2892.55,1056.85,28010.3,2025-08-15 09:00:00+02:00,2025-08-15,9,4,8,0,3949.4,31959.7,24173.05
2025-08-15 08:00:00+00:00,43.9,56999.575,2810.275,1124.5,36669.25,2025-08-15 10:00:00+02:00,2025-08-15,10,4,8,0,3934.775,40604.025,16395.549999999996
2025-08-15 09:00:00+00:00,3.0,57083.675,3311.95,1272.05,42586.125,2025-08-15 11:00:00+02:00,2025-08-15,11,4,8,0,4584.0,47170.125,9913.550000000003
2025-08-15 10:00:00+00:00,0.08,56443.675,3895.5,1554.125,45528.3,2025-08-15 12:00:00+02:00,2025-08-15,12,4,8,0,5449.625,50977.925,5465.75
2025-08-15 11:00:00+00:00,0.0,55207.649999999994,4757.825,1923.0,45267.975,2025-08-15 13:00:00+02:00,2025-08-15,13,4,8,0,6680.825,51948.799999999996,3258.8499999999985
2025-08-15 12:00:00+00:00,0.0,53340.425,6087.275,2285.2,41990.25,2025-08-15 14:00:00+02:00,2025-08-15,14,4,8,0,8372.474999999999,50362.725,2977.7000000000044
2025-08-15 13:00:00+00:00,1.72,51899.15,7573.0,2609.975,36620.0,2025-08-15 15:00:00+02:00,2025-08-15,15,4,8,0,10182.975,46802.975,5096.175000000003
2025-08-15 14:00:00+00:00,27.66,51339.275,9064.1,2791.2250000000004,29481.475,2025-08-15 16:00:00+02:00,2025-08-15,16,4,8,0,11855.325,41336.8,10002.474999999999
2025-08-15 15:00:00+00:00,77.96,51669.9,10195.275000000001,2897.975,20539.925,2025-08-15 17:00:00+02:00,2025-08-15,17,4,8,0,13093.250000000002,33633.175,18036.725
2025-08-15 16:00:00+00:00,105.89,51603.975,10962.975,2987.6749999999997,11037.95,2025-08-15 18:00:00+02:00,2025-08-15,18,4,8,0,13950.65,24988.6,26615.375
2025-08-15 17:00:00+00:00,114.38,51645.875,11693.6,3152.05,3727.2,2025-08-15 19:00:00+02:00,2025-08-15,19,4,8,0,14845.650000000001,18572.850000000002,33073.024999999994
2025-08-15 18:00:00+00:00,124.01,51144.275,12660.275000000001,3418.1,388.05,2025-08-15 20:00:00+02:00,2025-08-15,20,4,8,0,16078.375000000002,16466.425000000003,34677.85
2025-08-15 19:00:00+00:00,111.5,49332.65,13457.25,3620.925,1.125,2025-08-15 21:00:00+02:00,2025-08-15,21,4,8,0,17078.175,17079.3,32253.350000000002
2025-08-15 20:00:00+00:00,105.94,46522.925,13474.8,3761.8,0.0,2025-08-15 22:00:00+02:00,2025-08-15,22,4,8,0,17236.6,17236.6,29286.325000000004
2025-08-15 21:00:00+00:00,95.96,43857.275,12978.475,3866.1,0.0,2025-08-15 23:00:00+02:00,2025-08-15,23,4,8,0,16844.575,16844.575,27012.7
2025-08-15 22:00:00+00:00,96.11,41751.6,10539.95,3329.425,0.0,2025-08-16 00:00:00+02:00,2025-08-16,0,5,8,1,13869.375,13869.375,27882.225
2025-08-15 23:00:00+00:00,90.92,40042.125,9727.75,3438.6,0.0,2025-08-16 01:00:00+02:00,2025-08-16,1,5,8,1,13166.35,13166.35,26875.775
2025-08-16 00:00:00+00:00,89.78,39042.4,9320.875,3761.35,0.0,2025-08-16 02:00:00+02:00,2025-08-16,2,5,8,1,13082.225,13082.225,25960.175000000003
2025-08-16 01:00:00+00:00,85.35,38651.149999999994,9016.25,4156.825,0.0,2025-08-16 03:00:00+02:00,2025-08-16,3,5,8,1,13173.075,13173.075,25478.074999999993
2025-08-16 02:00:00+00:00,84.05,38716.825,8752.625,4436.799999999999,0.0,2025-08-16 04:00:00+02:00,2025-08-16,4,5,8,1,13189.425,13189.425,25527.399999999998
2025-08-16 03:00:00+00:00,87.09,39331.5,8525.425,4537.225,3.925,2025-08-16 05:00:00+02:00,2025-08-16,5,5,8,1,13062.65,13066.574999999999,26264.925000000003
2025-08-16 04:00:00+00:00,91.01,40678.825,8277.925,4451.325,712.875,2025-08-16 06:00:00+02:00,2025-08-16,6,5,8,1,12729.25,13442.125,27236.699999999997
2025-08-16 05:00:00+00:00,90.02,43124.7,7884.0,4159.099999999999,4560.475,2025-08-16 07:00:00+02:00,2025-08-16,7,5,8,1,12043.099999999999,16603.574999999997,26521.125
2025-08-16 06:00:00+00:00,80.99,46519.3,7704.325000000001,3808.8,11292.275,2025-08-16 08:00:00+02:00,2025-08-16,8,5,8,1,11513.125,22805.4,23713.9
2025-08-16 07:00:00+00:00,67.94,49381.275,7513.45,3531.95,18665.5,2025-08-16 09:00:00+02:00,2025-08-16,9,5,8,1,11045.4,29710.9,19670.375
2025-08-16 08:00:00+00:00,25.12,50867.7,7462.1,3364.225,25580.324999999997,2025-08-16 10:00:00+02:00,2025-08-16,10,5,8,1,10826.325,36406.649999999994,14461.050000000003
2025-08-16 09:00:00+00:00,3.8,51280.975,7760.725,3180.0249999999996,31590.925,2025-08-16 11:00:00+02:00,2025-08-16,11,5,8,1,10940.75,42531.675,8749.299999999996
2025-08-16 10:00:00+00:00,0.17,50256.975,8283.0,3090.725,35564.025,2025-08-16 12:00:00+02:00,2025-08-16,12,5,8,1,11373.725,46937.75,3319.2249999999985
2025-08-16 11:00:00+00:00,-0.01,48764.95,9196.425,3106.275,37169.425,2025-08-16 13:00:00+02:00,2025-08-16,13,5,8,1,12302.699999999999,49472.125,-707.1750000000029
2025-08-16 12:00:00+00:00,-0.01,47665.95,10680.15,3181.075,36395.375,2025-08-16 14:00:00+02:00,2025-08-16,14,5,8,1,13861.224999999999,50256.6,-2590.6500000000015
2025-08-16 13:00:00+00:00,-0.01,46887.425,12287.25,3316.875,33441.225,2025-08-16 15:00:00+02:00,2025-08-16,15,5,8,1,15604.125,49045.35,-2157.9249999999956
2025-08-16 14:00:00+00:00,0.71,46651.825,13890.325,3525.05,28300.5,2025-08-16 16:00:00+02:00,2025-08-16,16,5,8,1,17415.375,45715.875,935.9499999999971
2025-08-16 15:00:00+00:00,16.21,47443.45,15278.175,3824.925,20633.775,2025-08-16 17:00:00+02:00,2025-08-16,17,5,8,1,19103.1,39736.875,7706.574999999997
2025-08-16 16:00:00+00:00,69.92,48068.65,16119.2,4375.55,11150.325,2025-08-16 18:00:00+02:00,2025-08-16,18,5,8,1,20494.75,31645.075,16423.575
2025-08-16 17:00:00+00:00,95.0,48107.525,16060.05,4670.05,3498.275,2025-08-16 19:00:00+02:00,2025-08-16,19,5,8,1,20730.1,24228.375,23879.15
2025-08-16 18:00:00+00:00,102.62,47191.35,15704.5,4855.475,366.675,2025-08-16 20:00:00+02:00,2025-08-16,20,5,8,1,20559.975,20926.649999999998,26264.7
2025-08-16 19:00:00+00:00,100.61,45671.375,15299.15,4863.0,0.0,2025-08-16 21:00:00+02:00,2025-08-16,21,5,8,1,20162.15,20162.15,25509.225
2025-08-16 20:00:00+00:00,95.0,43661.825,14308.449999999999,4763.325,0.0,2025-08-16 22:00:00+02:00,2025-08-16,22,5,8,1,19071.774999999998,19071.774999999998,24590.05
2025-08-16 21:00:00+00:00,90.0,41231.3,13255.775,4664.875,0.0,2025-08-16 23:00:00+02:00,2025-08-16,23,5,8,1,17920.65,17920.65,23310.65
2025-08-16 22:00:00+00:00,91.28,39252.725,11436.6,4335.7,0.0,2025-08-17 00:00:00+02:00,2025-08-17,0,6,8,1,15772.3,15772.3,23480.425
2025-08-16 23:00:00+00:00,85.34,37558.975,10169.5,4204.825,0.0,2025-08-17 01:00:00+02:00,2025-08-17,1,6,8,1,14374.325,14374.325,23184.649999999998
2025-08-17 00:00:00+00:00,86.86,36605.725,9242.15,4015.575,0.0,2025-08-17 02:00:00+02:00,2025-08-17,2,6,8,1,13257.724999999999,13257.724999999999,23348.0
2025-08-17 01:00:00+00:00,86.63,36242.725,8473.35,3793.975,0.0,2025-08-17 03:00:00+02:00,2025-08-17,3,6,8,1,12267.325,12267.325,23975.399999999998
2025-08-17 02:00:00+00:00,87.73,36370.175,7692.6,3613.35,0.0,2025-08-17 04:00:00+02:00,2025-08-17,4,6,8,1,11305.95,11305.95,25064.225000000002
2025-08-17 03:00:00+00:00,89.93,37016.3,6841.65,3478.55,1.375,2025-08-17 05:00:00+02:00,2025-08-17,5,6,8,1,10320.2,10321.575,26694.725000000002
2025-08-17 04:00:00+00:00,89.89,38675.4,5944.55,3287.8,794.15,2025-08-17 06:00:00+02:00,2025-08-17,6,6,8,1,9232.35,10026.5,28648.9
2025-08-17 05:00:00+00:00,81.03,41149.1,4688.625,3029.925,5659.65,2025-08-17 07:00:00+02:00,2025-08-17,7,6,8,1,7718.55,13378.2,27770.899999999998
2025-08-17 06:00:00+00:00,76.24,44134.05,3551.325,2698.625,14863.075,2025-08-17 08:00:00+02:00,2025-08-17,8,6,8,1,6249.95,21113.025,23021.025
2025-08-17 07:00:00+00:00,32.59,46440.1,2945.825,2313.9750000000004,23887.125,2025-08-17 09:00:00+02:00,2025-08-17,9,6,8,1,5259.8,29146.925,17293.175
2025-08-17 08:00:00+00:00,9.96,48011.075,2590.375,1857.225,30808.5,2025-08-17 10:00:00+02:00,2025-08-17,10,6,8,1,4447.6,35256.1,12754.974999999999
2025-08-17 09:00:00+00:00,0.1,48475.05,2296.375,1418.1,35792.75,2025-08-17 11:00:00+02:00,2025-08-17,11,6,8,1,3714.475,39507.225,8967.825000000004
2025-08-17 10:00:00+00:00,-0.2,48041.5,2137.45,1057.925,38810.9,2025-08-17 12:00:00+02:00,2025-08-17,12,6,8,1,3195.375,42006.275,6035.2249999999985
2025-08-17 11:00:00+00:00,-0.93,47024.6,2284.475,841.35,40103.875,2025-08-17 13:00:00+02:00,2025-08-17,13,6,8,1,3125.825,43229.7,3794.9000000000015
2025-08-17 12:00:00+00:00,-1.25,45549.575,2760.8,758.375,39183.525,2025-08-17 14:00:00+02:00,2025-08-17,14,6,8,1,3519.175,42702.700000000004,2846.8749999999927
2025-08-17 13:00:00+00:00,0.65,44677.775,3186.7,747.225,35875.5,2025-08-17 15:00:00+02:00,2025-08-17,15,6,8,1,3933.9249999999997,39809.425,4868.3499999999985
2025-08-17 14:00:00+00:00,13.81,44581.2,3639.4,758.075,30148.05,2025-08-17 16:00:00+02:00,2025-08-17,16,6,8,1,4397.475,34545.525,10035.674999999996
2025-08-17 15:00:00+00:00,72.4,45162.9,4115.950000000001,780.05,21849.699999999997,2025-08-17 17:00:00+02:00,2025-08-17,17,6,8,1,4896.000000000001,26745.699999999997,18417.200000000004
2025-08-17 16:00:00+00:00,96.69,45765.375,4467.975,788.5999999999999,11635.775,2025-08-17 18:00:00+02:00,2025-08-17,18,6,8,1,5256.575000000001,16892.35,28873.025
2025-08-17 17:00:00+00:00,110.0,46429.675,4815.275,794.4,3426.175,2025-08-17 19:00:00+02:00,2025-08-17,19,6,8,1,5609.674999999999,9035.849999999999,37393.825000000004
2025-08-17 18:00:00+00:00,110.66,46683.975,5322.525,798.2,312.09999999999997,2025-08-17 20:00:00+02:00,2025-08-17,20,6,8,1,6120.724999999999,6432.825,40251.15
2025-08-17 19:00:00+00:00,110.14,45681.25,5386.05,775.775,0.0,2025-08-17 21:00:00+02:00,2025-08-17,21,6,8,1,6161.825,6161.825,39519.425
2025-08-17 20:00:00+00:00,105.1,43903.175,5271.35,708.425,0.0,2025-08-17 22:00:00+02:00,2025-08-17,22,6,8,1,5979.775000000001,5979.775000000001,37923.4
2025-08-17 21:00:00+00:00,102.54,41735.175,4965.725,607.2,0.0,2025-08-17 23:00:00+02:00,2025-08-17,23,6,8,1,5572.925,5572.925,36162.25
2025-08-17 22:00:00+00:00,91.99,39027.700000000004,3615.425,565.4499999999999,0.0,2025-08-18 00:00:00+02:00,2025-08-18,0,0,8,0,4180.875,4180.875,34846.825000000004
2025-08-17 23:00:00+00:00,87.13,37805.225,3147.075,413.775,0.0,2025-08-18 01:00:00+02:00,2025-08-18,1,0,8,0,3560.85,3560.85,34244.375
2025-08-18 00:00:00+00:00,84.33,37414.375,2873.375,295.625,0.0,2025-08-18 02:00:00+02:00,2025-08-18,2,0,8,0,3169.0,3169.0,34245.375
2025-08-18 01:00:00+00:00,83.85,37512.025,2496.725,218.125,0.0,2025-08-18 03:00:00+02:00,2025-08-18,3,0,8,0,2714.85,2714.85,34797.175
2025-08-18 02:00:00+00:00,89.46,38643.525,2141.425,185.45,0.0,2025-08-18 04:00:00+02:00,2025-08-18,4,0,8,0,2326.875,2326.875,36316.65
2025-08-18 03:00:00+00:00,99.27,42062.45,1913.75,176.725,0.725,2025-08-18 05:00:00+02:00,2025-08-18,5,0,8,0,2090.475,2091.2,39971.25
2025-08-18 04:00:00+00:00,118.51,48524.85,1819.625,164.025,864.875,2025-08-18 06:00:00+02:00,2025-08-18,6,0,8,0,1983.65,2848.525,45676.325
2025-08-18 05:00:00+00:00,130.13,53338.675,1726.8,133.3,6564.05,2025-08-18 07:00:00+02:00,2025-08-18,7,0,8,0,1860.1,8424.15,44914.525
2025-08-18 06:00:00+00:00,109.87,56900.375,1414.7,113.325,18007.45,2025-08-18 08:00:00+02:00,2025-08-18,8,0,8,0,1528.025,19535.475000000002,37364.899999999994
2025-08-18 07:00:00+00:00,88.84,58557.825,1091.325,83.35,29915.425000000003,2025-08-18 09:00:00+02:00,2025-08-18,9,0,8,0,1174.675,31090.100000000002,27467.724999999995
2025-08-18 08:00:00+00:00,72.06,59156.575,1099.1,60.275,39133.325000000004,2025-08-18 10:00:00+02:00,2025-08-18,10,0,8,0,1159.375,40292.700000000004,18863.874999999993
2025-08-18 09:00:00+00:00,45.93,59417.725,1252.925,47.325,45107.625,2025-08-18 11:00:00+02:00,2025-08-18,11,0,8,0,1300.25,46407.875,13009.849999999999
2025-08-18 10:00:00+00:00,20.04,59083.9,1343.3,40.875,47843.8,2025-08-18 12:00:00+02:00,2025-08-18,12,0,8,0,1384.175,49227.975000000006,9855.924999999996
2025-08-18 11:00:00+00:00,14.23,58198.275,1387.05,38.55,47917.125,2025-08-18 13:00:00+02:00,2025-08-18,13,0,8,0,1425.6,49342.725,8855.550000000003
2025-08-18 12:00:00+00:00,18.34,56874.325,1517.725,44.325,45824.425,2025-08-18 14:00:00+02:00,2025-08-18,14,0,8,0,1562.05,47386.475000000006,9487.849999999991
2025-08-18 13:00:00+00:00,54.56,55324.475,1625.6,61.075,41565.9,2025-08-18 15:00:00+02:00,2025-08-18,15,0,8,0,1686.675,43252.575000000004,12071.899999999994
2025-08-18 14:00:00+00:00,70.94,54292.55,1704.375,88.0,34648.85,2025-08-18 16:00:00+02:00,2025-08-18,16,0,8,0,1792.375,36441.225,17851.325000000004
2025-08-18 15:00:00+00:00,90.32,53934.1,1812.825,121.675,24756.275,2025-08-18 17:00:00+02:00,2025-08-18,17,0,8,0,1934.5,26690.775,27243.324999999997
2025-08-18 16:00:00+00:00,109.87,54514.175,2034.45,157.075,12785.625,2025-08-18 18:00:00+02:00,2025-08-18,18,0,8,0,2191.525,14977.15,39537.025
2025-08-18 17:00:00+00:00,185.5,54981.3,2648.7,201.075,3533.725,2025-08-18 19:00:00+02:00,2025-08-18,19,0,8,0,2849.7749999999996,6383.5,48597.8
2025-08-18 18:00:00+00:00,197.42,53911.525,3748.85,240.325,284.925,2025-08-18 20:00:00+02:00,2025-08-18,20,0,8,0,3989.1749999999997,4274.099999999999,49637.425
2025-08-18 19:00:00+00:00,124.67,52057.35,4469.05,260.725,0.0,2025-08-18 21:00:00+02:00,2025-08-18,21,0,8,0,4729.775000000001,4729.775000000001,47327.575
2025-08-18 20:00:00+00:00,107.49,49168.075,5004.65,270.95,0.0,2025-08-18 22:00:00+02:00,2025-08-18,22,0,8,0,5275.599999999999,5275.599999999999,43892.475
2025-08-18 21:00:00+00:00,102.0,45881.9,5170.7,274.325,0.0,2025-08-18 23:00:00+02:00,2025-08-18,23,0,8,0,5445.025,5445.025,40436.875
2025-08-18 22:00:00+00:00,101.01,43777.9,4866.375,211.25,0.0,2025-08-19 00:00:00+02:00,2025-08-19,0,1,8,0,5077.625,5077.625,38700.275
2025-08-18 23:00:00+00:00,94.82,42187.175,4377.025,207.425,0.0,2025-08-19 01:00:00+02:00,2025-08-19,1,1,8,0,4584.45,4584.45,37602.725000000006
2025-08-19 00:00:00+00:00,88.2,41220.625,4023.75,230.375,0.0,2025-08-19 02:00:00+02:00,2025-08-19,2,1,8,0,4254.125,4254.125,36966.5
2025-08-19 01:00:00+00:00,86.37,41194.95,3555.1,265.75,0.0,2025-08-19 03:00:00+02:00,2025-08-19,3,1,8,0,3820.85,3820.85,37374.1
2025-08-19 02:00:00+00:00,90.09,41974.35,3071.55,305.4,0.0,2025-08-19 04:00:00+02:00,2025-08-19,4,1,8,0,3376.9500000000003,3376.9500000000003,38597.4
2025-08-19 03:00:00+00:00,102.5,44613.475,2702.125,345.625,0.275,2025-08-19 05:00:00+02:00,2025-08-19,5,1,8,0,3047.75,3048.025,41565.45
2025-08-19 04:00:00+00:00,111.1,49928.8,2439.65,386.15,837.5,2025-08-19 06:00:00+02:00,2025-08-19,6,1,8,0,2825.8,3663.3,46265.5
2025-08-19 05:00:00+00:00,109.95,54932.9,2171.475,443.375,6553.025,2025-08-19 07:00:00+02:00,2025-08-19,7,1,8,0,2614.85,9167.875,45765.025
2025-08-19 06:00:00+00:00,98.05,58060.775,1785.3,520.625,18079.575,2025-08-19 08:00:00+02:00,2025-08-19,8,1,8,0,2305.925,20385.5,37675.275
2025-08-19 07:00:00+00:00,88.57,59391.6,1213.1,608.875,29920.05,2025-08-19 09:00:00+02:00,2025-08-19,9,1,8,0,1821.975,31742.024999999998,27649.575
2025-08-19 08:00:00+00:00,69.64,60253.775,1064.175,697.875,39101.65,2025-08-19 10:00:00+02:00,2025-08-19,10,1,8,0,1762.05,40863.700000000004,19390.074999999997
2025-08-19 09:00:00+00:00,43.23,60599.1,1320.575,785.8499999999999,45391.7,2025-08-19 11:00:00+02:00,2025-08-19,11,1,8,0,2106.425,47498.125,13100.974999999999
2025-08-19 10:00:00+00:00,22.85,59323.625,1576.175,885.2,48706.6,2025-08-19 12:00:00+02:00,2025-08-19,12,1,8,0,2461.375,51167.975,8155.6500000000015
2025-08-19 11:00:00+00:00,8.97,57966.775,1799.5,1028.0,49185.85,2025-08-19 13:00:00+02:00,2025-08-19,13,1,8,0,2827.5,52013.35,5953.425000000003
2025-08-19 12:00:00+00:00,15.26,56877.45,2208.25,1227.35,46937.975,2025-08-19 14:00:00+02:00,2025-08-19,14,1,8,0,3435.6,50373.575,6503.875
2025-08-19 13:00:00+00:00,30.89,56877.55,2611.575,1467.25,42078.1,2025-08-19 15:00:00+02:00,2025-08-19,15,1,8,0,4078.825,46156.924999999996,10720.625000000007
2025-08-19 14:00:00+00:00,60.6,56235.55,3057.0,1759.225,34490.9,2025-08-19 16:00:00+02:00,2025-08-19,16,1,8,0,4816.225,39307.125,16928.425000000003
2025-08-19 15:00:00+00:00,91.48,56621.2,3584.5,2083.625,24127.5,2025-08-19 17:00:00+02:00,2025-08-19,17,1,8,0,5668.125,29795.625,26825.574999999997
2025-08-19 16:00:00+00:00,101.91,56684.925,4226.475,2331.825,12146.45,2025-08-19 18:00:00+02:00,2025-08-19,18,1,8,0,6558.3,18704.75,37980.175
2025-08-19 17:00:00+00:00,120.51,55974.399999999994,4973.025,2505.3,3260.225,2025-08-19 19:00:00+02:00,2025-08-19,19,1,8,0,7478.325,10738.55,45235.84999999999
2025-08-19 18:00:00+00:00,128.62,54571.25,5786.725,2601.925,237.04999999999998,2025-08-19 20:00:00+02:00,2025-08-19,20,1,8,0,8388.650000000001,8625.7,45945.55
2025-08-19 19:00:00+00:00,111.06,52559.775,6102.45,2607.825,0.0,2025-08-19 21:00:00+02:00,2025-08-19,21,1,8,0,8710.275,8710.275,43849.5
2025-08-19 20:00:00+00:00,104.41,49614.925,6153.275,2517.1,0.0,2025-08-19 22:00:00+02:00,2025-08-19,22,1,8,0,8670.375,8670.375,40944.55
2025-08-19 21:00:00+00:00,97.2,46382.275,5819.225,2380.7,0.0,2025-08-19 23:00:00+02:00,2025-08-19,23,1,8,0,8199.925,8199.925,38182.350000000006
2025-08-19 22:00:00+00:00,97.7,43694.55,5236.775,2239.6,0.0,2025-08-20 00:00:00+02:00,2025-08-20,0,2,8,0,7476.375,7476.375,36218.175
2025-08-19 23:00:00+00:00,93.18,42064.649999999994,4572.625,2211.775,0.0,2025-08-20 01:00:00+02:00,2025-08-20,1,2,8,0,6784.4,6784.4,35280.24999999999
2025-08-20 00:00:00+00:00,87.64,41209.075,4366.325,2300.875,0.0,2025-08-20 02:00:00+02:00,2025-08-20,2,2,8,0,6667.2,6667.2,34541.875
2025-08-20 01:00:00+00:00,85.78,41152.65,4316.5,2480.0,0.0,2025-08-20 03:00:00+02:00,2025-08-20,3,2,8,0,6796.5,6796.5,34356.15
2025-08-20 02:00:00+00:00,89.66,42095.475,4484.6,2748.475,0.0,2025-08-20 04:00:00+02:00,2025-08-20,4,2,8,0,7233.075000000001,7233.075000000001,34862.399999999994
2025-08-20 03:00:00+00:00,98.8,44723.55,4752.7,2983.375,0.05,2025-08-20 05:00:00+02:00,2025-08-20,5,2,8,0,7736.075,7736.125,36987.425
2025-08-20 04:00:00+00:00,108.84,49718.6,4822.925,3212.8,704.2,2025-08-20 06:00:00+02:00,2025-08-20,6,2,8,0,8035.725,8739.925000000001,40978.674999999996
2025-08-20 05:00:00+00:00,110.12,53807.075,4558.75,3370.625,5415.7,2025-08-20 07:00:00+02:00,2025-08-20,7,2,8,0,7929.375,13345.075,40462.0
2025-08-20 06:00:00+00:00,103.91,57621.85,4123.425,3250.825,14463.275,2025-08-20 08:00:00+02:00,2025-08-20,8,2,8,0,7374.25,21837.525,35784.325
2025-08-20 07:00:00+00:00,90.05,59085.625,4174.325,2816.175,23806.3,2025-08-20 09:00:00+02:00,2025-08-20,9,2,8,0,6990.5,30796.8,28288.825
2025-08-20 08:00:00+00:00,80.98,59784.05,4624.125,2482.675,30949.65,2025-08-20 10:00:00+02:00,2025-08-20,10,2,8,0,7106.8,38056.450000000004,21727.6
2025-08-20 09:00:00+00:00,69.06,59819.975,4914.1,2141.9,35804.775,2025-08-20 11:00:00+02:00,2025-08-20,11,2,8,0,7056.0,42860.775,16959.199999999997
2025-08-20 10:00:00+00:00,49.07,58432.45,5133.875,1800.225,38190.55,2025-08-20 12:00:00+02:00,2025-08-20,12,2,8,0,6934.1,45124.65,13307.799999999996
2025-08-20 11:00:00+00:00,35.0,57519.225,5306.05,1553.45,38146.4,2025-08-20 13:00:00+02:00,2025-08-20,13,2,8,0,6859.5,45005.9,12513.324999999997
2025-08-20 12:00:00+00:00,42.03,56360.7,5531.825,1377.925,36091.65,2025-08-20 14:00:00+02:00,2025-08-20,14,2,8,0,6909.75,43001.4,13359.299999999996
2025-08-20 13:00:00+00:00,73.02,55327.15,5853.675,1289.9,32128.9,2025-08-20 15:00:00+02:00,2025-08-20,15,2,8,0,7143.575000000001,39272.475000000006,16054.674999999996
2025-08-20 14:00:00+00:00,81.45,54566.4,6369.075,1340.05,26044.75,2025-08-20 16:00:00+02:00,2025-08-20,16,2,8,0,7709.125,33753.875,20812.525
2025-08-20 15:00:00+00:00,101.69,54957.925,7054.525,1459.025,17914.825,2025-08-20 17:00:00+02:00,2025-08-20,17,2,8,0,8513.55,26428.375,28529.550000000003
2025-08-20 16:00:00+00:00,109.16,54920.9,7862.9,1638.0,9011.7,2025-08-20 18:00:00+02:00,2025-08-20,18,2,8,0,9500.9,18512.6,36408.3
2025-08-20 17:00:00+00:00,135.15,54724.825,8853.0,1815.475,2554.4,2025-08-20 19:00:00+02:00,2025-08-20,19,2,8,0,10668.475,13222.875,41501.95
2025-08-20 18:00:00+00:00,126.11,53820.75,10285.975,1918.1,214.5,2025-08-20 20:00:00+02:00,2025-08-20,20,2,8,0,12204.075,12418.575,41402.175
2025-08-20 19:00:00+00:00,114.95,51990.05,11346.925,1894.325,0.0,2025-08-20 21:00:00+02:00,2025-08-20,21,2,8,0,13241.25,13241.25,38748.8
2025-08-20 20:00:00+00:00,103.49,48869.95,11343.675,1713.175,0.0,2025-08-20 22:00:00+02:00,2025-08-20,22,2,8,0,13056.849999999999,13056.849999999999,35813.1
2025-08-20 21:00:00+00:00,97.34,45903.95,10595.275,1457.775,0.0,2025-08-20 23:00:00+02:00,2025-08-20,23,2,8,0,12053.05,12053.05,33850.899999999994
2025-08-20 22:00:00+00:00,96.11,43792.925,8999.95,1270.725,0.0,2025-08-21 00:00:00+02:00,2025-08-21,0,3,8,0,10270.675000000001,10270.675000000001,33522.25
2025-08-20 23:00:00+00:00,90.73,42254.775,7718.35,1158.075,0.0,2025-08-21 01:00:00+02:00,2025-08-21,1,3,8,0,8876.425000000001,8876.425000000001,33378.35
2025-08-21 00:00:00+00:00,87.52,41591.4,6688.65,1183.55,0.0,2025-08-21 02:00:00+02:00,2025-08-21,2,3,8,0,7872.2,7872.2,33719.200000000004
2025-08-21 01:00:00+00:00,90.88,41522.15,5775.75,1327.8,0.0,2025-08-21 03:00:00+02:00,2025-08-21,3,3,8,0,7103.55,7103.55,34418.6
2025-08-21 02:00:00+00:00,92.37,42225.575,5148.65,1580.575,0.0,2025-08-21 04:00:00+02:00,2025-08-21,4,3,8,0,6729.224999999999,6729.224999999999,35496.35
2025-08-21 03:00:00+00:00,108.59,44858.55,4929.925,1929.85,0.0,2025-08-21 05:00:00+02:00,2025-08-21,5,3,8,0,6859.775,6859.775,37998.775
2025-08-21 04:00:00+00:00,115.6,49899.875,4917.1,2244.05,544.65,2025-08-21 06:00:00+02:00,2025-08-21,6,3,8,0,7161.150000000001,7705.8,42194.075
2025-08-21 05:00:00+00:00,116.89,54345.7,4727.625,2452.6,4342.675,2025-08-21 07:00:00+02:00,2025-08-21,7,3,8,0,7180.225,11522.900000000001,42822.799999999996
2025-08-21 06:00:00+00:00,107.79,57293.075,4102.975,2472.475,11969.225,2025-08-21 08:00:00+02:00,2025-08-21,8,3,8,0,6575.450000000001,18544.675000000003,38748.399999999994
2025-08-21 07:00:00+00:00,97.32,58721.85,3734.8500000000004,2372.725,20287.5,2025-08-21 09:00:00+02:00,2025-08-21,9,3,8,0,6107.575000000001,26395.075,32326.774999999998
2025-08-21 08:00:00+00:00,85.85,59334.675,4309.925,2316.95,26906.925,2025-08-21 10:00:00+02:00,2025-08-21,10,3,8,0,6626.875,33533.8,25800.875
2025-08-21 09:00:00+00:00,77.64,59594.5,5481.625,2290.1,31245.95,2025-08-21 11:00:00+02:00,2025-08-21,11,3,8,0,7771.725,39017.675,20576.824999999997
2025-08-21 10:00:00+00:00,69.49,58818.85,6628.55,2391.025,32928.85,2025-08-21 12:00:00+02:00,2025-08-21,12,3,8,0,9019.575,41948.425,16870.424999999996
2025-08-21 11:00:00+00:00,66.09,57952.6,7929.575,2574.6,32484.0,2025-08-21 13:00:00+02:00,2025-08-21,13,3,8,0,10504.175,42988.175,14964.424999999996
2025-08-21 12:00:00+00:00,56.26,56446.175,9791.0,2763.275,30245.975,2025-08-21 14:00:00+02:00,2025-08-21,14,3,8,0,12554.275,42800.25,13645.925000000003
2025-08-21 13:00:00+00:00,68.2,55402.025,11859.775,3012.625,26648.775,2025-08-21 15:00:00+02:00,2025-08-21,15,3,8,0,14872.4,41521.175,13880.849999999999
2025-08-21 14:00:00+00:00,72.39,54698.75,13836.575,3355.325,21589.1,2025-08-21 16:00:00+02:00,2025-08-21,16,3,8,0,17191.9,38781.0,15917.75
2025-08-21 15:00:00+00:00,92.88,54652.725,15471.75,3655.725,15049.85,2025-08-21 17:00:00+02:00,2025-08-21,17,3,8,0,19127.475,34177.325,20475.4
2025-08-21 16:00:00+00:00,103.2,55041.825,16455.125,3871.45,7820.4,2025-08-21 18:00:00+02:00,2025-08-21,18,3,8,0,20326.575,28146.975,26894.85
2025-08-21 17:00:00+00:00,106.39,54896.575,16769.825,3999.275,2311.55,2025-08-21 19:00:00+02:00,2025-08-21,19,3,8,0,20769.100000000002,23080.65,31815.924999999996
2025-08-21 18:00:00+00:00,110.73,53617.95,16598.65,4005.35,181.75,2025-08-21 20:00:00+02:00,2025-08-21,20,3,8,0,20604.0,20785.75,32832.2
2025-08-21 19:00:00+00:00,110.73,51770.375,16358.325,3906.05,0.0,2025-08-21 21:00:00+02:00,2025-08-21,21,3,8,0,20264.375,20264.375,31506.0
2025-08-21 20:00:00+00:00,105.0,48938.075,15673.475,3749.25,0.0,2025-08-21 22:00:00+02:00,2025-08-21,22,3,8,0,19422.725,19422.725,29515.35
2025-08-21 21:00:00+00:00,95.78,45771.425,14961.75,3621.375,0.0,2025-08-21 23:00:00+02:00,2025-08-21,23,3,8,0,18583.125,18583.125,27188.300000000003
2025-08-21 22:00:00+00:00,89.27,43399.45,12906.625,3777.575,0.0,2025-08-22 00:00:00+02:00,2025-08-22,0,4,8,0,16684.2,16684.2,26715.249999999996
2025-08-21 23:00:00+00:00,81.99,41971.675,11951.1,3752.4,0.0,2025-08-22 01:00:00+02:00,2025-08-22,1,4,8,0,15703.5,15703.5,26268.175000000003
2025-08-22 00:00:00+00:00,78.59,41284.025,11408.85,3809.875,0.0,2025-08-22 02:00:00+02:00,2025-08-22,2,4,8,0,15218.725,15218.725,26065.300000000003
2025-08-22 01:00:00+00:00,77.52,41375.25,11027.625,3916.975,0.0,2025-08-22 03:00:00+02:00,2025-08-22,3,4,8,0,14944.6,14944.6,26430.65
2025-08-22 02:00:00+00:00,77.65,42340.625,10666.85,4050.2,0.0,2025-08-22 04:00:00+02:00,2025-08-22,4,4,8,0,14717.05,14717.05,27623.575
2025-08-22 03:00:00+00:00,87.9,45000.55,10246.475,4102.575,0.0,2025-08-22 05:00:00+02:00,2025-08-22,5,4,8,0,14349.05,14349.05,30651.500000000004
2025-08-22 04:00:00+00:00,105.76,50229.275,9684.9,4112.675,606.075,2025-08-22 06:00:00+02:00,2025-08-22,6,4,8,0,13797.575,14403.650000000001,35825.625
2025-08-22 05:00:00+00:00,107.45,54199.5,8812.475,4127.425,5091.275,2025-08-22 07:00:00+02:00,2025-08-22,7,4,8,0,12939.900000000001,18031.175000000003,36168.325
2025-08-22 06:00:00+00:00,102.32,57673.375,8260.8,4055.15,13858.825,2025-08-22 08:00:00+02:00,2025-08-22,8,4,8,0,12315.949999999999,26174.775,31498.6
2025-08-22 07:00:00+00:00,90.02,58987.3,9062.075,3911.4,22725.825,2025-08-22 09:00:00+02:00,2025-08-22,9,4,8,0,12973.475,35699.3,23288.0
2025-08-22 08:00:00+00:00,72.44,59725.3,10690.575,3674.5249999999996,28916.725,2025-08-22 10:00:00+02:00,2025-08-22,10,4,8,0,14365.1,43281.825,16443.475000000006
2025-08-22 09:00:00+00:00,42.5,59435.225000000006,12033.05,3512.325,32374.15,2025-08-22 11:00:00+02:00,2025-08-22,11,4,8,0,15545.375,47919.525,11515.700000000004
2025-08-22 10:00:00+00:00,14.07,58119.05,13187.975,3465.6,34040.075,2025-08-22 12:00:00+02:00,2025-08-22,12,4,8,0,16653.575,50693.649999999994,7425.400000000009
2025-08-22 11:00:00+00:00,3.84,56606.075,14460.025,3364.775,34386.5,2025-08-22 13:00:00+02:00,2025-08-22,13,4,8,0,17824.8,52211.3,4394.774999999994
2025-08-22 12:00:00+00:00,0.02,55007.5,16029.825,3362.65,33115.95,2025-08-22 14:00:00+02:00,2025-08-22,14,4,8,0,19392.475000000002,52508.425,2499.074999999997
2025-08-22 13:00:00+00:00,4.01,54429.2,17248.325,3438.125,30268.800000000003,2025-08-22 15:00:00+02:00,2025-08-22,15,4,8,0,20686.45,50955.25,3473.949999999997
2025-08-22 14:00:00+00:00,40.64,53702.149999999994,18067.4,3578.525,25001.45,2025-08-22 16:00:00+02:00,2025-08-22,16,4,8,0,21645.925000000003,46647.375,7054.774999999994
2025-08-22 15:00:00+00:00,73.14,54251.35,18132.5,3762.6749999999997,17649.25,2025-08-22 17:00:00+02:00,2025-08-22,17,4,8,0,21895.175,39544.425,14706.924999999996
2025-08-22 16:00:00+00:00,95.17,53800.65,17072.875,4078.575,9372.75,2025-08-22 18:00:00+02:00,2025-08-22,18,4,8,0,21151.45,30524.2,23276.45
2025-08-22 17:00:00+00:00,106.07,53082.575,15062.824999999999,4309.225,2694.225,2025-08-22 19:00:00+02:00,2025-08-22,19,4,8,0,19372.05,22066.274999999998,31016.3
2025-08-22 18:00:00+00:00,113.0,51745.0,13141.3,4356.6,152.0,2025-08-22 20:00:00+02:00,2025-08-22,20,4,8,0,17497.9,17649.9,34095.1
2025-08-22 19:00:00+00:00,107.63,50022.25,11627.775,4272.7,0.0,2025-08-22 21:00:00+02:00,2025-08-22,21,4,8,0,15900.474999999999,15900.474999999999,34121.775
2025-08-22 20:00:00+00:00,103.09,47138.75,10570.7,4123.725,0.0,2025-08-22 22:00:00+02:00,2025-08-22,22,4,8,0,14694.425000000001,14694.425000000001,32444.324999999997
2025-08-22 21:00:00+00:00,94.37,43963.399999999994,9993.325,4043.35,0.0,2025-08-22 23:00:00+02:00,2025-08-22,23,4,8,0,14036.675000000001,14036.675000000001,29926.72499999999
2025-08-22 22:00:00+00:00,95.33,41364.2,9498.75,4321.675,0.0,2025-08-23 00:00:00+02:00,2025-08-23,0,5,8,1,13820.425,13820.425,27543.774999999998
2025-08-22 23:00:00+00:00,89.32,39524.575,9537.1,4456.975,0.0,2025-08-23 01:00:00+02:00,2025-08-23,1,5,8,1,13994.075,13994.075,25530.499999999996
2025-08-23 00:00:00+00:00,87.76,38530.15,9805.05,4594.225,0.0,2025-08-23 02:00:00+02:00,2025-08-23,2,5,8,1,14399.275,14399.275,24130.875
2025-08-23 01:00:00+00:00,85.21,38139.35,10047.65,4659.025,0.0,2025-08-23 03:00:00+02:00,2025-08-23,3,5,8,1,14706.675,14706.675,23432.675
2025-08-23 02:00:00+00:00,85.56,38220.6,10373.975,4724.425,0.0,2025-08-23 04:00:00+02:00,2025-08-23,4,5,8,1,15098.400000000001,15098.400000000001,23122.199999999997
2025-08-23 03:00:00+00:00,85.6,38812.625,10921.5,4738.575,0.0,2025-08-23 05:00:00+02:00,2025-08-23,5,5,8,1,15660.075,15660.075,23152.55
2025-08-23 04:00:00+00:00,86.67,40454.025,11343.625,4676.35,457.90000000000003,2025-08-23 06:00:00+02:00,2025-08-23,6,5,8,1,16019.975,16477.875,23976.15
2025-08-23 05:00:00+00:00,86.78,42876.25,11060.85,4579.35,3952.4750000000004,2025-08-23 07:00:00+02:00,2025-08-23,7,5,8,1,15640.2,19592.675000000003,23283.574999999997
2025-08-23 06:00:00+00:00,83.57,46342.025,11216.25,4434.775,10563.275,2025-08-23 08:00:00+02:00,2025-08-23,8,5,8,1,15651.025,26214.3,20127.725000000002
2025-08-23 07:00:00+00:00,62.9,49253.1,12658.325,4035.25,18117.9,2025-08-23 09:00:00+02:00,2025-08-23,9,5,8,1,16693.575,34811.475000000006,14441.624999999993
2025-08-23 08:00:00+00:00,14.69,50454.350000000006,14207.7,3750.325,24552.975,2025-08-23 10:00:00+02:00,2025-08-23,10,5,8,1,17958.025,42511.0,7943.350000000006
2025-08-23 09:00:00+00:00,3.29,50796.225,14919.675,3570.5,28707.475,2025-08-23 11:00:00+02:00,2025-08-23,11,5,8,1,18490.175,47197.649999999994,3598.5750000000044
2025-08-23 10:00:00+00:00,1.32,50072.5,15366.7,3304.875,30501.25,2025-08-23 12:00:00+02:00,2025-08-23,12,5,8,1,18671.575,49172.825,899.6750000000029
2025-08-23 11:00:00+00:00,0.06,48644.725,15846.5,3015.5249999999996,30615.025,2025-08-23 13:00:00+02:00,2025-08-23,13,5,8,1,18862.025,49477.05,-832.3250000000044
2025-08-23 12:00:00+00:00,0.07,47593.375,16467.375,2739.9,29444.775,2025-08-23 14:00:00+02:00,2025-08-23,14,5,8,1,19207.275,48652.05,-1058.675000000003
2025-08-23 13:00:00+00:00,3.52,46995.2,16574.75,2583.3,26796.45,2025-08-23 15:00:00+02:00,2025-08-23,15,5,8,1,19158.05,45954.5,1040.699999999997
2025-08-23 14:00:00+00:00,12.1,46894.55,16219.775,2557.75,22591.775,2025-08-23 16:00:00+02:00,2025-08-23,16,5,8,1,18777.525,41369.3,5525.25
2025-08-23 15:00:00+00:00,72.19,47605.675,15196.725,2605.0,16496.15,2025-08-23 17:00:00+02:00,2025-08-23,17,5,8,1,17801.725,34297.875,13307.800000000003
2025-08-23 16:00:00+00:00,100.31,48011.55,12965.25,2654.525,8946.4,2025-08-23 18:00:00+02:00,2025-08-23,18,5,8,1,15619.775,24566.175,23445.375000000004
2025-08-23 17:00:00+00:00,112.22,47659.1,9993.65,2654.4,2617.1,2025-08-23 19:00:00+02:00,2025-08-23,19,5,8,1,12648.05,15265.15,32393.949999999997
2025-08-23 18:00:00+00:00,123.67,46436.8,7923.75,2516.675,148.725,2025-08-23 20:00:00+02:00,2025-08-23,20,5,8,1,10440.425,10589.15,35847.65
2025-08-23 19:00:00+00:00,120.43,44928.25,6472.35,2279.45,0.0,2025-08-23 21:00:00+02:00,2025-08-23,21,5,8,1,8751.8,8751.8,36176.45
2025-08-23 20:00:00+00:00,111.16,43038.125,5424.325,2019.65,0.0,2025-08-23 22:00:00+02:00,2025-08-23,22,5,8,1,7443.975,7443.975,35594.15
2025-08-23 21:00:00+00:00,105.28,40595.275,4684.95,1797.0500000000002,0.0,2025-08-23 23:00:00+02:00,2025-08-23,23,5,8,1,6482.0,6482.0,34113.275
2025-08-23 22:00:00+00:00,100.5,38857.0,4484.75,1814.95,0.0,2025-08-24 00:00:00+02:00,2025-08-24,0,6,8,1,6299.7,6299.7,32557.3
2025-08-23 23:00:00+00:00,95.13,37202.575,4322.25,1774.6,0.0,2025-08-24 01:00:00+02:00,2025-08-24,1,6,8,1,6096.85,6096.85,31105.725
2025-08-24 00:00:00+00:00,94.41,36272.65,4566.925,1862.075,0.0,2025-08-24 02:00:00+02:00,2025-08-24,2,6,8,1,6429.0,6429.0,29843.65
2025-08-24 01:00:00+00:00,92.13,35937.8,4934.225,2009.125,0.0,2025-08-24 03:00:00+02:00,2025-08-24,3,6,8,1,6943.35,6943.35,28994.450000000004
2025-08-24 02:00:00+00:00,91.2,36125.5,5281.2,2154.925,0.0,2025-08-24 04:00:00+02:00,2025-08-24,4,6,8,1,7436.125,7436.125,28689.375
2025-08-24 03:00:00+00:00,90.97,36743.375,5472.7,2255.05,0.0,2025-08-24 05:00:00+02:00,2025-08-24,5,6,8,1,7727.75,7727.75,29015.625
2025-08-24 04:00:00+00:00,90.0,38622.775,5481.9,2333.125,557.875,2025-08-24 06:00:00+02:00,2025-08-24,6,6,8,1,7815.025,8372.9,30249.875
2025-08-24 05:00:00+00:00,85.01,41029.3,5064.075,2384.65,5581.175,2025-08-24 07:00:00+02:00,2025-08-24,7,6,8,1,7448.725,13029.900000000001,27999.4
2025-08-24 06:00:00+00:00,72.84,44109.05,4066.85,2411.675,15847.75,2025-08-24 08:00:00+02:00,2025-08-24,8,6,8,1,6478.525,22326.275,21782.775
2025-08-24 07:00:00+00:00,4.8,46811.424999999996,3548.275,2373.4,26233.675,2025-08-24 09:00:00+02:00,2025-08-24,9,6,8,1,5921.675,32155.35,14656.074999999997
2025-08-24 08:00:00+00:00,-0.01,48243.525,4363.125,1709.675,33080.8,2025-08-24 10:00:00+02:00,2025-08-24,10,6,8,1,6072.8,39153.600000000006,9089.924999999996
2025-08-24 09:00:00+00:00,-0.07,48779.15,5436.85,1657.35,36187.475,2025-08-24 11:00:00+02:00,2025-08-24,11,6,8,1,7094.200000000001,43281.675,5497.4749999999985
2025-08-24 10:00:00+00:00,-1.98,48211.55,6140.225,1628.625,36669.425,2025-08-24 12:00:00+02:00,2025-08-24,12,6,8,1,7768.85,44438.275,3773.2750000000015
2025-08-24 11:00:00+00:00,-7.45,46733.725,6847.95,1610.525,35501.475,2025-08-24 13:00:00+02:00,2025-08-24,13,6,8,1,8458.475,43959.95,2773.7750000000015
2025-08-24 12:00:00+00:00,-7.4,45024.2,7590.525,1618.0,33553.4,2025-08-24 14:00:00+02:00,2025-08-24,14,6,8,1,9208.525,42761.925,2262.274999999994
2025-08-24 13:00:00+00:00,-0.1,43923.1,8345.475,1648.475,30504.600000000002,2025-08-24 15:00:00+02:00,2025-08-24,15,6,8,1,9993.95,40498.55,3424.5499999999956
2025-08-24 14:00:00+00:00,0.0,43962.55,8828.9,2122.325,25503.725,2025-08-24 16:00:00+02:00,2025-08-24,16,6,8,1,10951.224999999999,36454.95,7507.600000000006
2025-08-24 15:00:00+00:00,63.36,45019.0,8807.675,2112.95,18349.325,2025-08-24 17:00:00+02:00,2025-08-24,17,6,8,1,10920.625,29269.95,15749.05
2025-08-24 16:00:00+00:00,99.81,45856.6,8080.175,2040.5,9788.625,2025-08-24 18:00:00+02:00,2025-08-24,18,6,8,1,10120.675,19909.3,25947.3
2025-08-24 17:00:00+00:00,110.5,46581.5,6996.5,1941.25,2691.575,2025-08-24 19:00:00+02:00,2025-08-24,19,6,8,1,8937.75,11629.325,34952.175
2025-08-24 18:00:00+00:00,117.31,46734.35,6465.675,1839.2,120.45,2025-08-24 20:00:00+02:00,2025-08-24,20,6,8,1,8304.875,8425.325,38309.024999999994
2025-08-24 19:00:00+00:00,114.32,45635.175,6289.35,1756.7,0.0,2025-08-24 21:00:00+02:00,2025-08-24,21,6,8,1,8046.05,8046.05,37589.125
2025-08-24 20:00:00+00:00,107.5,43672.225,6404.625,1711.8,0.0,2025-08-24 22:00:00+02:00,2025-08-24,22,6,8,1,8116.425,8116.425,35555.799999999996
2025-08-24 21:00:00+00:00,100.52,41357.15,6548.125,1697.35,0.0,2025-08-24 23:00:00+02:00,2025-08-24,23,6,8,1,8245.475,8245.475,33111.675
2025-08-24 22:00:00+00:00,95.28,39380.075,6093.625,1905.65,0.0,2025-08-25 00:00:00+02:00,2025-08-25,0,0,8,0,7999.275,7999.275,31380.799999999996
2025-08-24 23:00:00+00:00,87.03,38183.6,5759.05,1939.225,0.0,2025-08-25 01:00:00+02:00,2025-08-25,1,0,8,0,7698.275,7698.275,30485.324999999997
2025-08-25 00:00:00+00:00,84.02,37866.875,5554.775,1929.875,0.0,2025-08-25 02:00:00+02:00,2025-08-25,2,0,8,0,7484.65,7484.65,30382.225
2025-08-25 01:00:00+00:00,82.9,38064.2,5399.75,1908.075,0.0,2025-08-25 03:00:00+02:00,2025-08-25,3,0,8,0,7307.825,7307.825,30756.374999999996
2025-08-25 02:00:00+00:00,83.46,39273.75,5219.625,1872.65,0.0,2025-08-25 04:00:00+02:00,2025-08-25,4,0,8,0,7092.275,7092.275,32181.475
2025-08-25 03:00:00+00:00,102.46,42705.35,5082.975,1789.2,0.0,2025-08-25 05:00:00+02:00,2025-08-25,5,0,8,0,6872.175,6872.175,35833.174999999996
2025-08-25 04:00:00+00:00,115.38,49223.8,5065.925,1676.375,485.42499999999995,2025-08-25 06:00:00+02:00,2025-08-25,6,0,8,0,6742.3,7227.725,41996.075000000004
2025-08-25 05:00:00+00:00,125.0,54144.3,4866.3,1554.9499999999998,5438.474999999999,2025-08-25 07:00:00+02:00,2025-08-25,7,0,8,0,6421.25,11859.724999999999,42284.575000000004
2025-08-25 06:00:00+00:00,110.04,57597.8,4269.2,1420.5,16005.15,2025-08-25 08:00:00+02:00,2025-08-25,8,0,8,0,5689.7,21694.85,35902.950000000004
2025-08-25 07:00:00+00:00,91.97,59369.75,4273.9,1262.025,27129.05,2025-08-25 09:00:00+02:00,2025-08-25,9,0,8,0,5535.924999999999,32664.975,26704.775
2025-08-25 08:00:00+00:00,72.98,59815.4,5385.45,1119.025,35497.05,2025-08-25 10:00:00+02:00,2025-08-25,10,0,8,0,6504.475,42001.525,17813.875
2025-08-25 09:00:00+00:00,35.02,60144.25,6168.675,1040.025,40820.1,2025-08-25 11:00:00+02:00,2025-08-25,11,0,8,0,7208.700000000001,48028.8,12115.449999999997
2025-08-25 10:00:00+00:00,10.0,59552.8,6306.9,1057.6,43731.375,2025-08-25 12:00:00+02:00,2025-08-25,12,0,8,0,7364.5,51095.875,8456.925000000003
2025-08-25 11:00:00+00:00,5.93,58570.075,6304.9,1135.75,44391.375,2025-08-25 13:00:00+02:00,2025-08-25,13,0,8,0,7440.65,51832.025,6738.049999999996
2025-08-25 12:00:00+00:00,6.78,57026.45,6404.45,1226.025,42846.075,2025-08-25 14:00:00+02:00,2025-08-25,14,0,8,0,7630.475,50476.549999999996,6549.9000000000015
2025-08-25 13:00:00+00:00,25.2,55422.85,6418.85,1303.45,38672.475,2025-08-25 15:00:00+02:00,2025-08-25,15,0,8,0,7722.3,46394.775,9028.074999999997
2025-08-25 14:00:00+00:00,56.43,54476.75,6195.65,1337.7,31442.3,2025-08-25 16:00:00+02:00,2025-08-25,16,0,8,0,7533.349999999999,38975.65,15501.099999999999
2025-08-25 15:00:00+00:00,86.67,54349.375,5599.425,1289.125,21399.925,2025-08-25 17:00:00+02:00,2025-08-25,17,0,8,0,6888.55,28288.475,26060.9
2025-08-25 16:00:00+00:00,111.54,55091.25,4555.175,1165.2,10436.4,2025-08-25 18:00:00+02:00,2025-08-25,18,0,8,0,5720.375,16156.775,38934.475
2025-08-25 17:00:00+00:00,159.03,55630.325,3506.65,992.75,2614.725,2025-08-25 19:00:00+02:00,2025-08-25,19,0,8,0,4499.4,7114.125,48516.2
2025-08-25 18:00:00+00:00,232.82,54590.7,2949.425,808.3,93.9,2025-08-25 20:00:00+02:00,2025-08-25,20,0,8,0,3757.7250000000004,3851.6250000000005,50739.075
2025-08-25 19:00:00+00:00,138.04,52695.15,2508.625,649.35,0.0,2025-08-25 21:00:00+02:00,2025-08-25,21,0,8,0,3157.975,3157.975,49537.175
2025-08-25 20:00:00+00:00,115.04,49745.65,2323.7,516.75,0.0,2025-08-25 22:00:00+02:00,2025-08-25,22,0,8,0,2840.45,2840.45,46905.200000000004
2025-08-25 21:00:00+00:00,105.15,46394.675,2224.95,431.575,0.0,2025-08-25 23:00:00+02:00,2025-08-25,23,0,8,0,2656.5249999999996,2656.5249999999996,43738.15
2025-08-25 22:00:00+00:00,105.8,43302.45,2201.55,331.95,0.0,2025-08-26 00:00:00+02:00,2025-08-26,0,1,8,0,2533.5,2533.5,40768.95
2025-08-25 23:00:00+00:00,100.44,41799.975,2158.2999999999997,300.85,0.0,2025-08-26 01:00:00+02:00,2025-08-26,1,1,8,0,2459.1499999999996,2459.1499999999996,39340.825
2025-08-26 00:00:00+00:00,96.58,40882.675,2281.65,288.575,0.0,2025-08-26 02:00:00+02:00,2025-08-26,2,1,8,0,2570.225,2570.225,38312.450000000004
2025-08-26 01:00:00+00:00,94.79,40878.8,2384.05,305.55,0.0,2025-08-26 03:00:00+02:00,2025-08-26,3,1,8,0,2689.6000000000004,2689.6000000000004,38189.200000000004
2025-08-26 02:00:00+00:00,96.27,41799.925,2489.725,355.875,0.0,2025-08-26 04:00:00+02:00,2025-08-26,4,1,8,0,2845.6,2845.6,38954.325000000004
2025-08-26 03:00:00+00:00,106.6,44562.375,2637.675,437.375,0.0,2025-08-26 05:00:00+02:00,2025-08-26,5,1,8,0,3075.05,3075.05,41487.325
2025-08-26 04:00:00+00:00,124.59,50046.175,2839.05,553.1,446.6,2025-08-26 06:00:00+02:00,2025-08-26,6,1,8,0,3392.15,3838.75,46207.425
2025-08-26 05:00:00+00:00,123.45,54723.149999999994,3010.225,689.975,5243.65,2025-08-26 07:00:00+02:00,2025-08-26,7,1,8,0,3700.2,8943.849999999999,45779.299999999996
2025-08-26 06:00:00+00:00,106.79,57463.6,2736.325,797.4,15827.8,2025-08-26 08:00:00+02:00,2025-08-26,8,1,8,0,3533.725,19361.524999999998,38102.075
2025-08-26 07:00:00+00:00,90.0,58659.9,1783.0,863.825,27458.9,2025-08-26 09:00:00+02:00,2025-08-26,9,1,8,0,2646.825,30105.725000000002,28554.175
2025-08-26 08:00:00+00:00,77.47,59515.4,1279.225,905.25,36691.1,2025-08-26 10:00:00+02:00,2025-08-26,10,1,8,0,2184.475,38875.575,20639.825000000004
2025-08-26 09:00:00+00:00,61.6,59696.275,1402.35,963.225,42632.1,2025-08-26 11:00:00+02:00,2025-08-26,11,1,8,0,2365.575,44997.674999999996,14698.600000000006
2025-08-26 10:00:00+00:00,41.95,58638.0,1610.925,1024.6,45417.6,2025-08-26 12:00:00+02:00,2025-08-26,12,1,8,0,2635.5249999999996,48053.125,10584.875
2025-08-26 11:00:00+00:00,26.28,57458.1,1780.55,1090.075,45410.6,2025-08-26 13:00:00+02:00,2025-08-26,13,1,8,0,2870.625,48281.225,9176.875
2025-08-26 12:00:00+00:00,38.05,56249.675,1862.15,1149.25,42705.1,2025-08-26 14:00:00+02:00,2025-08-26,14,1,8,0,3011.4,45716.5,10533.175000000003
2025-08-26 13:00:00+00:00,72.39,56160.375,1862.825,1242.075,37290.825,2025-08-26 15:00:00+02:00,2025-08-26,15,1,8,0,3104.9,40395.725,15764.650000000001
2025-08-26 14:00:00+00:00,88.26,55593.0,1865.175,1397.925,29005.65,2025-08-26 16:00:00+02:00,2025-08-26,16,1,8,0,3263.1,32268.75,23324.25
2025-08-26 15:00:00+00:00,105.05,55790.025,1833.4,1593.15,18447.1,2025-08-26 17:00:00+02:00,2025-08-26,17,1,8,0,3426.55,21873.649999999998,33916.375
2025-08-26 16:00:00+00:00,131.09,56109.649999999994,1913.575,1821.375,8275.699999999999,2025-08-26 18:00:00+02:00,2025-08-26,18,1,8,0,3734.95,12010.649999999998,44099.0
2025-08-26 17:00:00+00:00,196.88,55728.925,2705.35,2089.7,1993.3,2025-08-26 19:00:00+02:00,2025-08-26,19,1,8,0,4795.049999999999,6788.349999999999,48940.575000000004
2025-08-26 18:00:00+00:00,180.17,54486.6,4875.425,2364.175,73.125,2025-08-26 20:00:00+02:00,2025-08-26,20,1,8,0,7239.6,7312.725,47173.875
2025-08-26 19:00:00+00:00,123.3,52435.2,7587.875,2506.875,0.0,2025-08-26 21:00:00+02:00,2025-08-26,21,1,8,0,10094.75,10094.75,42340.45
2025-08-26 20:00:00+00:00,109.47,49480.775,10081.375,2501.425,0.0,2025-08-26 22:00:00+02:00,2025-08-26,22,1,8,0,12582.8,12582.8,36897.975000000006
2025-08-26 21:00:00+00:00,97.67,46264.775,11538.425,2353.3999999999996,0.0,2025-08-26 23:00:00+02:00,2025-08-26,23,1,8,0,13891.824999999999,13891.824999999999,32372.950000000004
2025-08-26 22:00:00+00:00,96.59,43649.9,11883.15,2132.725,0.0,2025-08-27 00:00:00+02:00,2025-08-27,0,2,8,0,14015.875,14015.875,29634.025
2025-08-26 23:00:00+00:00,89.98,42157.225,12060.125,1812.15,0.0,2025-08-27 01:00:00+02:00,2025-08-27,1,2,8,0,13872.275,13872.275,28284.949999999997
2025-08-27 00:00:00+00:00,86.52,41406.45,11712.9,1528.9,0.0,2025-08-27 02:00:00+02:00,2025-08-27,2,2,8,0,13241.8,13241.8,28164.649999999998
2025-08-27 01:00:00+00:00,87.25,41253.25,10844.225,1318.825,0.0,2025-08-27 03:00:00+02:00,2025-08-27,3,2,8,0,12163.050000000001,12163.050000000001,29090.199999999997
2025-08-27 02:00:00+00:00,90.0,42264.075,9846.675,1128.625,0.0,2025-08-27 04:00:00+02:00,2025-08-27,4,2,8,0,10975.3,10975.3,31288.774999999998
2025-08-27 03:00:00+00:00,97.73,44920.8,9141.8,985.275,0.0,2025-08-27 05:00:00+02:00,2025-08-27,5,2,8,0,10127.074999999999,10127.074999999999,34793.725000000006
2025-08-27 04:00:00+00:00,110.0,49999.925,8866.625,925.825,295.1,2025-08-27 06:00:00+02:00,2025-08-27,6,2,8,0,9792.45,10087.550000000001,39912.375
2025-08-27 05:00:00+00:00,115.19,54074.274999999994,8403.9,987.5,3422.925,2025-08-27 07:00:00+02:00,2025-08-27,7,2,8,0,9391.4,12814.325,41259.95
2025-08-27 06:00:00+00:00,113.64,58008.05,6895.125,1193.325,10400.65,2025-08-27 08:00:00+02:00,2025-08-27,8,2,8,0,8088.45,18489.1,39518.950000000004
2025-08-27 07:00:00+00:00,101.63,59921.8,5037.8,1450.9,19087.3,2025-08-27 09:00:00+02:00,2025-08-27,9,2,8,0,6488.700000000001,25576.0,34345.8
2025-08-27 08:00:00+00:00,86.0,60906.1,4411.35,1649.7,27468.3,2025-08-27 10:00:00+02:00,2025-08-27,10,2,8,0,6061.05,33529.35,27376.75
2025-08-27 09:00:00+00:00,79.29,61375.675,4764.025,1763.65,33718.2,2025-08-27 11:00:00+02:00,2025-08-27,11,2,8,0,6527.674999999999,40245.875,21129.800000000003
2025-08-27 10:00:00+00:00,64.38,60336.675,5367.05,1822.375,37067.325,2025-08-27 12:00:00+02:00,2025-08-27,12,2,8,0,7189.425,44256.75,16079.925000000003
2025-08-27 11:00:00+00:00,50.68,59150.8,5804.825,1785.575,37139.55,2025-08-27 13:00:00+02:00,2025-08-27,13,2,8,0,7590.4,44729.950000000004,14420.849999999999
2025-08-27 12:00:00+00:00,50.94,57905.55,5985.625,1643.375,34454.825,2025-08-27 14:00:00+02:00,2025-08-27,14,2,8,0,7629.0,42083.825,15821.725000000006
2025-08-27 13:00:00+00:00,76.18,56857.05,5849.125,1468.475,29914.075,2025-08-27 15:00:00+02:00,2025-08-27,15,2,8,0,7317.6,37231.675,19625.375
2025-08-27 14:00:00+00:00,85.1,56100.125,5374.3,1257.225,23295.050000000003,2025-08-27 16:00:00+02:00,2025-08-27,16,2,8,0,6631.525,29926.575000000004,26173.549999999996
2025-08-27 15:00:00+00:00,104.94,56401.55,4596.8,1033.8,15267.725,2025-08-27 17:00:00+02:00,2025-08-27,17,2,8,0,5630.6,20898.325,35503.225000000006
2025-08-27 16:00:00+00:00,134.63,55940.85,3785.925,816.8,7279.15,2025-08-27 18:00:00+02:00,2025-08-27,18,2,8,0,4602.725,11881.875,44058.975
2025-08-27 17:00:00+00:00,222.07,55349.075,3545.1,646.15,1816.4,2025-08-27 19:00:00+02:00,2025-08-27,19,2,8,0,4191.25,6007.65,49341.424999999996
2025-08-27 18:00:00+00:00,222.04,54255.325,3980.3250000000003,528.025,53.4,2025-08-27 20:00:00+02:00,2025-08-27,20,2,8,0,4508.35,4561.75,49693.575
2025-08-27 19:00:00+00:00,128.87,52132.0,4242.8,492.6,0.0,2025-08-27 21:00:00+02:00,2025-08-27,21,2,8,0,4735.400000000001,4735.400000000001,47396.6
2025-08-27 20:00:00+00:00,113.63,48951.025,4457.3,543.325,0.0,2025-08-27 22:00:00+02:00,2025-08-27,22,2,8,0,5000.625,5000.625,43950.4
2025-08-27 21:00:00+00:00,103.57,45910.325,4590.7,676.225,0.0,2025-08-27 23:00:00+02:00,2025-08-27,23,2,8,0,5266.925,5266.925,40643.399999999994
2025-08-27 22:00:00+00:00,97.15,43198.05,4315.525,934.8000000000001,0.0,2025-08-28 00:00:00+02:00,2025-08-28,0,3,8,0,5250.325,5250.325,37947.725000000006
2025-08-27 23:00:00+00:00,91.92,41790.45,4267.125,1242.2,0.0,2025-08-28 01:00:00+02:00,2025-08-28,1,3,8,0,5509.325,5509.325,36281.125
2025-08-28 00:00:00+00:00,87.89,41132.925,4338.5,1438.35,0.0,2025-08-28 02:00:00+02:00,2025-08-28,2,3,8,0,5776.85,5776.85,35356.075000000004
2025-08-28 01:00:00+00:00,87.09,41092.125,4261.45,1456.3,0.0,2025-08-28 03:00:00+02:00,2025-08-28,3,3,8,0,5717.75,5717.75,35374.375
2025-08-28 02:00:00+00:00,90.23,42013.674999999996,4177.475,1328.1999999999998,0.0,2025-08-28 04:00:00+02:00,2025-08-28,4,3,8,0,5505.675,5505.675,36507.99999999999
2025-08-28 03:00:00+00:00,98.72,45111.025,4113.95,1175.825,0.0,2025-08-28 05:00:00+02:00,2025-08-28,5,3,8,0,5289.775,5289.775,39821.25
2025-08-28 04:00:00+00:00,121.63,50450.225,3918.5,1067.45,271.525,2025-08-28 06:00:00+02:00,2025-08-28,6,3,8,0,4985.95,5257.474999999999,45192.75
2025-08-28 05:00:00+00:00,143.79,54730.65,3588.2,943.525,2658.9,2025-08-28 07:00:00+02:00,2025-08-28,7,3,8,0,4531.724999999999,7190.625,47540.025
2025-08-28 06:00:00+00:00,143.95,58157.65,3166.725,805.875,7033.475,2025-08-28 08:00:00+02:00,2025-08-28,8,3,8,0,3972.6,11006.075,47151.575
2025-08-28 07:00:00+00:00,121.84,59939.425,2491.875,725.625,11581.175,2025-08-28 09:00:00+02:00,2025-08-28,9,3,8,0,3217.5,14798.675,45140.75
2025-08-28 08:00:00+00:00,112.27,61238.95,1961.15,671.2750000000001,15076.775,2025-08-28 10:00:00+02:00,2025-08-28,10,3,8,0,2632.425,17709.2,43529.75
2025-08-28 09:00:00+00:00,108.13,61517.25,1839.15,606.4,16992.625,2025-08-28 11:00:00+02:00,2025-08-28,11,3,8,0,2445.55,19438.175,42079.075
2025-08-28 10:00:00+00:00,100.89,60289.775,2140.975,530.325,17700.85,2025-08-28 12:00:00+02:00,2025-08-28,12,3,8,0,2671.3,20372.149999999998,39917.625
2025-08-28 11:00:00+00:00,100.96,59231.1,2561.65,459.725,17084.9,2025-08-28 13:00:00+02:00,2025-08-28,13,3,8,0,3021.375,20106.275,39124.825
2025-08-28 12:00:00+00:00,100.89,58008.625,2966.025,438.625,15362.175,2025-08-28 14:00:00+02:00,2025-08-28,14,3,8,0,3404.65,18766.825,39241.8
2025-08-28 13:00:00+00:00,100.66,57161.65,3497.4,464.175,13222.9,2025-08-28 15:00:00+02:00,2025-08-28,15,3,8,0,3961.5750000000003,17184.475,39977.175
2025-08-28 14:00:00+00:00,96.1,56709.65,4198.225,500.5,10502.3,2025-08-28 16:00:00+02:00,2025-08-28,16,3,8,0,4698.725,15201.025,41508.625
2025-08-28 15:00:00+00:00,129.84,56337.375,4615.0,540.2,7173.95,2025-08-28 17:00:00+02:00,2025-08-28,17,3,8,0,5155.2,12329.15,44008.225
2025-08-28 16:00:00+00:00,160.85,56293.25,4571.8,618.0,3750.625,2025-08-28 18:00:00+02:00,2025-08-28,18,3,8,0,5189.8,8940.425,47352.825
2025-08-28 17:00:00+00:00,210.0,55980.25,4682.225,744.675,1040.2,2025-08-28 19:00:00+02:00,2025-08-28,19,3,8,0,5426.900000000001,6467.1,49513.15
2025-08-28 18:00:00+00:00,153.16,54492.075,5085.849999999999,876.275,45.675,2025-08-28 20:00:00+02:00,2025-08-28,20,3,8,0,5962.124999999999,6007.799999999999,48484.274999999994
2025-08-28 19:00:00+00:00,124.18,52207.275,5388.725,1004.5,0.0,2025-08-28 21:00:00+02:00,2025-08-28,21,3,8,0,6393.225,6393.225,45814.05
2025-08-28 20:00:00+00:00,107.11,49054.075,5822.3,1154.3,0.0,2025-08-28 22:00:00+02:00,2025-08-28,22,3,8,0,6976.6,6976.6,42077.475
2025-08-28 21:00:00+00:00,92.15,45784.05,6152.35,1296.4750000000001,0.0,2025-08-28 23:00:00+02:00,2025-08-28,23,3,8,0,7448.825000000001,7448.825000000001,38335.225000000006
2025-08-28 22:00:00+00:00,85.04,44160.575,5594.4,1200.35,0.0,2025-08-29 00:00:00+02:00,2025-08-29,0,4,8,0,6794.75,6794.75,37365.825
2025-08-28 23:00:00+00:00,83.27,42764.825,5633.725,1252.4,0.0,2025-08-29 01:00:00+02:00,2025-08-29,1,4,8,0,6886.125,6886.125,35878.7
2025-08-29 00:00:00+00:00,83.1,42018.775,5813.2,1340.375,0.0,2025-08-29 02:00:00+02:00,2025-08-29,2,4,8,0,7153.575,7153.575,34865.200000000004
2025-08-29 01:00:00+00:00,81.59,42039.8,6009.475,1491.3249999999998,0.0,2025-08-29 03:00:00+02:00,2025-08-29,3,4,8,0,7500.8,7500.8,34539.0
2025-08-29 02:00:00+00:00,83.01,42825.975000000006,6233.475,1683.1,0.0,2025-08-29 04:00:00+02:00,2025-08-29,4,4,8,0,7916.575000000001,7916.575000000001,34909.40000000001
2025-08-29 03:00:00+00:00,91.0,45471.1,6321.424999999999,1957.825,0.0,2025-08-29 05:00:00+02:00,2025-08-29,5,4,8,0,8279.25,8279.25,37191.85
2025-08-29 04:00:00+00:00,117.55,50819.4,6220.8,2213.225,168.575,2025-08-29 06:00:00+02:00,2025-08-29,6,4,8,0,8434.025,8602.6,42216.8
2025-08-29 05:00:00+00:00,121.39,54919.725,5868.25,2361.675,2310.925,2025-08-29 07:00:00+02:00,2025-08-29,7,4,8,0,8229.925,10540.849999999999,44378.875
2025-08-29 06:00:00+00:00,120.0,58704.725,5051.975,2373.3,7540.95,2025-08-29 08:00:00+02:00,2025-08-29,8,4,8,0,7425.275000000001,14966.225,43738.5
2025-08-29 07:00:00+00:00,110.36,60166.200000000004,3907.5499999999997,2208.475,14703.175,2025-08-29 09:00:00+02:00,2025-08-29,9,4,8,0,6116.025,20819.199999999997,39347.00000000001
2025-08-29 08:00:00+00:00,84.25,60923.55,3770.35,1932.4499999999998,21740.625,2025-08-29 10:00:00+02:00,2025-08-29,10,4,8,0,5702.799999999999,27443.425,33480.125
2025-08-29 09:00:00+00:00,78.08,60486.15,4618.575,1674.725,27099.275,2025-08-29 11:00:00+02:00,2025-08-29,11,4,8,0,6293.299999999999,33392.575,27093.575000000004
2025-08-29 10:00:00+00:00,67.44,58848.450000000004,5682.325000000001,1493.575,30208.275,2025-08-29 12:00:00+02:00,2025-08-29,12,4,8,0,7175.900000000001,37384.175,21464.275
2025-08-29 11:00:00+00:00,53.96,57234.875,6466.925,1319.2,30846.574999999997,2025-08-29 13:00:00+02:00,2025-08-29,13,4,8,0,7786.125,38632.7,18602.175000000003
2025-08-29 12:00:00+00:00,59.64,55626.25,6888.125,1083.2,29458.95,2025-08-29 14:00:00+02:00,2025-08-29,14,4,8,0,7971.325,37430.275,18195.975
2025-08-29 13:00:00+00:00,73.06,55004.0,6972.975,804.5,26274.15,2025-08-29 15:00:00+02:00,2025-08-29,15,4,8,0,7777.475,34051.625,20952.375
2025-08-29 14:00:00+00:00,85.0,54245.2,6931.675,633.35,20829.375,2025-08-29 16:00:00+02:00,2025-08-29,16,4,8,0,7565.025000000001,28394.4,25850.799999999996
2025-08-29 15:00:00+00:00,104.82,54675.55,6937.85,636.675,13859.425,2025-08-29 17:00:00+02:00,2025-08-29,17,4,8,0,7574.525000000001,21433.95,33241.600000000006
2025-08-29 16:00:00+00:00,118.51,54304.275,6939.65,789.375,6592.150000000001,2025-08-29 18:00:00+02:00,2025-08-29,18,4,8,0,7729.025,14321.175,39983.100000000006
2025-08-29 17:00:00+00:00,147.68,53898.0,7495.825,1011.7249999999999,1520.6000000000001,2025-08-29 19:00:00+02:00,2025-08-29,19,4,8,0,8507.55,10028.15,43869.85
2025-08-29 18:00:00+00:00,116.5,52694.675,9015.1,1270.65,35.15,2025-08-29 20:00:00+02:00,2025-08-29,20,4,8,0,10285.75,10320.9,42373.775
2025-08-29 19:00:00+00:00,111.96,50923.55,10331.6,1618.55,0.0,2025-08-29 21:00:00+02:00,2025-08-29,21,4,8,0,11950.15,11950.15,38973.4
2025-08-29 20:00:00+00:00,95.7,47902.525,11102.2,1979.75,0.0,2025-08-29 22:00:00+02:00,2025-08-29,22,4,8,0,13081.95,13081.95,34820.575
2025-08-29 21:00:00+00:00,86.07,44713.45,11549.3,2255.45,0.0,2025-08-29 23:00:00+02:00,2025-08-29,23,4,8,0,13804.75,13804.75,30908.699999999997
2025-08-29 22:00:00+00:00,92.5,42227.65,10975.5,3064.825,0.0,2025-08-30 00:00:00+02:00,2025-08-30,0,5,8,1,14040.325,14040.325,28187.325
2025-08-29 23:00:00+00:00,86.56,40385.175,10630.4,3085.225,0.0,2025-08-30 01:00:00+02:00,2025-08-30,1,5,8,1,13715.625,13715.625,26669.550000000003
2025-08-30 00:00:00+00:00,83.3,39318.45,10378.725,3071.825,0.0,2025-08-30 02:00:00+02:00,2025-08-30,2,5,8,1,13450.55,13450.55,25867.899999999998
2025-08-30 01:00:00+00:00,81.51,38863.2,9911.475,3088.125,0.0,2025-08-30 03:00:00+02:00,2025-08-30,3,5,8,1,12999.6,12999.6,25863.6
2025-08-30 02:00:00+00:00,83.39,38774.1,9389.525,3147.725,0.0,2025-08-30 04:00:00+02:00,2025-08-30,4,5,8,1,12537.25,12537.25,26236.85
2025-08-30 03:00:00+00:00,87.72,39223.274999999994,8957.25,3277.775,0.0,2025-08-30 05:00:00+02:00,2025-08-30,5,5,8,1,12235.025,12235.025,26988.249999999993
2025-08-30 04:00:00+00:00,95.02,40928.3,8695.45,3416.925,252.6,2025-08-30 06:00:00+02:00,2025-08-30,6,5,8,1,12112.375,12364.975,28563.325000000004
2025-08-30 05:00:00+00:00,98.09,43211.3,8352.925,3516.025,3265.225,2025-08-30 07:00:00+02:00,2025-08-30,7,5,8,1,11868.949999999999,15134.175,28077.125000000004
2025-08-30 06:00:00+00:00,89.64,46590.025,8015.75,3536.4,9596.15,2025-08-30 08:00:00+02:00,2025-08-30,8,5,8,1,11552.15,21148.3,25441.725000000002
2025-08-30 07:00:00+00:00,78.6,49555.3,8058.875,3497.45,16979.15,2025-08-30 09:00:00+02:00,2025-08-30,9,5,8,1,11556.325,28535.475000000002,21019.825
2025-08-30 08:00:00+00:00,36.46,51011.275,8025.1,3428.0249999999996,23808.225,2025-08-30 10:00:00+02:00,2025-08-30,10,5,8,1,11453.125,35261.35,15749.925000000003
2025-08-30 09:00:00+00:00,5.23,51409.675,7902.875,3259.25,29303.75,2025-08-30 11:00:00+02:00,2025-08-30,11,5,8,1,11162.125,40465.875,10943.800000000003
2025-08-30 10:00:00+00:00,0.0,50377.5,7936.175,3033.15,32358.95,2025-08-30 12:00:00+02:00,2025-08-30,12,5,8,1,10969.325,43328.275,7049.2249999999985
2025-08-30 11:00:00+00:00,-0.01,48905.225,7821.25,2807.3500000000004,33018.925,2025-08-30 13:00:00+02:00,2025-08-30,13,5,8,1,10628.6,43647.525,5257.699999999997
2025-08-30 12:00:00+00:00,-0.01,47724.8,7751.325,2608.05,32184.125,2025-08-30 14:00:00+02:00,2025-08-30,14,5,8,1,10359.375,42543.5,5181.300000000003
2025-08-30 13:00:00+00:00,-0.38,47127.075,7577.75,2470.25,29954.2,2025-08-30 15:00:00+02:00,2025-08-30,15,5,8,1,10048.0,40002.2,7124.875
2025-08-30 14:00:00+00:00,9.48,47106.1,7305.75,2285.625,25285.7,2025-08-30 16:00:00+02:00,2025-08-30,16,5,8,1,9591.375,34877.075,12229.025000000001
2025-08-30 15:00:00+00:00,81.1,47736.925,6365.775,2009.3,17687.65,2025-08-30 17:00:00+02:00,2025-08-30,17,5,8,1,8375.074999999999,26062.725,21674.200000000004
2025-08-30 16:00:00+00:00,103.9,48387.325,4942.875,1674.45,8443.95,2025-08-30 18:00:00+02:00,2025-08-30,18,5,8,1,6617.325,15061.275000000001,33326.049999999996
2025-08-30 17:00:00+00:00,127.07,48399.5,3879.6,1362.05,1882.625,2025-08-30 19:00:00+02:00,2025-08-30,19,5,8,1,5241.65,7124.275,41275.225
2025-08-30 18:00:00+00:00,129.98,47363.35,3937.075,1179.7,37.2,2025-08-30 20:00:00+02:00,2025-08-30,20,5,8,1,5116.775,5153.974999999999,42209.375
2025-08-30 19:00:00+00:00,120.39,45665.274999999994,4493.75,1238.6,0.0,2025-08-30 21:00:00+02:00,2025-08-30,21,5,8,1,5732.35,5732.35,39932.924999999996
2025-08-30 20:00:00+00:00,104.94,43579.55,5624.05,1495.525,0.0,2025-08-30 22:00:00+02:00,2025-08-30,22,5,8,1,7119.575000000001,7119.575000000001,36459.975000000006
2025-08-30 21:00:00+00:00,90.3,41100.025,6892.45,1837.1,0.0,2025-08-30 23:00:00+02:00,2025-08-30,23,5,8,1,8729.55,8729.55,32370.475000000002
2025-08-30 22:00:00+00:00,88.74,39099.9,8006.6,2700.225,0.0,2025-08-31 00:00:00+02:00,2025-08-31,0,6,8,1,10706.825,10706.825,28393.075
2025-08-30 23:00:00+00:00,78.91,37584.65,9062.5,3288.7749999999996,0.0,2025-08-31 01:00:00+02:00,2025-08-31,1,6,8,1,12351.275,12351.275,25233.375
2025-08-31 00:00:00+00:00,70.53,36742.1,9975.825,3783.6,0.0,2025-08-31 02:00:00+02:00,2025-08-31,2,6,8,1,13759.425000000001,13759.425000000001,22982.674999999996
2025-08-31 01:00:00+00:00,67.02,36397.675,10466.025,4088.2999999999997,0.0,2025-08-31 03:00:00+02:00,2025-08-31,3,6,8,1,14554.324999999999,14554.324999999999,21843.350000000006
2025-08-31 02:00:00+00:00,63.79,36545.75,10720.525,4244.25,0.0,2025-08-31 04:00:00+02:00,2025-08-31,4,6,8,1,14964.775,14964.775,21580.975
2025-08-31 03:00:00+00:00,64.56,37284.75,10888.875,4343.025,0.0,2025-08-31 05:00:00+02:00,2025-08-31,5,6,8,1,15231.9,15231.9,22052.85
2025-08-31 04:00:00+00:00,65.0,39505.85,11165.075,4417.775,297.2,2025-08-31 06:00:00+02:00,2025-08-31,6,6,8,1,15582.85,15880.050000000001,23625.799999999996
2025-08-31 05:00:00+00:00,62.13,42229.775,10997.6,4468.4,4473.7,2025-08-31 07:00:00+02:00,2025-08-31,7,6,8,1,15466.0,19939.7,22290.075
2025-08-31 06:00:00+00:00,22.3,45401.375,9821.75,4419.925,13828.25,2025-08-31 08:00:00+02:00,2025-08-31,8,6,8,1,14241.675,28069.925,17331.45
2025-08-31 07:00:00+00:00,5.2,48010.65,8035.349999999999,4300.175,23456.25,2025-08-31 09:00:00+02:00,2025-08-31,9,6,8,1,12335.525,35791.775,12218.875
2025-08-31 08:00:00+00:00,-0.01,49507.875,7013.8,4078.625,30782.125,2025-08-31 10:00:00+02:00,2025-08-31,10,6,8,1,11092.425,41874.55,7633.324999999997
2025-08-31 09:00:00+00:00,-0.02,50045.299999999996,6509.45,3728.7749999999996,35106.075,2025-08-31 11:00:00+02:00,2025-08-31,11,6,8,1,10238.224999999999,45344.299999999996,4701.0
2025-08-31 10:00:00+00:00,-0.11,49592.8,6228.325,3258.125,36276.725,2025-08-31 12:00:00+02:00,2025-08-31,12,6,8,1,9486.45,45763.175,3829.625
2025-08-31 11:00:00+00:00,-1.0,48336.675,5881.35,2657.35,35438.8,2025-08-31 13:00:00+02:00,2025-08-31,13,6,8,1,8538.7,43977.5,4359.175000000003
2025-08-31 12:00:00+00:00,-0.61,47019.275,5562.125,2077.225,33262.575,2025-08-31 14:00:00+02:00,2025-08-31,14,6,8,1,7639.35,40901.924999999996,6117.350000000006
2025-08-31 13:00:00+00:00,0.0,46172.3,5275.925,1605.125,29673.55,2025-08-31 15:00:00+02:00,2025-08-31,15,6,8,1,6881.05,36554.6,9617.700000000004
2025-08-31 14:00:00+00:00,25.47,46026.45,4810.875,1227.45,23937.7,2025-08-31 16:00:00+02:00,2025-08-31,16,6,8,1,6038.325,29976.025,16050.424999999996
2025-08-31 15:00:00+00:00,79.74,46842.25,4008.8,965.55,15594.5,2025-08-31 17:00:00+02:00,2025-08-31,17,6,8,1,4974.35,20568.85,26273.4
2025-08-31 16:00:00+00:00,117.59,47418.375,3499.3,822.55,6866.825,2025-08-31 18:00:00+02:00,2025-08-31,18,6,8,1,4321.85,11188.675,36229.7
2025-08-31 17:00:00+00:00,135.1,48064.65,3778.7749999999996,798.825,1417.5249999999999,2025-08-31 19:00:00+02:00,2025-08-31,19,6,8,1,4577.599999999999,5995.124999999999,42069.525
2025-08-31 18:00:00+00:00,132.07,47964.0,4922.725,908.95,25.825,2025-08-31 20:00:00+02:00,2025-08-31,20,6,8,1,5831.675,5857.5,42106.5
2025-08-31 19:00:00+00:00,114.15,46627.9,6176.275,1163.775,0.0,2025-08-31 21:00:00+02:00,2025-08-31,21,6,8,1,7340.049999999999,7340.049999999999,39287.850000000006
2025-08-31 20:00:00+00:00,102.63,44601.375,7645.275,1526.85,0.0,2025-08-31 22:00:00+02:00,2025-08-31,22,6,8,1,9172.125,9172.125,35429.25
2025-08-31 21:00:00+00:00,89.76,42290.325,8887.7,1916.125,0.0,2025-08-31 23:00:00+02:00,2025-08-31,23,6,8,1,10803.825,10803.825,31486.499999999996
2025-08-31 22:00:00+00:00,84.08,39154.674999999996,10959.325,3389.725,0.0,2025-09-01 00:00:00+02:00,2025-09-01,0,0,9,0,14349.050000000001,14349.050000000001,24805.624999999993
2025-08-31 23:00:00+00:00,81.43,37990.7,11441.4,2924.3,0.0,2025-09-01 01:00:00+02:00,2025-09-01,1,0,9,0,14365.7,14365.7,23624.999999999996
2025-09-01 00:00:00+00:00,80.97,37713.6,11723.300000000001,2297.325,0.0,2025-09-01 02:00:00+02:00,2025-09-01,2,0,9,0,14020.625,14020.625,23692.975
2025-09-01 01:00:00+00:00,80.03,37863.65,11554.375,1739.375,0.0,2025-09-01 03:00:00+02:00,2025-09-01,3,0,9,0,13293.75,13293.75,24569.9
2025-09-01 02:00:00+00:00,81.37,38997.3,11333.3,1319.95,0.0,2025-09-01 04:00:00+02:00,2025-09-01,4,0,9,0,12653.25,12653.25,26344.050000000003
2025-09-01 03:00:00+00:00,92.58,42600.375,11313.2,1025.725,0.0,2025-09-01 05:00:00+02:00,2025-09-01,5,0,9,0,12338.925000000001,12338.925000000001,30261.449999999997
2025-09-01 04:00:00+00:00,120.43,49621.475,11555.225,879.9,249.42499999999998,2025-09-01 06:00:00+02:00,2025-09-01,6,0,9,0,12435.125,12684.55,36936.925
2025-09-01 05:00:00+00:00,125.67,54983.0,11265.175,851.9499999999999,3826.45,2025-09-01 07:00:00+02:00,2025-09-01,7,0,9,0,12117.125,15943.575,39039.425
2025-09-01 06:00:00+00:00,116.1,58792.95,9616.125,906.65,11591.400000000001,2025-09-01 08:00:00+02:00,2025-09-01,8,0,9,0,10522.775,22114.175000000003,36678.774999999994
2025-09-01 07:00:00+00:00,98.19,60616.775,7626.65,965.3,19266.4,2025-09-01 09:00:00+02:00,2025-09-01,9,0,9,0,8591.949999999999,27858.35,32758.425000000003
2025-09-01 08:00:00+00:00,82.0,61180.925,6775.4,996.4,25019.775,2025-09-01 10:00:00+02:00,2025-09-01,10,0,9,0,7771.799999999999,32791.575,28389.350000000006
2025-09-01 09:00:00+00:00,69.4,61310.25,7007.4,1031.45,28955.35,2025-09-01 11:00:00+02:00,2025-09-01,11,0,9,0,8038.849999999999,36994.2,24316.050000000003
2025-09-01 10:00:00+00:00,38.27,60829.125,6959.924999999999,1087.6999999999998,30935.925,2025-09-01 12:00:00+02:00,2025-09-01,12,0,9,0,8047.624999999999,38983.549999999996,21845.575000000004
2025-09-01 11:00:00+00:00,25.03,59840.5,6545.25,1201.825,30806.35,2025-09-01 13:00:00+02:00,2025-09-01,13,0,9,0,7747.075,38553.424999999996,21287.075000000004
2025-09-01 12:00:00+00:00,42.73,58436.35,6038.35,1344.725,28868.275,2025-09-01 14:00:00+02:00,2025-09-01,14,0,9,0,7383.075000000001,36251.350000000006,22184.999999999993
2025-09-01 13:00:00+00:00,67.76,56690.975,5397.725,1464.9499999999998,24957.075,2025-09-01 15:00:00+02:00,2025-09-01,15,0,9,0,6862.675,31819.75,24871.225
2025-09-01 14:00:00+00:00,84.67,55745.35,4815.775,1560.525,18954.625,2025-09-01 16:00:00+02:00,2025-09-01,16,0,9,0,6376.299999999999,25330.925,30414.425
2025-09-01 15:00:00+00:00,109.7,55573.025,4215.575,1646.7,11896.975,2025-09-01 17:00:00+02:00,2025-09-01,17,0,9,0,5862.275,17759.25,37813.775
2025-09-01 16:00:00+00:00,155.32,56236.024999999994,3721.675,1700.775,5331.55,2025-09-01 18:00:00+02:00,2025-09-01,18,0,9,0,5422.450000000001,10754.0,45482.024999999994
2025-09-01 17:00:00+00:00,250.65,56756.725,3733.125,1715.5,1094.95,2025-09-01 19:00:00+02:00,2025-09-01,19,0,9,0,5448.625,6543.575,50213.15
2025-09-01 18:00:00+00:00,210.56,55579.1,4140.425,1693.025,23.049999999999997,2025-09-01 20:00:00+02:00,2025-09-01,20,0,9,0,5833.450000000001,5856.500000000001,49722.6
2025-09-01 19:00:00+00:00,125.2,53299.525,4274.575,1684.6,0.0,2025-09-01 21:00:00+02:00,2025-09-01,21,0,9,0,5959.174999999999,5959.174999999999,47340.350000000006
2025-09-01 20:00:00+00:00,112.4,50067.575,4419.775,1765.4,0.0,2025-09-01 22:00:00+02:00,2025-09-01,22,0,9,0,6185.174999999999,6185.174999999999,43882.399999999994
2025-09-01 21:00:00+00:00,100.53,46593.775,4552.65,1847.325,0.0,2025-09-01 23:00:00+02:00,2025-09-01,23,0,9,0,6399.974999999999,6399.974999999999,40193.8
2025-09-01 22:00:00+00:00,95.01,43717.65,4972.075,2134.325,0.0,2025-09-02 00:00:00+02:00,2025-09-02,0,1,9,0,7106.4,7106.4,36611.25
2025-09-01 23:00:00+00:00,90.11,42210.825,4989.05,2059.9,0.0,2025-09-02 01:00:00+02:00,2025-09-02,1,1,9,0,7048.950000000001,7048.950000000001,35161.875
2025-09-02 00:00:00+00:00,90.84,41336.575,5128.6,1934.15,0.0,2025-09-02 02:00:00+02:00,2025-09-02,2,1,9,0,7062.75,7062.75,34273.825
2025-09-02 01:00:00+00:00,92.5,41363.175,5034.45,1786.65,0.0,2025-09-02 03:00:00+02:00,2025-09-02,3,1,9,0,6821.1,6821.1,34542.075000000004
2025-09-02 02:00:00+00:00,94.8,42193.0,4863.45,1565.675,0.0,2025-09-02 04:00:00+02:00,2025-09-02,4,1,9,0,6429.125,6429.125,35763.875
2025-09-02 03:00:00+00:00,106.85,44995.95,4725.2,1364.35,0.0,2025-09-02 05:00:00+02:00,2025-09-02,5,1,9,0,6089.549999999999,6089.549999999999,38906.399999999994
2025-09-02 04:00:00+00:00,134.39,50649.225,4707.1,1272.575,102.25,2025-09-02 06:00:00+02:00,2025-09-02,6,1,9,0,5979.675,6081.925,44567.299999999996
2025-09-02 05:00:00+00:00,153.67,55658.2,4640.25,1275.625,1901.775,2025-09-02 07:00:00+02:00,2025-09-02,7,1,9,0,5915.875,7817.65,47840.549999999996
2025-09-02 06:00:00+00:00,147.48,58882.725,4146.5,1382.575,6399.8,2025-09-02 08:00:00+02:00,2025-09-02,8,1,9,0,5529.075,11928.875,46953.85
2025-09-02 07:00:00+00:00,121.05,59933.075,3456.575,1480.65,12030.475,2025-09-02 09:00:00+02:00,2025-09-02,9,1,9,0,4937.225,16967.7,42965.375
2025-09-02 08:00:00+00:00,102.14,60568.425,3324.45,1536.4,17357.025,2025-09-02 10:00:00+02:00,2025-09-02,10,1,9,0,4860.85,22217.875,38350.55
2025-09-02 09:00:00+00:00,84.66,60647.825000000004,3646.75,1543.475,21342.225,2025-09-02 11:00:00+02:00,2025-09-02,11,1,9,0,5190.225,26532.449999999997,34115.37500000001
2025-09-02 10:00:00+00:00,78.94,59589.9,3994.975,1513.875,24016.45,2025-09-02 12:00:00+02:00,2025-09-02,12,1,9,0,5508.85,29525.300000000003,30064.6
2025-09-02 11:00:00+00:00,79.73,58289.9,4330.575,1477.875,25782.275,2025-09-02 13:00:00+02:00,2025-09-02,13,1,9,0,5808.45,31590.725000000002,26699.175
2025-09-02 12:00:00+00:00,78.54,57023.375,4725.3,1436.175,26005.05,2025-09-02 14:00:00+02:00,2025-09-02,14,1,9,0,6161.475,32166.525,24856.85
2025-09-02 13:00:00+00:00,84.37,57002.399999999994,4912.625,1387.55,24462.475,2025-09-02 15:00:00+02:00,2025-09-02,15,1,9,0,6300.175,30762.649999999998,26239.749999999996
2025-09-02 14:00:00+00:00,95.0,56542.325,4754.625,1292.275,20795.65,2025-09-02 16:00:00+02:00,2025-09-02,16,1,9,0,6046.9,26842.550000000003,29699.774999999994
2025-09-02 15:00:00+00:00,108.97,56827.1,4335.35,1060.975,14643.224999999999,2025-09-02 17:00:00+02:00,2025-09-02,17,1,9,0,5396.325000000001,20039.55,36787.55
2025-09-02 16:00:00+00:00,173.16,56950.525,3768.475,756.45,7006.375,2025-09-02 18:00:00+02:00,2025-09-02,18,1,9,0,4524.925,11531.3,45419.225000000006
2025-09-02 17:00:00+00:00,311.51,56696.9,3589.8,535.975,1474.3999999999999,2025-09-02 19:00:00+02:00,2025-09-02,19,1,9,0,4125.775000000001,5600.175,51096.725
2025-09-02 18:00:00+00:00,263.79,55305.85,4427.45,447.125,27.375,2025-09-02 20:00:00+02:00,2025-09-02,20,1,9,0,4874.575,4901.95,50403.9
2025-09-02 19:00:00+00:00,140.92,52991.175,5759.925,504.45000000000005,0.0,2025-09-02 21:00:00+02:00,2025-09-02,21,1,9,0,6264.375,6264.375,46726.8
2025-09-02 20:00:00+00:00,110.47,49883.375,7426.325000000001,770.125,0.0,2025-09-02 22:00:00+02:00,2025-09-02,22,1,9,0,8196.45,8196.45,41686.925
2025-09-02 21:00:00+00:00,91.21,46481.2,9164.325,1217.325,0.0,2025-09-02 23:00:00+02:00,2025-09-02,23,1,9,0,10381.650000000001,10381.650000000001,36099.549999999996
2025-09-02 22:00:00+00:00,97.25,43711.475,12297.2,2232.225,0.0,2025-09-03 00:00:00+02:00,2025-09-03,0,2,9,0,14529.425000000001,14529.425000000001,29182.049999999996
2025-09-02 23:00:00+00:00,90.74,42425.0,13882.3,2862.675,0.0,2025-09-03 01:00:00+02:00,2025-09-03,1,2,9,0,16744.975,16744.975,25680.025
2025-09-03 00:00:00+00:00,85.95,41803.55,15068.45,3328.3,0.0,2025-09-03 02:00:00+02:00,2025-09-03,2,2,9,0,18396.75,18396.75,23406.800000000003
2025-09-03 01:00:00+00:00,81.72,41791.95,15920.675,3669.0,0.0,2025-09-03 03:00:00+02:00,2025-09-03,3,2,9,0,19589.675,19589.675,22202.274999999998
2025-09-03 02:00:00+00:00,81.23,42878.9,16714.95,3999.2,0.0,2025-09-03 04:00:00+02:00,2025-09-03,4,2,9,0,20714.15,20714.15,22164.75
2025-09-03 03:00:00+00:00,86.97,45643.0,17410.6,4242.15,0.0,2025-09-03 05:00:00+02:00,2025-09-03,5,2,9,0,21652.75,21652.75,23990.25
2025-09-03 04:00:00+00:00,103.2,50879.5,18172.7,4445.4,214.75,2025-09-03 06:00:00+02:00,2025-09-03,6,2,9,0,22618.1,22832.85,28046.65
2025-09-03 05:00:00+00:00,112.34,54973.575,18378.15,4581.025,3873.2749999999996,2025-09-03 07:00:00+02:00,2025-09-03,7,2,9,0,22959.175000000003,26832.450000000004,28141.124999999993
2025-09-03 06:00:00+00:00,109.13,58864.600000000006,17352.9,4606.2,12109.35,2025-09-03 08:00:00+02:00,2025-09-03,8,2,9,0,21959.100000000002,34068.450000000004,24796.15
2025-09-03 07:00:00+00:00,85.3,60795.6,16924.825,4547.325,21256.625,2025-09-03 09:00:00+02:00,2025-09-03,9,2,9,0,21472.15,42728.775,18066.824999999997
2025-09-03 08:00:00+00:00,29.04,61630.525,18591.95,4456.575,28439.175,2025-09-03 10:00:00+02:00,2025-09-03,10,2,9,0,23048.525,51487.7,10142.825000000004
2025-09-03 09:00:00+00:00,0.03,61759.05,21081.125,4299.0,32875.95,2025-09-03 11:00:00+02:00,2025-09-03,11,2,9,0,25380.125,58256.075,3502.975000000006
2025-09-03 10:00:00+00:00,-0.1,60562.675,22426.1,4127.75,34201.95,2025-09-03 12:00:00+02:00,2025-09-03,12,2,9,0,26553.85,60755.799999999996,-193.12499999999272
2025-09-03 11:00:00+00:00,-0.1,59472.725,23151.6,4027.025,33310.7,2025-09-03 13:00:00+02:00,2025-09-03,13,2,9,0,27178.625,60489.325,-1016.5999999999985
2025-09-03 12:00:00+00:00,-0.28,58404.7,23763.4,4003.55,30971.1,2025-09-03 14:00:00+02:00,2025-09-03,14,2,9,0,27766.95,58738.05,-333.3500000000058
2025-09-03 13:00:00+00:00,0.0,57363.925,23881.75,4040.675,27474.575,2025-09-03 15:00:00+02:00,2025-09-03,15,2,9,0,27922.425,55397.0,1966.925000000003
2025-09-03 14:00:00+00:00,3.89,56545.6,24179.025,4136.675,22285.275,2025-09-03 16:00:00+02:00,2025-09-03,16,2,9,0,28315.7,50600.975000000006,5944.624999999993
2025-09-03 15:00:00+00:00,63.46,57001.525,23666.125,4337.525,15019.650000000001,2025-09-03 17:00:00+02:00,2025-09-03,17,2,9,0,28003.65,43023.3,13978.224999999999
2025-09-03 16:00:00+00:00,102.35,56628.45,22471.65,4535.825,6806.474999999999,2025-09-03 18:00:00+02:00,2025-09-03,18,2,9,0,27007.475000000002,33813.950000000004,22814.499999999993
2025-09-03 17:00:00+00:00,110.92,55943.35,22138.175,4655.0,1339.625,2025-09-03 19:00:00+02:00,2025-09-03,19,2,9,0,26793.175,28132.8,27810.55
2025-09-03 18:00:00+00:00,104.0,54722.525,23587.1,4740.325,18.575,2025-09-03 20:00:00+02:00,2025-09-03,20,2,9,0,28327.425,28346.0,26376.525
2025-09-03 19:00:00+00:00,94.17,52532.95,25142.8,4873.55,0.0,2025-09-03 21:00:00+02:00,2025-09-03,21,2,9,0,30016.35,30016.35,22516.6
2025-09-03 20:00:00+00:00,80.68,49114.0,25229.0,5025.475,0.0,2025-09-03 22:00:00+02:00,2025-09-03,22,2,9,0,30254.475,30254.475,18859.525
2025-09-03 21:00:00+00:00,54.25,46030.5,25086.075,5123.75,0.0,2025-09-03 23:00:00+02:00,2025-09-03,23,2,9,0,30209.825,30209.825,15820.675
2025-09-03 22:00:00+00:00,21.65,43643.1,25966.45,5120.525,0.0,2025-09-04 00:00:00+02:00,2025-09-04,0,3,9,0,31086.975,31086.975,12556.125
2025-09-03 23:00:00+00:00,17.7,42045.975,25089.25,5195.375,0.0,2025-09-04 01:00:00+02:00,2025-09-04,1,3,9,0,30284.625,30284.625,11761.349999999999
2025-09-04 00:00:00+00:00,17.87,41419.075,23914.225,5372.15,0.0,2025-09-04 02:00:00+02:00,2025-09-04,2,3,9,0,29286.375,29286.375,12132.699999999997
2025-09-04 01:00:00+00:00,30.02,41528.85,22554.6,5546.275,0.0,2025-09-04 03:00:00+02:00,2025-09-04,3,3,9,0,28100.875,28100.875,13427.974999999999
2025-09-04 02:00:00+00:00,59.92,42340.65,21085.725,5522.8,0.0,2025-09-04 04:00:00+02:00,2025-09-04,4,3,9,0,26608.524999999998,26608.524999999998,15732.125000000004
2025-09-04 03:00:00+00:00,83.89,45376.2,19538.775,5412.65,0.0,2025-09-04 05:00:00+02:00,2025-09-04,5,3,9,0,24951.425000000003,24951.425000000003,20424.774999999994
2025-09-04 04:00:00+00:00,107.87,51001.0,18206.05,5249.45,190.125,2025-09-04 06:00:00+02:00,2025-09-04,6,3,9,0,23455.5,23645.625,27355.375
2025-09-04 05:00:00+00:00,120.0,55765.575,16131.900000000001,5075.200000000001,3865.15,2025-09-04 07:00:00+02:00,2025-09-04,7,3,9,0,21207.100000000002,25072.250000000004,30693.324999999993
2025-09-04 06:00:00+00:00,108.09,59384.8,13478.05,4867.8,12397.5,2025-09-04 08:00:00+02:00,2025-09-04,8,3,9,0,18345.85,30743.35,28641.450000000004
2025-09-04 07:00:00+00:00,77.81,61251.95,11783.3,4546.325,21943.95,2025-09-04 09:00:00+02:00,2025-09-04,9,3,9,0,16329.625,38273.575,22978.375
2025-09-04 08:00:00+00:00,41.45,62736.65,10931.525,4124.725,29499.449999999997,2025-09-04 10:00:00+02:00,2025-09-04,10,3,9,0,15056.25,44555.7,18180.950000000004
2025-09-04 09:00:00+00:00,5.79,63159.575,10247.425,3761.5,34094.675,2025-09-04 11:00:00+02:00,2025-09-04,11,3,9,0,14008.925,48103.600000000006,15055.974999999991
2025-09-04 10:00:00+00:00,3.2,62289.225,10004.5,3388.175,35436.875,2025-09-04 12:00:00+02:00,2025-09-04,12,3,9,0,13392.675,48829.55,13459.674999999996
2025-09-04 11:00:00+00:00,3.36,61191.05,9957.3,2975.3,34194.6,2025-09-04 13:00:00+02:00,2025-09-04,13,3,9,0,12932.599999999999,47127.2,14063.850000000006
2025-09-04 12:00:00+00:00,34.89,59557.7,9792.575,2497.6,31006.375,2025-09-04 14:00:00+02:00,2025-09-04,14,3,9,0,12290.175000000001,43296.55,16261.149999999994
2025-09-04 13:00:00+00:00,71.0,58456.425,8987.8,1915.975,26203.475,2025-09-04 15:00:00+02:00,2025-09-04,15,3,9,0,10903.775,37107.25,21349.175000000003
2025-09-04 14:00:00+00:00,90.05,57685.05,7654.325,1353.125,19850.7,2025-09-04 16:00:00+02:00,2025-09-04,16,3,9,0,9007.45,28858.15,28826.9
2025-09-04 15:00:00+00:00,109.13,57099.45,5894.775,937.025,12373.6,2025-09-04 17:00:00+02:00,2025-09-04,17,3,9,0,6831.799999999999,19205.4,37894.049999999996
2025-09-04 16:00:00+00:00,191.8,56905.875,4374.5,765.175,5394.025,2025-09-04 18:00:00+02:00,2025-09-04,18,3,9,0,5139.675,10533.7,46372.175
2025-09-04 17:00:00+00:00,350.0,56454.675,3917.475,834.175,978.9,2025-09-04 19:00:00+02:00,2025-09-04,19,3,9,0,4751.65,5730.549999999999,50724.125
2025-09-04 18:00:00+00:00,218.82,54916.45,4357.0,1130.575,15.475000000000001,2025-09-04 20:00:00+02:00,2025-09-04,20,3,9,0,5487.575,5503.05,49413.399999999994
2025-09-04 19:00:00+00:00,124.93,52944.175,4757.675,1449.4,0.0,2025-09-04 21:00:00+02:00,2025-09-04,21,3,9,0,6207.075000000001,6207.075000000001,46737.100000000006
2025-09-04 20:00:00+00:00,112.14,49790.175,5516.475,1687.75,0.0,2025-09-04 22:00:00+02:00,2025-09-04,22,3,9,0,7204.225,7204.225,42585.950000000004
2025-09-04 21:00:00+00:00,101.3,46452.075,6480.35,1855.925,0.0,2025-09-04 23:00:00+02:00,2025-09-04,23,3,9,0,8336.275,8336.275,38115.799999999996
2025-09-04 22:00:00+00:00,95.25,44616.274999999994,6972.45,2083.225,0.0,2025-09-05 00:00:00+02:00,2025-09-05,0,4,9,0,9055.675,9055.675,35560.59999999999
2025-09-04 23:00:00+00:00,86.1,43179.95,7117.3,2226.2,0.0,2025-09-05 01:00:00+02:00,2025-09-05,1,4,9,0,9343.5,9343.5,33836.45
2025-09-05 00:00:00+00:00,85.26,42499.450000000004,7285.875,2253.0249999999996,0.0,2025-09-05 02:00:00+02:00,2025-09-05,2,4,9,0,9538.9,9538.9,32960.55
2025-09-05 01:00:00+00:00,85.2,42635.8,7330.75,2184.35,0.0,2025-09-05 03:00:00+02:00,2025-09-05,3,4,9,0,9515.1,9515.1,33120.700000000004
2025-09-05 02:00:00+00:00,85.6,43676.55,7492.799999999999,2094.55,0.0,2025-09-05 04:00:00+02:00,2025-09-05,4,4,9,0,9587.349999999999,9587.349999999999,34089.200000000004
2025-09-05 03:00:00+00:00,97.36,46614.35,7663.225,1980.2,0.0,2025-09-05 05:00:00+02:00,2025-09-05,5,4,9,0,9643.425000000001,9643.425000000001,36970.924999999996
2025-09-05 04:00:00+00:00,119.16,52254.95,7711.575,1832.725,96.4,2025-09-05 06:00:00+02:00,2025-09-05,6,4,9,0,9544.3,9640.699999999999,42614.25
2025-09-05 05:00:00+00:00,132.13,56612.25,7740.05,1783.2,1825.975,2025-09-05 07:00:00+02:00,2025-09-05,7,4,9,0,9523.25,11349.225,45263.025
2025-09-05 06:00:00+00:00,125.75,60164.375,7533.55,1763.475,6137.325,2025-09-05 08:00:00+02:00,2025-09-05,8,4,9,0,9297.025,15434.349999999999,44730.025
2025-09-05 07:00:00+00:00,100.4,61690.225,7504.075,1742.5,11626.725,2025-09-05 09:00:00+02:00,2025-09-05,9,4,9,0,9246.575,20873.300000000003,40816.924999999996
2025-09-05 08:00:00+00:00,87.83,61721.475,7936.125,1760.8249999999998,16554.9,2025-09-05 10:00:00+02:00,2025-09-05,10,4,9,0,9696.95,26251.850000000002,35469.625
2025-09-05 09:00:00+00:00,84.15,61569.425,8456.625,1754.825,20611.525,2025-09-05 11:00:00+02:00,2025-09-05,11,4,9,0,10211.45,30822.975000000002,30746.45
2025-09-05 10:00:00+00:00,78.25,60370.15,8774.775,1697.4,23435.65,2025-09-05 12:00:00+02:00,2025-09-05,12,4,9,0,10472.175,33907.825,26462.325000000004
2025-09-05 11:00:00+00:00,72.19,58649.7,8987.675,1654.625,24561.75,2025-09-05 13:00:00+02:00,2025-09-05,13,4,9,0,10642.3,35204.05,23445.649999999994
2025-09-05 12:00:00+00:00,70.17,56694.0,9177.425,1583.1,24639.425,2025-09-05 14:00:00+02:00,2025-09-05,14,4,9,0,10760.525,35399.95,21294.050000000003
2025-09-05 13:00:00+00:00,77.53,56016.675,8947.65,1451.925,23193.65,2025-09-05 15:00:00+02:00,2025-09-05,15,4,9,0,10399.574999999999,33593.225,22423.450000000004
2025-09-05 14:00:00+00:00,85.0,55230.95,8208.55,1345.525,19386.35,2025-09-05 16:00:00+02:00,2025-09-05,16,4,9,0,9554.074999999999,28940.424999999996,26290.525
2025-09-05 15:00:00+00:00,90.96,55701.825,7132.2,1311.55,13215.275,2025-09-05 17:00:00+02:00,2025-09-05,17,4,9,0,8443.75,21659.025,34042.799999999996
2025-09-05 16:00:00+00:00,108.95,55993.05,5832.375,1279.975,6093.400000000001,2025-09-05 18:00:00+02:00,2025-09-05,18,4,9,0,7112.35,13205.75,42787.3
2025-09-05 17:00:00+00:00,154.53,55068.55,4921.299999999999,1229.425,1171.175,2025-09-05 19:00:00+02:00,2025-09-05,19,4,9,0,6150.724999999999,7321.9,47746.65
2025-09-05 18:00:00+00:00,150.75,53465.4,4843.55,1223.55,13.4,2025-09-05 20:00:00+02:00,2025-09-05,20,4,9,0,6067.1,6080.5,47384.9
2025-09-05 19:00:00+00:00,117.1,51068.225,4718.924999999999,1134.975,0.0,2025-09-05 21:00:00+02:00,2025-09-05,21,4,9,0,5853.9,5853.9,45214.325
2025-09-05 20:00:00+00:00,107.71,48123.9,4721.475,1008.6999999999999,0.0,2025-09-05 22:00:00+02:00,2025-09-05,22,4,9,0,5730.175,5730.175,42393.725
2025-09-05 21:00:00+00:00,100.7,45051.3,4560.875,879.6500000000001,0.0,2025-09-05 23:00:00+02:00,2025-09-05,23,4,9,0,5440.525,5440.525,39610.775
2025-09-05 22:00:00+00:00,101.21,42715.275,3180.85,672.55,0.0,2025-09-06 00:00:00+02:00,2025-09-06,0,5,9,1,3853.3999999999996,3853.3999999999996,38861.875
2025-09-05 23:00:00+00:00,100.59,40809.125,2744.5,569.8499999999999,0.0,2025-09-06 01:00:00+02:00,2025-09-06,1,5,9,1,3314.35,3314.35,37494.775
2025-09-06 00:00:00+00:00,99.57,39880.675,2445.775,496.5,0.0,2025-09-06 02:00:00+02:00,2025-09-06,2,5,9,1,2942.275,2942.275,36938.4
2025-09-06 01:00:00+00:00,97.84,39448.925,2214.125,428.525,0.0,2025-09-06 03:00:00+02:00,2025-09-06,3,5,9,1,2642.65,2642.65,36806.275
2025-09-06 02:00:00+00:00,96.96,39392.1,2027.8,378.425,0.0,2025-09-06 04:00:00+02:00,2025-09-06,4,5,9,1,2406.225,2406.225,36985.875
2025-09-06 03:00:00+00:00,98.01,39365.05,1814.5,333.05,0.0,2025-09-06 05:00:00+02:00,2025-09-06,5,5,9,1,2147.55,2147.55,37217.5
2025-09-06 04:00:00+00:00,102.6,40458.375,1612.975,288.05,141.875,2025-09-06 06:00:00+02:00,2025-09-06,6,5,9,1,1901.0249999999999,2042.8999999999999,38415.475
2025-09-06 05:00:00+00:00,100.91,42738.025,1441.225,250.975,3640.3999999999996,2025-09-06 07:00:00+02:00,2025-09-06,7,5,9,1,1692.1999999999998,5332.599999999999,37405.425
2025-09-06 06:00:00+00:00,95.98,46138.35,1167.675,214.25,12817.849999999999,2025-09-06 08:00:00+02:00,2025-09-06,8,5,9,1,1381.925,14199.774999999998,31938.575
2025-09-06 07:00:00+00:00,79.11,49028.274999999994,803.375,189.2,24388.975,2025-09-06 09:00:00+02:00,2025-09-06,9,5,9,1,992.575,25381.55,23646.724999999995
2025-09-06 08:00:00+00:00,11.35,50695.075,639.575,173.25,34524.6,2025-09-06 10:00:00+02:00,2025-09-06,10,5,9,1,812.825,35337.424999999996,15357.650000000001
2025-09-06 09:00:00+00:00,0.0,50992.925,683.45,166.625,40973.225,2025-09-06 11:00:00+02:00,2025-09-06,11,5,9,1,850.075,41823.299999999996,9169.625000000007
2025-09-06 10:00:00+00:00,-0.02,50210.675,802.85,161.575,43731.5,2025-09-06 12:00:00+02:00,2025-09-06,12,5,9,1,964.425,44695.925,5514.75
2025-09-06 11:00:00+00:00,-0.86,48632.425,917.975,149.475,43810.375,2025-09-06 13:00:00+02:00,2025-09-06,13,5,9,1,1067.45,44877.825,3754.600000000006
2025-09-06 12:00:00+00:00,-0.99,47167.725,1031.525,132.35000000000002,41830.65,2025-09-06 14:00:00+02:00,2025-09-06,14,5,9,1,1163.875,42994.525,4173.199999999997
2025-09-06 13:00:00+00:00,-0.01,46458.6,1170.025,129.875,37638.175,2025-09-06 15:00:00+02:00,2025-09-06,15,5,9,1,1299.9,38938.075000000004,7520.524999999994
2025-09-06 14:00:00+00:00,40.99,46281.049999999996,1365.95,143.4,30052.899999999998,2025-09-06 16:00:00+02:00,2025-09-06,16,5,9,1,1509.3500000000001,31562.249999999996,14718.8
2025-09-06 15:00:00+00:00,87.6,46852.275,1622.025,196.875,19068.5,2025-09-06 17:00:00+02:00,2025-09-06,17,5,9,1,1818.9,20887.4,25964.875
2025-09-06 16:00:00+00:00,116.47,47615.75,2069.625,311.025,7698.1,2025-09-06 18:00:00+02:00,2025-09-06,18,5,9,1,2380.65,10078.75,37537.0
2025-09-06 17:00:00+00:00,158.39,47738.775,3178.275,503.45,1260.95,2025-09-06 19:00:00+02:00,2025-09-06,19,5,9,1,3681.725,4942.675,42796.1
2025-09-06 18:00:00+00:00,139.54,46806.025,5133.725,766.975,12.125,2025-09-06 20:00:00+02:00,2025-09-06,20,5,9,1,5900.700000000001,5912.825000000001,40893.2
2025-09-06 19:00:00+00:00,109.95,45308.175,7128.775000000001,1052.85,0.0,2025-09-06 21:00:00+02:00,2025-09-06,21,5,9,1,8181.625,8181.625,37126.55
2025-09-06 20:00:00+00:00,92.95,43291.35,8854.3,1360.975,0.0,2025-09-06 22:00:00+02:00,2025-09-06,22,5,9,1,10215.275,10215.275,33076.075
2025-09-06 21:00:00+00:00,82.56,40873.375,10089.5,1712.875,0.0,2025-09-06 23:00:00+02:00,2025-09-06,23,5,9,1,11802.375,11802.375,29071.0
2025-09-06 22:00:00+00:00,89.72,39041.175,9990.425,1974.325,0.0,2025-09-07 00:00:00+02:00,2025-09-07,0,6,9,1,11964.75,11964.75,27076.425000000003
2025-09-06 23:00:00+00:00,85.02,37414.45,10256.15,2355.675,0.0,2025-09-07 01:00:00+02:00,2025-09-07,1,6,9,1,12611.825,12611.825,24802.624999999996
2025-09-07 00:00:00+00:00,80.77,36528.275,10343.2,2680.225,0.0,2025-09-07 02:00:00+02:00,2025-09-07,2,6,9,1,13023.425000000001,13023.425000000001,23504.85
2025-09-07 01:00:00+00:00,83.4,36219.65,10316.025,2906.225,0.0,2025-09-07 03:00:00+02:00,2025-09-07,3,6,9,1,13222.25,13222.25,22997.4
2025-09-07 02:00:00+00:00,82.92,36402.55,10473.65,3078.2,0.0,2025-09-07 04:00:00+02:00,2025-09-07,4,6,9,1,13551.849999999999,13551.849999999999,22850.700000000004
2025-09-07 03:00:00+00:00,82.67,37105.05,10942.525,3257.075,0.0,2025-09-07 05:00:00+02:00,2025-09-07,5,6,9,1,14199.599999999999,14199.599999999999,22905.450000000004
2025-09-07 04:00:00+00:00,81.5,38909.45,11777.7,3485.375,157.725,2025-09-07 06:00:00+02:00,2025-09-07,6,6,9,1,15263.075,15420.800000000001,23488.649999999994
2025-09-07 05:00:00+00:00,55.48,41484.275,12153.05,3654.3250000000003,3987.1,2025-09-07 07:00:00+02:00,2025-09-07,7,6,9,1,15807.375,19794.475,21689.800000000003
2025-09-07 06:00:00+00:00,0.0,44876.25,11307.325,3752.525,13790.45,2025-09-07 08:00:00+02:00,2025-09-07,8,6,9,1,15059.85,28850.300000000003,16025.949999999997
2025-09-07 07:00:00+00:00,-0.09,47628.45,8722.225,2345.775,25538.1,2025-09-07 09:00:00+02:00,2025-09-07,9,6,9,1,11068.0,36606.1,11022.349999999999
2025-09-07 08:00:00+00:00,-4.0,49401.7,6930.35,2425.0,35622.075,2025-09-07 10:00:00+02:00,2025-09-07,10,6,9,1,9355.35,44977.424999999996,4424.2750000000015
2025-09-07 09:00:00+00:00,-20.09,50132.75,7275.85,2478.425,42256.725,2025-09-07 11:00:00+02:00,2025-09-07,11,6,9,1,9754.275000000001,52011.0,-1878.25
2025-09-07 10:00:00+00:00,-40.02,49598.875,7777.475,2288.225,44961.375,2025-09-07 12:00:00+02:00,2025-09-07,12,6,9,1,10065.7,55027.075,-5428.199999999997
2025-09-07 11:00:00+00:00,-53.4,48241.05,7693.7,2334.375,44863.05,2025-09-07 13:00:00+02:00,2025-09-07,13,6,9,1,10028.075,54891.125,-6650.074999999997
2025-09-07 12:00:00+00:00,-49.99,46964.3,7763.3,2405.15,42344.75,2025-09-07 14:00:00+02:00,2025-09-07,14,6,9,1,10168.45,52513.2,-5548.899999999994
2025-09-07 13:00:00+00:00,-21.21,46151.125,8206.75,2803.125,37384.625,2025-09-07 15:00:00+02:00,2025-09-07,15,6,9,1,11009.875,48394.5,-2243.375
2025-09-07 14:00:00+00:00,-2.47,46029.35,9171.975,2974.375,29541.0,2025-09-07 16:00:00+02:00,2025-09-07,16,6,9,1,12146.35,41687.35,4342.0
2025-09-07 15:00:00+00:00,3.36,46902.275,10322.625,5090.625,18433.65,2025-09-07 17:00:00+02:00,2025-09-07,17,6,9,1,15413.25,33846.9,13055.375
2025-09-07 16:00:00+00:00,95.91,48523.1,11548.675,5340.1,7310.125,2025-09-07 18:00:00+02:00,2025-09-07,18,6,9,1,16888.775,24198.9,24324.199999999997
2025-09-07 17:00:00+00:00,108.3,49391.025,14257.525,5484.875,1159.6,2025-09-07 19:00:00+02:00,2025-09-07,19,6,9,1,19742.4,20902.0,28489.025
2025-09-07 18:00:00+00:00,96.25,48660.325,17197.05,5534.7,9.3,2025-09-07 20:00:00+02:00,2025-09-07,20,6,9,1,22731.75,22741.05,25919.274999999998
2025-09-07 19:00:00+00:00,86.02,47156.0,18471.875,5549.925,0.0,2025-09-07 21:00:00+02:00,2025-09-07,21,6,9,1,24021.8,24021.8,23134.2
2025-09-07 20:00:00+00:00,85.01,45381.549999999996,18123.85,5546.025,0.0,2025-09-07 22:00:00+02:00,2025-09-07,22,6,9,1,23669.875,23669.875,21711.674999999996
2025-09-07 21:00:00+00:00,86.06,43051.425,17346.425,5544.1,0.0,2025-09-07 23:00:00+02:00,2025-09-07,23,6,9,1,22890.525,22890.525,20160.9
2025-09-07 22:00:00+00:00,79.66,40007.05,16378.225,5245.075,0.0,2025-09-08 00:00:00+02:00,2025-09-08,0,0,9,0,21623.3,21623.3,18383.750000000004
2025-09-07 23:00:00+00:00,85.74,39074.7,15209.8,5322.775,0.0,2025-09-08 01:00:00+02:00,2025-09-08,1,0,9,0,20532.574999999997,20532.574999999997,18542.125
2025-09-08 00:00:00+00:00,84.7,38712.8,14000.0,5381.9,0.0,2025-09-08 02:00:00+02:00,2025-09-08,2,0,9,0,19381.9,19381.9,19330.9
2025-09-08 01:00:00+00:00,82.27,39019.6,12925.725,5394.725,0.0,2025-09-08 03:00:00+02:00,2025-09-08,3,0,9,0,18320.45,18320.45,20699.149999999998
2025-09-08 02:00:00+00:00,83.79,40274.375,12125.55,5382.75,0.0,2025-09-08 04:00:00+02:00,2025-09-08,4,0,9,0,17508.3,17508.3,22766.075
2025-09-08 03:00:00+00:00,95.6,44815.675,11569.9,5292.85,0.0,2025-09-08 05:00:00+02:00,2025-09-08,5,0,9,0,16862.75,16862.75,27952.925000000003
2025-09-08 04:00:00+00:00,109.9,52696.899999999994,11208.6,5122.975,131.275,2025-09-08 06:00:00+02:00,2025-09-08,6,0,9,0,16331.575,16462.850000000002,36234.04999999999
2025-09-08 05:00:00+00:00,148.14,58001.1,10416.95,4854.0,3525.125,2025-09-08 07:00:00+02:00,2025-09-08,7,0,9,0,15270.95,18796.075,39205.024999999994
2025-09-08 06:00:00+00:00,125.53,61341.85,8711.1,4410.475,11921.325,2025-09-08 08:00:00+02:00,2025-09-08,8,0,9,0,13121.575,25042.9,36298.95
2025-09-08 07:00:00+00:00,102.05,62583.225,6284.625,3831.025,21199.825,2025-09-08 09:00:00+02:00,2025-09-08,9,0,9,0,10115.65,31315.475,31267.75
2025-09-08 08:00:00+00:00,85.83,63336.025,4861.475,3193.55,28488.2,2025-09-08 10:00:00+02:00,2025-09-08,10,0,9,0,8055.025000000001,36543.225,26792.800000000003
2025-09-08 09:00:00+00:00,76.14,63539.0,4793.175,2655.575,32752.975,2025-09-08 11:00:00+02:00,2025-09-08,11,0,9,0,7448.75,40201.725,23337.275
2025-09-08 10:00:00+00:00,65.35,62648.975,4843.975,2123.25,34176.625,2025-09-08 12:00:00+02:00,2025-09-08,12,0,9,0,6967.225,41143.85,21505.125
2025-09-08 11:00:00+00:00,60.84,61292.899999999994,4386.35,1724.275,33335.275,2025-09-08 13:00:00+02:00,2025-09-08,13,0,9,0,6110.625,39445.9,21846.999999999993
2025-09-08 12:00:00+00:00,69.65,59820.225,3725.95,1449.0,30295.775,2025-09-08 14:00:00+02:00,2025-09-08,14,0,9,0,5174.95,35470.725,24349.5
2025-09-08 13:00:00+00:00,78.46,58990.425,3099.375,1240.0,25586.375,2025-09-08 15:00:00+02:00,2025-09-08,15,0,9,0,4339.375,29925.75,29064.675000000003
2025-09-08 14:00:00+00:00,99.72,58481.7,2665.8,1015.8249999999999,19456.95,2025-09-08 16:00:00+02:00,2025-09-08,16,0,9,0,3681.625,23138.575,35343.125
2025-09-08 15:00:00+00:00,124.28,58932.45,2466.6,820.175,12048.025,2025-09-08 17:00:00+02:00,2025-09-08,17,0,9,0,3286.7749999999996,15334.8,43597.649999999994
2025-09-08 16:00:00+00:00,196.61,59145.65,2633.3500000000004,648.875,4867.575,2025-09-08 18:00:00+02:00,2025-09-08,18,0,9,0,3282.2250000000004,8149.8,50995.85
2025-09-08 17:00:00+00:00,413.66,58899.875,3406.425,550.3,718.8249999999999,2025-09-08 19:00:00+02:00,2025-09-08,19,0,9,0,3956.7250000000004,4675.55,54224.325
2025-09-08 18:00:00+00:00,308.52,57348.4,4302.15,504.95000000000005,7.575,2025-09-08 20:00:00+02:00,2025-09-08,20,0,9,0,4807.099999999999,4814.674999999999,52533.725000000006
2025-09-08 19:00:00+00:00,152.0,54406.4,4428.725,493.25,0.0,2025-09-08 21:00:00+02:00,2025-09-08,21,0,9,0,4921.975,4921.975,49484.425
2025-09-08 20:00:00+00:00,123.93,50791.275,4097.725,474.775,0.0,2025-09-08 22:00:00+02:00,2025-09-08,22,0,9,0,4572.5,4572.5,46218.775
2025-09-08 21:00:00+00:00,113.12,47351.825,3505.5,422.225,0.0,2025-09-08 23:00:00+02:00,2025-09-08,23,0,9,0,3927.725,3927.725,43424.1
2025-09-08 22:00:00+00:00,114.52,44461.5,2904.7,311.3,0.0,2025-09-09 00:00:00+02:00,2025-09-09,0,1,9,0,3216.0,3216.0,41245.5
2025-09-08 23:00:00+00:00,112.46,43117.925,2650.75,258.55,0.0,2025-09-09 01:00:00+02:00,2025-09-09,1,1,9,0,2909.3,2909.3,40208.625
2025-09-09 00:00:00+00:00,110.35,42441.525,2767.1,220.725,0.0,2025-09-09 02:00:00+02:00,2025-09-09,2,1,9,0,2987.825,2987.825,39453.700000000004
2025-09-09 01:00:00+00:00,109.8,42483.0,2847.6,199.3,0.0,2025-09-09 03:00:00+02:00,2025-09-09,3,1,9,0,3046.9,3046.9,39436.1
2025-09-09 02:00:00+00:00,110.86,43427.125,2908.75,194.85,0.0,2025-09-09 04:00:00+02:00,2025-09-09,4,1,9,0,3103.6,3103.6,40323.525
2025-09-09 03:00:00+00:00,118.18,46528.125,3133.95,204.25,0.0,2025-09-09 05:00:00+02:00,2025-09-09,5,1,9,0,3338.2,3338.2,43189.925
2025-09-09 04:00:00+00:00,182.39,52489.075,3577.175,226.10000000000002,96.0,2025-09-09 06:00:00+02:00,2025-09-09,6,1,9,0,3803.275,3899.275,48589.799999999996
2025-09-09 05:00:00+00:00,300.0,57427.325,3928.15,253.35,2510.6,2025-09-09 07:00:00+02:00,2025-09-09,7,1,9,0,4181.5,6692.1,50735.225
2025-09-09 06:00:00+00:00,196.98,60568.15,3783.45,282.525,8503.25,2025-09-09 08:00:00+02:00,2025-09-09,8,1,9,0,4065.975,12569.225,47998.925
2025-09-09 07:00:00+00:00,127.59,61938.2,3228.7,305.25,15010.724999999999,2025-09-09 09:00:00+02:00,2025-09-09,9,1,9,0,3533.95,18544.675,43393.524999999994
2025-09-09 08:00:00+00:00,101.73,62632.575,2838.875,348.05,20210.375,2025-09-09 10:00:00+02:00,2025-09-09,10,1,9,0,3186.925,23397.3,39235.274999999994
2025-09-09 09:00:00+00:00,99.25,62976.3,3091.825,410.375,23296.975,2025-09-09 11:00:00+02:00,2025-09-09,11,1,9,0,3502.2,26799.175,36177.125
2025-09-09 10:00:00+00:00,87.18,62160.95,3512.75,473.775,24812.55,2025-09-09 12:00:00+02:00,2025-09-09,12,1,9,0,3986.525,28799.075,33361.875
2025-09-09 11:00:00+00:00,85.69,60572.7,3822.025,556.475,24795.25,2025-09-09 13:00:00+02:00,2025-09-09,13,1,9,0,4378.5,29173.75,31398.949999999997
2025-09-09 12:00:00+00:00,85.51,58922.725,4102.4,686.525,23095.675,2025-09-09 14:00:00+02:00,2025-09-09,14,1,9,0,4788.924999999999,27884.6,31038.125
2025-09-09 13:00:00+00:00,92.49,57866.0,4251.125,856.3,20216.475,2025-09-09 15:00:00+02:00,2025-09-09,15,1,9,0,5107.425,25323.899999999998,32542.100000000002
2025-09-09 14:00:00+00:00,103.35,57156.25,4316.325,1095.4,15878.425000000001,2025-09-09 16:00:00+02:00,2025-09-09,16,1,9,0,5411.725,21290.15,35866.1
2025-09-09 15:00:00+00:00,127.41,57357.25,4382.575,1499.05,10243.225,2025-09-09 17:00:00+02:00,2025-09-09,17,1,9,0,5881.625,16124.85,41232.4
2025-09-09 16:00:00+00:00,192.68,57688.975000000006,4435.625,1887.875,4332.225,2025-09-09 18:00:00+02:00,2025-09-09,18,1,9,0,6323.5,10655.725,47033.25000000001
2025-09-09 17:00:00+00:00,386.4,57508.75,4778.85,2169.475,633.525,2025-09-09 19:00:00+02:00,2025-09-09,19,1,9,0,6948.325000000001,7581.85,49926.9
2025-09-09 18:00:00+00:00,215.59,56160.775,5115.45,2263.85,6.25,2025-09-09 20:00:00+02:00,2025-09-09,20,1,9,0,7379.299999999999,7385.549999999999,48775.225000000006
2025-09-09 19:00:00+00:00,133.37,53674.075,4841.2,2103.775,0.0,2025-09-09 21:00:00+02:00,2025-09-09,21,1,9,0,6944.975,6944.975,46729.1
2025-09-09 20:00:00+00:00,115.79,50491.5,4590.55,1913.825,0.0,2025-09-09 22:00:00+02:00,2025-09-09,22,1,9,0,6504.375,6504.375,43987.125
2025-09-09 21:00:00+00:00,109.3,47385.85,4421.8,1823.8,0.0,2025-09-09 23:00:00+02:00,2025-09-09,23,1,9,0,6245.6,6245.6,41140.25
2025-09-09 22:00:00+00:00,106.93,44006.275,4302.075,1786.35,0.0,2025-09-10 00:00:00+02:00,2025-09-10,0,2,9,0,6088.424999999999,6088.424999999999,37917.850000000006
2025-09-09 23:00:00+00:00,107.29,42795.95,3665.55,1729.675,0.0,2025-09-10 01:00:00+02:00,2025-09-10,1,2,9,0,5395.225,5395.225,37400.725
2025-09-10 00:00:00+00:00,103.73,41969.4,3090.9,1547.275,0.0,2025-09-10 02:00:00+02:00,2025-09-10,2,2,9,0,4638.175,4638.175,37331.225
2025-09-10 01:00:00+00:00,104.81,42100.725,2728.925,1387.2,0.0,2025-09-10 03:00:00+02:00,2025-09-10,3,2,9,0,4116.125,4116.125,37984.6
2025-09-10 02:00:00+00:00,104.55,43285.425,2590.1749999999997,1271.725,0.0,2025-09-10 04:00:00+02:00,2025-09-10,4,2,9,0,3861.8999999999996,3861.8999999999996,39423.525
2025-09-10 03:00:00+00:00,114.28,46636.55,2574.55,1174.7,0.0,2025-09-10 05:00:00+02:00,2025-09-10,5,2,9,0,3749.25,3749.25,42887.3
2025-09-10 04:00:00+00:00,133.35,53150.4,2530.75,1102.575,67.25,2025-09-10 06:00:00+02:00,2025-09-10,6,2,9,0,3633.325,3700.575,49449.825000000004
2025-09-10 05:00:00+00:00,223.39,59277.15,2323.875,1046.925,2027.725,2025-09-10 07:00:00+02:00,2025-09-10,7,2,9,0,3370.8,5398.525,53878.625
2025-09-10 06:00:00+00:00,171.94,61922.675,1814.75,974.75,7231.85,2025-09-10 08:00:00+02:00,2025-09-10,8,2,9,0,2789.5,10021.35,51901.325000000004
2025-09-10 07:00:00+00:00,129.46,62428.95,1220.4,898.6,13793.325,2025-09-10 09:00:00+02:00,2025-09-10,9,2,9,0,2119.0,15912.325,46516.625
2025-09-10 08:00:00+00:00,107.33,62510.55,905.125,815.5999999999999,19720.25,2025-09-10 10:00:00+02:00,2025-09-10,10,2,9,0,1720.725,21440.975,41069.575000000004
2025-09-10 09:00:00+00:00,102.39,62626.8,887.0,736.575,24144.825,2025-09-10 11:00:00+02:00,2025-09-10,11,2,9,0,1623.575,25768.4,36858.4
2025-09-10 10:00:00+00:00,88.85,61612.95,1040.0,715.95,26791.625,2025-09-10 12:00:00+02:00,2025-09-10,12,2,9,0,1755.95,28547.575,33065.375
2025-09-10 11:00:00+00:00,86.09,60565.95,1274.9,744.7,27095.2,2025-09-10 13:00:00+02:00,2025-09-10,13,2,9,0,2019.6000000000001,29114.8,31451.149999999998
2025-09-10 12:00:00+00:00,87.8,58741.1,1463.025,796.925,25396.725,2025-09-10 14:00:00+02:00,2025-09-10,14,2,9,0,2259.95,27656.675,31084.425
2025-09-10 13:00:00+00:00,90.8,57455.5,1626.25,851.4,21975.075,2025-09-10 15:00:00+02:00,2025-09-10,15,2,9,0,2477.65,24452.725000000002,33002.774999999994
2025-09-10 14:00:00+00:00,105.07,56356.7,1753.075,916.35,16849.2,2025-09-10 16:00:00+02:00,2025-09-10,16,2,9,0,2669.425,19518.625,36838.075
2025-09-10 15:00:00+00:00,127.78,55984.55,1733.025,1018.925,10600.5,2025-09-10 17:00:00+02:00,2025-09-10,17,2,9,0,2751.95,13352.45,42632.100000000006
2025-09-10 16:00:00+00:00,170.59,56394.275,1786.425,1185.5,4370.0,2025-09-10 18:00:00+02:00,2025-09-10,18,2,9,0,2971.925,7341.925,49052.35
2025-09-10 17:00:00+00:00,275.19,56523.0,2210.95,1469.625,611.9,2025-09-10 19:00:00+02:00,2025-09-10,19,2,9,0,3680.575,4292.474999999999,52230.525
2025-09-10 18:00:00+00:00,169.07,55557.95,3059.175,1896.225,5.875,2025-09-10 20:00:00+02:00,2025-09-10,20,2,9,0,4955.4,4961.275,50596.674999999996
2025-09-10 19:00:00+00:00,122.94,53666.125,4082.6000000000004,2438.8,0.0,2025-09-10 21:00:00+02:00,2025-09-10,21,2,9,0,6521.400000000001,6521.400000000001,47144.725
2025-09-10 20:00:00+00:00,101.58,50027.875,5478.625,3015.675,0.0,2025-09-10 22:00:00+02:00,2025-09-10,22,2,9,0,8494.3,8494.3,41533.575
2025-09-10 21:00:00+00:00,87.63,46888.75,6907.55,3506.9,0.0,2025-09-10 23:00:00+02:00,2025-09-10,23,2,9,0,10414.45,10414.45,36474.3
2025-09-10 22:00:00+00:00,88.21,45595.075,8790.525,4005.225,0.0,2025-09-11 00:00:00+02:00,2025-09-11,0,3,9,0,12795.75,12795.75,32799.325
2025-09-10 23:00:00+00:00,85.0,44010.2,9953.7,4467.400000000001,0.0,2025-09-11 01:00:00+02:00,2025-09-11,1,3,9,0,14421.100000000002,14421.100000000002,29589.099999999995
2025-09-11 00:00:00+00:00,77.13,43613.025,10860.2,4867.05,0.0,2025-09-11 02:00:00+02:00,2025-09-11,2,3,9,0,15727.25,15727.25,27885.775
2025-09-11 01:00:00+00:00,70.67,43651.15,11464.5,5113.9,0.0,2025-09-11 03:00:00+02:00,2025-09-11,3,3,9,0,16578.4,16578.4,27072.75
2025-09-11 02:00:00+00:00,70.67,44175.025,12049.3,5196.075,0.0,2025-09-11 04:00:00+02:00,2025-09-11,4,3,9,0,17245.375,17245.375,26929.65
2025-09-11 03:00:00+00:00,79.05,46386.95,12704.75,5290.775,0.0,2025-09-11 05:00:00+02:00,2025-09-11,5,3,9,0,17995.525,17995.525,28391.424999999996
2025-09-11 04:00:00+00:00,111.18,51932.55,13553.6,5451.375,56.075,2025-09-11 06:00:00+02:00,2025-09-11,6,3,9,0,19004.975,19061.05,32871.5
2025-09-11 05:00:00+00:00,125.33,56421.5,14165.575,5526.8,2266.875,2025-09-11 07:00:00+02:00,2025-09-11,7,3,9,0,19692.375,21959.25,34462.25
2025-09-11 06:00:00+00:00,120.36,59916.8,13996.625,5351.575000000001,8325.125,2025-09-11 08:00:00+02:00,2025-09-11,8,3,9,0,19348.2,27673.325,32243.475000000002
2025-09-11 07:00:00+00:00,102.05,61459.025,13814.675,4880.4,15981.325,2025-09-11 09:00:00+02:00,2025-09-11,9,3,9,0,18695.074999999997,34676.399999999994,26782.625000000007
2025-09-11 08:00:00+00:00,73.64,62429.225,15283.05,4511.7,22610.7,2025-09-11 10:00:00+02:00,2025-09-11,10,3,9,0,19794.75,42405.45,20023.775
2025-09-11 09:00:00+00:00,8.23,62018.9,18147.725,4262.349999999999,27257.6,2025-09-11 11:00:00+02:00,2025-09-11,11,3,9,0,22410.074999999997,49667.674999999996,12351.225000000006
2025-09-11 10:00:00+00:00,-0.01,61444.55,20312.15,4153.525,30265.65,2025-09-11 12:00:00+02:00,2025-09-11,12,3,9,0,24465.675000000003,54731.325000000004,6713.2249999999985
2025-09-11 11:00:00+00:00,-0.07,61097.25,21861.025,4204.75,31124.6,2025-09-11 13:00:00+02:00,2025-09-11,13,3,9,0,26065.775,57190.375,3906.875
2025-09-11 12:00:00+00:00,-0.72,60117.125,23041.3,4234.025,29700.85,2025-09-11 14:00:00+02:00,2025-09-11,14,3,9,0,27275.324999999997,56976.174999999996,3140.9500000000044
2025-09-11 13:00:00+00:00,0.0,58681.2,22974.175,4215.675,25948.25,2025-09-11 15:00:00+02:00,2025-09-11,15,3,9,0,27189.85,53138.1,5543.0999999999985
2025-09-11 14:00:00+00:00,8.96,57885.875,22073.15,4348.3,20033.875,2025-09-11 16:00:00+02:00,2025-09-11,16,3,9,0,26421.45,46455.325,11430.550000000003
2025-09-11 15:00:00+00:00,75.82,57709.125,20001.4,4646.675,12465.275,2025-09-11 17:00:00+02:00,2025-09-11,17,3,9,0,24648.075,37113.35,20595.775
2025-09-11 16:00:00+00:00,118.57,58234.5,17327.025,4859.725,4855.475,2025-09-11 18:00:00+02:00,2025-09-11,18,3,9,0,22186.75,27042.225,31192.275
2025-09-11 17:00:00+00:00,132.86,57709.1,15872.375,5075.875,609.1,2025-09-11 19:00:00+02:00,2025-09-11,19,3,9,0,20948.25,21557.35,36151.75
2025-09-11 18:00:00+00:00,125.25,56335.05,16264.55,5310.7,0.0,2025-09-11 20:00:00+02:00,2025-09-11,20,3,9,0,21575.25,21575.25,34759.8
2025-09-11 19:00:00+00:00,111.45,54065.875,17617.775,5468.725,0.0,2025-09-11 21:00:00+02:00,2025-09-11,21,3,9,0,23086.5,23086.5,30979.375
2025-09-11 20:00:00+00:00,84.81,50853.55,18846.6,5572.1,0.0,2025-09-11 22:00:00+02:00,2025-09-11,22,3,9,0,24418.699999999997,24418.699999999997,26434.850000000006
2025-09-11 21:00:00+00:00,63.89,47539.55,20216.475,5638.25,0.0,2025-09-11 23:00:00+02:00,2025-09-11,23,3,9,0,25854.725,25854.725,21684.825000000004
2025-09-11 22:00:00+00:00,32.83,45026.3,22720.050000000003,5469.85,0.0,2025-09-12 00:00:00+02:00,2025-09-12,0,4,9,0,28189.9,28189.9,16836.4
2025-09-11 23:00:00+00:00,33.23,43471.350000000006,22904.15,5530.075,0.0,2025-09-12 01:00:00+02:00,2025-09-12,1,4,9,0,28434.225000000002,28434.225000000002,15037.125000000004
2025-09-12 00:00:00+00:00,20.94,42992.75,22698.9,5577.75,0.0,2025-09-12 02:00:00+02:00,2025-09-12,2,4,9,0,28276.65,28276.65,14716.099999999999
2025-09-12 01:00:00+00:00,16.35,43132.175,22353.75,5708.925,0.0,2025-09-12 03:00:00+02:00,2025-09-12,3,4,9,0,28062.675,28062.675,15069.500000000004
2025-09-12 02:00:00+00:00,29.15,44190.85,21971.75,5599.0,0.0,2025-09-12 04:00:00+02:00,2025-09-12,4,4,9,0,27570.75,27570.75,16620.1
2025-09-12 03:00:00+00:00,51.84,47104.025,21590.7,5603.05,0.0,2025-09-12 05:00:00+02:00,2025-09-12,5,4,9,0,27193.75,27193.75,19910.275
2025-09-12 04:00:00+00:00,95.29,52630.225,21777.2,5734.15,53.25,2025-09-12 06:00:00+02:00,2025-09-12,6,4,9,0,27511.35,27564.6,25065.625
2025-09-12 05:00:00+00:00,105.73,57393.075,21174.075,5920.425,2440.6,2025-09-12 07:00:00+02:00,2025-09-12,7,4,9,0,27094.5,29535.1,27857.975
2025-09-12 06:00:00+00:00,102.01,60551.825,19676.375,5730.7,9325.85,2025-09-12 08:00:00+02:00,2025-09-12,8,4,9,0,25407.075,34732.925,25818.899999999994
2025-09-12 07:00:00+00:00,48.07,62066.325,20260.899999999998,5496.625,17826.725,2025-09-12 09:00:00+02:00,2025-09-12,9,4,9,0,25757.524999999998,43584.25,18482.074999999997
2025-09-12 08:00:00+00:00,1.85,63194.675,22364.5,5363.5,25271.05,2025-09-12 10:00:00+02:00,2025-09-12,10,4,9,0,27728.0,52999.05,10195.625
2025-09-12 09:00:00+00:00,-1.66,63623.15,22226.575,3222.1,30588.0,2025-09-12 11:00:00+02:00,2025-09-12,11,4,9,0,25448.675,56036.675,7586.4749999999985
2025-09-12 10:00:00+00:00,-5.11,62616.15,21953.3,3185.6,33758.299999999996,2025-09-12 12:00:00+02:00,2025-09-12,12,4,9,0,25138.899999999998,58897.2,3718.9500000000044
2025-09-12 11:00:00+00:00,-8.66,60938.825,21894.225,3207.525,34079.225,2025-09-12 13:00:00+02:00,2025-09-12,13,4,9,0,25101.75,59180.975,1757.8499999999985
2025-09-12 12:00:00+00:00,-6.19,58710.95,21635.425,3135.5,32583.525,2025-09-12 14:00:00+02:00,2025-09-12,14,4,9,0,24770.925,57354.45,1356.5
2025-09-12 13:00:00+00:00,-4.0,57785.174999999996,20925.85,2877.4,29371.9,2025-09-12 15:00:00+02:00,2025-09-12,15,4,9,0,23803.25,53175.15,4610.024999999994
2025-09-12 14:00:00+00:00,-0.01,57440.675,19858.625,2892.375,23428.025,2025-09-12 16:00:00+02:00,2025-09-12,16,4,9,0,22751.0,46179.025,11261.650000000001
2025-09-12 15:00:00+00:00,57.69,57494.6,17573.975,5253.175,14624.400000000001,2025-09-12 17:00:00+02:00,2025-09-12,17,4,9,0,22827.149999999998,37451.55,20043.049999999996
2025-09-12 16:00:00+00:00,108.71,57134.8,13761.349999999999,5315.55,5373.85,2025-09-12 18:00:00+02:00,2025-09-12,18,4,9,0,19076.899999999998,24450.75,32684.050000000003
2025-09-12 17:00:00+00:00,155.36,56382.649999999994,11324.175000000001,5303.575,616.55,2025-09-12 19:00:00+02:00,2025-09-12,19,4,9,0,16627.75,17244.3,39138.34999999999
2025-09-12 18:00:00+00:00,152.24,54630.85,11061.025,5148.775,0.0,2025-09-12 20:00:00+02:00,2025-09-12,20,4,9,0,16209.8,16209.8,38421.05
2025-09-12 19:00:00+00:00,113.96,51895.175,11710.1,5032.05,0.0,2025-09-12 21:00:00+02:00,2025-09-12,21,4,9,0,16742.15,16742.15,35153.025
2025-09-12 20:00:00+00:00,102.85,48569.425,12822.4,5027.5,0.0,2025-09-12 22:00:00+02:00,2025-09-12,22,4,9,0,17849.9,17849.9,30719.525
2025-09-12 21:00:00+00:00,96.66,45287.15,13843.75,5138.7,0.0,2025-09-12 23:00:00+02:00,2025-09-12,23,4,9,0,18982.45,18982.45,26304.7
2025-09-12 22:00:00+00:00,85.89,42575.25,15697.325,5600.775,0.0,2025-09-13 00:00:00+02:00,2025-09-13,0,5,9,1,21298.1,21298.1,21277.15
2025-09-12 23:00:00+00:00,72.75,40677.075,16101.575,5635.975,0.0,2025-09-13 01:00:00+02:00,2025-09-13,1,5,9,1,21737.550000000003,21737.550000000003,18939.524999999994
2025-09-13 00:00:00+00:00,72.45,39648.3,16081.625,5593.549999999999,0.0,2025-09-13 02:00:00+02:00,2025-09-13,2,5,9,1,21675.175,21675.175,17973.125000000004
2025-09-13 01:00:00+00:00,72.45,39215.275,15712.575,5605.625,0.0,2025-09-13 03:00:00+02:00,2025-09-13,3,5,9,1,21318.2,21318.2,17897.075
2025-09-13 02:00:00+00:00,69.79,39140.975,15264.75,5689.65,0.0,2025-09-13 04:00:00+02:00,2025-09-13,4,5,9,1,20954.4,20954.4,18186.574999999997
2025-09-13 03:00:00+00:00,72.75,39698.425,14981.775000000001,5717.0,0.0,2025-09-13 05:00:00+02:00,2025-09-13,5,5,9,1,20698.775,20698.775,18999.65
2025-09-13 04:00:00+00:00,74.71,41249.475,15112.6,5683.2,40.699999999999996,2025-09-13 06:00:00+02:00,2025-09-13,6,5,9,1,20795.8,20836.5,20412.975
2025-09-13 05:00:00+00:00,74.11,43657.9,14912.125,5672.475,1937.775,2025-09-13 07:00:00+02:00,2025-09-13,7,5,9,1,20584.6,22522.375,21135.525
2025-09-13 06:00:00+00:00,72.45,46850.675,14089.35,5731.8,7141.2,2025-09-13 08:00:00+02:00,2025-09-13,8,5,9,1,19821.15,26962.350000000002,19888.325
2025-09-13 07:00:00+00:00,53.85,49676.025,12282.725,5832.75,13859.325,2025-09-13 09:00:00+02:00,2025-09-13,9,5,9,1,18115.475,31974.8,17701.225000000002
2025-09-13 08:00:00+00:00,14.3,51600.425,11148.825,5802.825,20515.800000000003,2025-09-13 10:00:00+02:00,2025-09-13,10,5,9,1,16951.65,37467.450000000004,14132.974999999999
2025-09-13 09:00:00+00:00,2.37,51550.575,12045.35,5820.25,25763.7,2025-09-13 11:00:00+02:00,2025-09-13,11,5,9,1,17865.6,43629.3,7921.274999999994
2025-09-13 10:00:00+00:00,0.0,50710.45,13737.7,5676.95,29238.0,2025-09-13 12:00:00+02:00,2025-09-13,12,5,9,1,19414.65,48652.65,2057.7999999999956
2025-09-13 11:00:00+00:00,-0.01,49206.425,14854.0,5558.0,30127.824999999997,2025-09-13 13:00:00+02:00,2025-09-13,13,5,9,1,20412.0,50539.825,-1333.3999999999942
2025-09-13 12:00:00+00:00,-0.01,47780.575,15717.65,5483.05,28305.875,2025-09-13 14:00:00+02:00,2025-09-13,14,5,9,1,21200.7,49506.575,-1726.0
2025-09-13 13:00:00+00:00,-0.01,46946.275,15693.6,5405.3,24462.375,2025-09-13 15:00:00+02:00,2025-09-13,15,5,9,1,21098.9,45561.275,1385.0
2025-09-13 14:00:00+00:00,3.88,46956.8,14832.0,5338.9,18291.35,2025-09-13 16:00:00+02:00,2025-09-13,16,5,9,1,20170.9,38462.25,8494.550000000003
2025-09-13 15:00:00+00:00,74.11,47502.075,13179.75,5258.775,10616.1,2025-09-13 17:00:00+02:00,2025-09-13,17,5,9,1,18438.525,29054.625,18447.449999999997
2025-09-13 16:00:00+00:00,108.1,48465.6,11700.325,5037.925,3746.725,2025-09-13 18:00:00+02:00,2025-09-13,18,5,9,1,16738.25,20484.975,27980.625
2025-09-13 17:00:00+00:00,121.9,48779.475,11618.1,4774.225,375.25,2025-09-13 19:00:00+02:00,2025-09-13,19,5,9,1,16392.325,16767.575,32011.899999999998
2025-09-13 18:00:00+00:00,118.77,47900.625,12234.825,4512.075,0.0,2025-09-13 20:00:00+02:00,2025-09-13,20,5,9,1,16746.9,16746.9,31153.725
2025-09-13 19:00:00+00:00,111.17,46169.975,12750.0,4275.625,0.0,2025-09-13 21:00:00+02:00,2025-09-13,21,5,9,1,17025.625,17025.625,29144.35
2025-09-13 20:00:00+00:00,100.0,44214.1,12852.5,4031.5,0.0,2025-09-13 22:00:00+02:00,2025-09-13,22,5,9,1,16884.0,16884.0,27330.1
2025-09-13 21:00:00+00:00,87.18,41743.075,12666.425,3717.8,0.0,2025-09-13 23:00:00+02:00,2025-09-13,23,5,9,1,16384.225,16384.225,25358.85
2025-09-13 22:00:00+00:00,85.69,40331.975,12724.625,3599.975,0.0,2025-09-14 00:00:00+02:00,2025-09-14,0,6,9,1,16324.6,16324.6,24007.375
2025-09-13 23:00:00+00:00,77.57,38708.075,12140.575,3171.5,0.0,2025-09-14 01:00:00+02:00,2025-09-14,1,6,9,1,15312.075,15312.075,23395.999999999996
2025-09-14 00:00:00+00:00,80.61,37891.15,11466.625,2772.075,0.0,2025-09-14 02:00:00+02:00,2025-09-14,2,6,9,1,14238.7,14238.7,23652.45
2025-09-14 01:00:00+00:00,85.93,37425.275,10684.5,2397.175,0.0,2025-09-14 03:00:00+02:00,2025-09-14,3,6,9,1,13081.675,13081.675,24343.600000000002
2025-09-14 02:00:00+00:00,93.77,37435.65,9858.2,2048.65,0.0,2025-09-14 04:00:00+02:00,2025-09-14,4,6,9,1,11906.85,11906.85,25528.800000000003
2025-09-14 03:00:00+00:00,99.82,37693.75,9229.55,1724.9250000000002,0.0,2025-09-14 05:00:00+02:00,2025-09-14,5,6,9,1,10954.474999999999,10954.474999999999,26739.275
2025-09-14 04:00:00+00:00,100.75,39006.6,8889.25,1504.55,18.125,2025-09-14 06:00:00+02:00,2025-09-14,6,6,9,1,10393.8,10411.925,28594.675
2025-09-14 05:00:00+00:00,105.36,41444.525,8643.625,1410.25,1179.475,2025-09-14 07:00:00+02:00,2025-09-14,7,6,9,1,10053.875,11233.35,30211.175000000003
2025-09-14 06:00:00+00:00,108.48,44678.475,8357.3,1378.025,5300.775,2025-09-14 08:00:00+02:00,2025-09-14,8,6,9,1,9735.324999999999,15036.099999999999,29642.375
2025-09-14 07:00:00+00:00,87.78,47732.925,7952.825,1405.05,11819.075,2025-09-14 09:00:00+02:00,2025-09-14,9,6,9,1,9357.875,21176.95,26555.975000000002
2025-09-14 08:00:00+00:00,61.68,49619.0,7642.475,1380.025,19298.55,2025-09-14 10:00:00+02:00,2025-09-14,10,6,9,1,9022.5,28321.05,21297.95
2025-09-14 09:00:00+00:00,17.58,50207.275,7525.575,1373.625,26228.8,2025-09-14 11:00:00+02:00,2025-09-14,11,6,9,1,8899.2,35128.0,15079.275000000001
2025-09-14 10:00:00+00:00,6.52,49660.475000000006,7743.7,1357.25,31139.35,2025-09-14 12:00:00+02:00,2025-09-14,12,6,9,1,9100.95,40240.3,9420.175000000003
2025-09-14 11:00:00+00:00,0.0,48051.3,8104.7,1391.1,33539.475,2025-09-14 13:00:00+02:00,2025-09-14,13,6,9,1,9495.8,43035.274999999994,5016.025000000009
2025-09-14 12:00:00+00:00,-0.01,46569.225,8573.325,1545.2,33397.625,2025-09-14 14:00:00+02:00,2025-09-14,14,6,9,1,10118.525000000001,43516.15,3053.074999999997
2025-09-14 13:00:00+00:00,0.0,46161.7,8720.35,1855.225,30190.425,2025-09-14 15:00:00+02:00,2025-09-14,15,6,9,1,10575.575,40766.0,5395.699999999997
2025-09-14 14:00:00+00:00,19.33,46502.6,8372.725,2092.675,23595.675,2025-09-14 16:00:00+02:00,2025-09-14,16,6,9,1,10465.400000000001,34061.075,12441.525000000001
2025-09-14 15:00:00+00:00,98.2,47706.175,7241.95,2133.675,14311.825,2025-09-14 17:00:00+02:00,2025-09-14,17,6,9,1,9375.625,23687.45,24018.725000000002
2025-09-14 16:00:00+00:00,124.34,48802.25,5695.225,2167.325,4852.275000000001,2025-09-14 18:00:00+02:00,2025-09-14,18,6,9,1,7862.55,12714.825,36087.425
2025-09-14 17:00:00+00:00,153.29,49347.55,5576.275,2390.05,421.75,2025-09-14 19:00:00+02:00,2025-09-14,19,6,9,1,7966.325,8388.075,40959.475000000006
2025-09-14 18:00:00+00:00,126.01,49025.5,7106.425,2852.15,0.0,2025-09-14 20:00:00+02:00,2025-09-14,20,6,9,1,9958.575,9958.575,39066.925
2025-09-14 19:00:00+00:00,97.37,47580.7,9702.375,3571.05,0.0,2025-09-14 21:00:00+02:00,2025-09-14,21,6,9,1,13273.425,13273.425,34307.274999999994
2025-09-14 20:00:00+00:00,77.02,45620.7,13229.3,4491.675,0.0,2025-09-14 22:00:00+02:00,2025-09-14,22,6,9,1,17720.975,17720.975,27899.725
2025-09-14 21:00:00+00:00,14.27,43136.0,17186.5,5455.7,0.0,2025-09-14 23:00:00+02:00,2025-09-14,23,6,9,1,22642.2,22642.2,20493.8
2025-09-14 22:00:00+00:00,20.0,40668.5,21337.1,5936.625,0.0,2025-09-15 00:00:00+02:00,2025-09-15,0,0,9,0,27273.725,27273.725,13394.775000000001
2025-09-14 23:00:00+00:00,3.87,39569.7,24845.0,5997.95,0.0,2025-09-15 01:00:00+02:00,2025-09-15,1,0,9,0,30842.95,30842.95,8726.749999999996
2025-09-15 00:00:00+00:00,1.39,39212.9,27650.6,5881.725,0.0,2025-09-15 02:00:00+02:00,2025-09-15,2,0,9,0,33532.325,33532.325,5680.575000000004
2025-09-15 01:00:00+00:00,0.01,39467.425,30239.825,5657.425,0.0,2025-09-15 03:00:00+02:00,2025-09-15,3,0,9,0,35897.25,35897.25,3570.175000000003
2025-09-15 02:00:00+00:00,0.0,40696.925,32374.800000000003,5550.075000000001,0.0,2025-09-15 04:00:00+02:00,2025-09-15,4,0,9,0,37924.875,37924.875,2772.050000000003
2025-09-15 03:00:00+00:00,0.9,44663.6,33767.375,5593.025,0.0,2025-09-15 05:00:00+02:00,2025-09-15,5,0,9,0,39360.4,39360.4,5303.199999999997
2025-09-15 04:00:00+00:00,20.27,51831.875,35326.65,5727.75,18.45,2025-09-15 06:00:00+02:00,2025-09-15,6,0,9,0,41054.4,41072.85,10759.025000000001
2025-09-15 05:00:00+00:00,54.31,57462.399999999994,35839.2,5827.275,1482.725,2025-09-15 07:00:00+02:00,2025-09-15,7,0,9,0,41666.475,43149.2,14313.199999999997
2025-09-15 06:00:00+00:00,40.4,61248.9,35831.9,5692.8,6632.975,2025-09-15 08:00:00+02:00,2025-09-15,8,0,9,0,41524.700000000004,48157.675,13091.224999999999
2025-09-15 07:00:00+00:00,0.9,63007.175,35882.05,5554.75,14620.825,2025-09-15 09:00:00+02:00,2025-09-15,9,0,9,0,41436.8,56057.625,6949.550000000003
2025-09-15 08:00:00+00:00,-0.47,63908.825,36016.65,3801.2,22740.925,2025-09-15 10:00:00+02:00,2025-09-15,10,0,9,0,39817.85,62558.774999999994,1350.050000000003
2025-09-15 09:00:00+00:00,-2.61,64437.8,36567.575,3663.625,28813.95,2025-09-15 11:00:00+02:00,2025-09-15,11,0,9,0,40231.2,69045.15,-4607.349999999991
2025-09-15 10:00:00+00:00,-8.0,64127.4,37164.65,3545.875,32518.475,2025-09-15 12:00:00+02:00,2025-09-15,12,0,9,0,40710.525,73229.0,-9101.599999999999
2025-09-15 11:00:00+00:00,-14.27,63091.05,37162.4,3450.15,33839.625,2025-09-15 13:00:00+02:00,2025-09-15,13,0,9,0,40612.55,74452.175,-11361.125
2025-09-15 12:00:00+00:00,-13.7,61743.2,37358.125,3374.7,32326.175,2025-09-15 14:00:00+02:00,2025-09-15,14,0,9,0,40732.825,73059.0,-11315.800000000003
2025-09-15 13:00:00+00:00,-8.9,60593.65,37439.35,3289.0499999999997,28223.225,2025-09-15 15:00:00+02:00,2025-09-15,15,0,9,0,40728.4,68951.625,-8357.974999999999
2025-09-15 14:00:00+00:00,-5.24,59658.625,37473.524999999994,3285.825,21763.775,2025-09-15 16:00:00+02:00,2025-09-15,16,0,9,0,40759.34999999999,62523.12499999999,-2864.4999999999927
2025-09-15 15:00:00+00:00,-0.53,59139.125,37433.95,3379.75,13072.775,2025-09-15 17:00:00+02:00,2025-09-15,17,0,9,0,40813.7,53886.475,5252.6500000000015
2025-09-15 16:00:00+00:00,14.01,59521.425,36670.4,4914.2,4552.925,2025-09-15 18:00:00+02:00,2025-09-15,18,0,9,0,41584.6,46137.525,13383.900000000001
2025-09-15 17:00:00+00:00,53.93,59603.95,35665.125,4945.85,393.95,2025-09-15 19:00:00+02:00,2025-09-15,19,0,9,0,40610.975,41004.924999999996,18599.025
2025-09-15 18:00:00+00:00,47.37,58159.025,35754.325,4998.625,0.0,2025-09-15 20:00:00+02:00,2025-09-15,20,0,9,0,40752.95,40752.95,17406.075000000004
2025-09-15 19:00:00+00:00,5.33,54990.4,37198.925,5033.25,0.0,2025-09-15 21:00:00+02:00,2025-09-15,21,0,9,0,42232.175,42232.175,12758.224999999999
2025-09-15 20:00:00+00:00,2.91,51240.95,38101.0,5085.35,0.0,2025-09-15 22:00:00+02:00,2025-09-15,22,0,9,0,43186.35,43186.35,8054.5999999999985
2025-09-15 21:00:00+00:00,0.06,47813.700000000004,39583.1,5108.1,0.0,2025-09-15 23:00:00+02:00,2025-09-15,23,0,9,0,44691.2,44691.2,3122.5000000000073
2025-09-15 22:00:00+00:00,-0.01,45618.55,40691.9,3601.275,0.0,2025-09-16 00:00:00+02:00,2025-09-16,0,1,9,0,44293.175,44293.175,1325.375
2025-09-15 23:00:00+00:00,-0.09,43911.65,40723.275,3704.675,0.0,2025-09-16 01:00:00+02:00,2025-09-16,1,1,9,0,44427.950000000004,44427.950000000004,-516.3000000000029
2025-09-16 00:00:00+00:00,-0.23,42911.625,41063.375,3691.575,0.0,2025-09-16 02:00:00+02:00,2025-09-16,2,1,9,0,44754.95,44754.95,-1843.324999999997
2025-09-16 01:00:00+00:00,-1.05,43016.5,41584.4,3664.3,0.0,2025-09-16 03:00:00+02:00,2025-09-16,3,1,9,0,45248.700000000004,45248.700000000004,-2232.2000000000044
2025-09-16 02:00:00+00:00,-1.33,43971.4,42050.4,3647.2000000000003,0.0,2025-09-16 04:00:00+02:00,2025-09-16,4,1,9,0,45697.6,45697.6,-1726.199999999997
2025-09-16 03:00:00+00:00,-0.01,46837.175,42316.95,3682.75,0.0,2025-09-16 05:00:00+02:00,2025-09-16,5,1,9,0,45999.7,45999.7,837.4750000000058
2025-09-16 04:00:00+00:00,2.32,52557.875,43509.925,5163.725,23.625,2025-09-16 06:00:00+02:00,2025-09-16,6,1,9,0,48673.65,48697.275,3860.5999999999985
2025-09-16 05:00:00+00:00,16.21,57513.65,44027.65,5297.35,1950.6,2025-09-16 07:00:00+02:00,2025-09-16,7,1,9,0,49325.0,51275.6,6238.050000000003
2025-09-16 06:00:00+00:00,3.81,60631.65,43582.05,5417.85,8257.275,2025-09-16 08:00:00+02:00,2025-09-16,8,1,9,0,48999.9,57257.175,3374.4749999999985
2025-09-16 07:00:00+00:00,-1.01,61879.525,43394.6,3807.275,16387.225,2025-09-16 09:00:00+02:00,2025-09-16,9,1,9,0,47201.875,63589.1,-1709.574999999997
2025-09-16 08:00:00+00:00,-5.11,63020.55,43071.1,3764.375,23641.625,2025-09-16 10:00:00+02:00,2025-09-16,10,1,9,0,46835.475,70477.1,-7456.550000000003
2025-09-16 09:00:00+00:00,-10.38,63732.075000000004,41912.075,3710.875,28413.1,2025-09-16 11:00:00+02:00,2025-09-16,11,1,9,0,45622.95,74036.04999999999,-10303.974999999984
2025-09-16 10:00:00+00:00,-20.05,63154.65,40595.975,3642.2,30751.475,2025-09-16 12:00:00+02:00,2025-09-16,12,1,9,0,44238.174999999996,74989.65,-11834.999999999993
2025-09-16 11:00:00+00:00,-18.03,62322.9,40159.45,3700.7,30783.25,2025-09-16 13:00:00+02:00,2025-09-16,13,1,9,0,43860.149999999994,74643.4,-12320.499999999993
2025-09-16 12:00:00+00:00,-11.17,60511.625,40147.175,3795.15,28588.55,2025-09-16 14:00:00+02:00,2025-09-16,14,1,9,0,43942.325000000004,72530.875,-12019.25
2025-09-16 13:00:00+00:00,-9.99,59558.3,39541.0,3950.7,24579.8,2025-09-16 15:00:00+02:00,2025-09-16,15,1,9,0,43491.7,68071.5,-8513.199999999997
2025-09-16 14:00:00+00:00,-3.24,58745.45,38449.45,4053.6000000000004,18835.925,2025-09-16 16:00:00+02:00,2025-09-16,16,1,9,0,42503.049999999996,61338.97499999999,-2593.524999999994
2025-09-16 15:00:00+00:00,0.0,58406.725,36797.875,6006.549999999999,11246.125,2025-09-16 17:00:00+02:00,2025-09-16,17,1,9,0,42804.425,54050.55,4356.174999999996
2025-09-16 16:00:00+00:00,72.64,58302.6,34631.225,6134.85,3852.05,2025-09-16 18:00:00+02:00,2025-09-16,18,1,9,0,40766.075,44618.125,13684.474999999999
2025-09-16 17:00:00+00:00,103.33,58384.15,32216.699999999997,6282.7,293.925,2025-09-16 19:00:00+02:00,2025-09-16,19,1,9,0,38499.399999999994,38793.325,19590.825000000004
2025-09-16 18:00:00+00:00,112.97,57033.075,30437.925,6346.25,0.0,2025-09-16 20:00:00+02:00,2025-09-16,20,1,9,0,36784.175,36784.175,20248.899999999994
2025-09-16 19:00:00+00:00,92.97,53942.5,29821.800000000003,6398.5,0.0,2025-09-16 21:00:00+02:00,2025-09-16,21,1,9,0,36220.3,36220.3,17722.199999999997
2025-09-16 20:00:00+00:00,80.55,50442.525,28952.25,6462.45,0.0,2025-09-16 22:00:00+02:00,2025-09-16,22,1,9,0,35414.7,35414.7,15027.825000000004
2025-09-16 21:00:00+00:00,65.44,47224.675,28634.275,6430.7,0.0,2025-09-16 23:00:00+02:00,2025-09-16,23,1,9,0,35064.975,35064.975,12159.700000000004
2025-09-16 22:00:00+00:00,70.8,44584.875,27096.275,6363.275,0.0,2025-09-17 00:00:00+02:00,2025-09-17,0,2,9,0,33459.55,33459.55,11125.324999999997
2025-09-16 23:00:00+00:00,63.47,43107.675,26775.1,6303.425,0.0,2025-09-17 01:00:00+02:00,2025-09-17,1,2,9,0,33078.525,33078.525,10029.150000000001
2025-09-17 00:00:00+00:00,50.95,42371.575,26188.45,6256.7,0.0,2025-09-17 02:00:00+02:00,2025-09-17,2,2,9,0,32445.15,32445.15,9926.424999999996
2025-09-17 01:00:00+00:00,48.53,42630.05,25461.9,6243.15,0.0,2025-09-17 03:00:00+02:00,2025-09-17,3,2,9,0,31705.050000000003,31705.050000000003,10925.0
2025-09-17 02:00:00+00:00,60.01,43819.2,24699.15,6284.125,0.0,2025-09-17 04:00:00+02:00,2025-09-17,4,2,9,0,30983.275,30983.275,12835.924999999996
2025-09-17 03:00:00+00:00,73.82,46667.275,24013.25,6295.8,0.0,2025-09-17 05:00:00+02:00,2025-09-17,5,2,9,0,30309.05,30309.05,16358.225000000002
2025-09-17 04:00:00+00:00,98.85,52312.524999999994,23678.525,6282.2,18.725,2025-09-17 06:00:00+02:00,2025-09-17,6,2,9,0,29960.725000000002,29979.45,22333.074999999993
2025-09-17 05:00:00+00:00,117.34,56733.425,22807.45,6297.849999999999,1998.375,2025-09-17 07:00:00+02:00,2025-09-17,7,2,9,0,29105.3,31103.675,25629.750000000004
2025-09-17 06:00:00+00:00,112.74,60388.575,21470.25,6289.675,8554.8,2025-09-17 08:00:00+02:00,2025-09-17,8,2,9,0,27759.925,36314.725,24073.85
2025-09-17 07:00:00+00:00,95.14,62047.075,20529.325,6135.375,16282.275,2025-09-17 09:00:00+02:00,2025-09-17,9,2,9,0,26664.7,42946.975,19100.1
2025-09-17 08:00:00+00:00,69.14,63503.25,20917.75,5898.75,21904.75,2025-09-17 10:00:00+02:00,2025-09-17,10,2,9,0,26816.5,48721.25,14782.0
2025-09-17 09:00:00+00:00,41.38,63959.7,22025.375,5508.275,24787.15,2025-09-17 11:00:00+02:00,2025-09-17,11,2,9,0,27533.65,52320.8,11638.899999999994
2025-09-17 10:00:00+00:00,10.5,62929.9,22568.275,5247.75,26299.225000000002,2025-09-17 12:00:00+02:00,2025-09-17,12,2,9,0,27816.025,54115.25,8814.650000000001
2025-09-17 11:00:00+00:00,7.88,61503.625,22610.65,5070.8,26288.45,2025-09-17 13:00:00+02:00,2025-09-17,13,2,9,0,27681.45,53969.9,7533.7249999999985
2025-09-17 12:00:00+00:00,10.59,59728.625,22673.524999999998,4958.3,24762.15,2025-09-17 14:00:00+02:00,2025-09-17,14,2,9,0,27631.824999999997,52393.975,7334.6500000000015
2025-09-17 13:00:00+00:00,43.09,58573.0,22051.55,4919.025,21378.825,2025-09-17 15:00:00+02:00,2025-09-17,15,2,9,0,26970.574999999997,48349.399999999994,10223.600000000006
2025-09-17 14:00:00+00:00,81.17,57670.3,20871.275,5151.05,15834.349999999999,2025-09-17 16:00:00+02:00,2025-09-17,16,2,9,0,26022.325,41856.675,15813.625
2025-09-17 15:00:00+00:00,110.0,57796.975,18921.375,5568.625,9105.4,2025-09-17 17:00:00+02:00,2025-09-17,17,2,9,0,24490.0,33595.4,24201.574999999997
2025-09-17 16:00:00+00:00,123.31,57748.925,16783.5,6123.05,2985.6,2025-09-17 18:00:00+02:00,2025-09-17,18,2,9,0,22906.55,25892.149999999998,31856.775000000005
2025-09-17 17:00:00+00:00,142.58,57725.925,16275.025,6522.725,176.775,2025-09-17 19:00:00+02:00,2025-09-17,19,2,9,0,22797.75,22974.525,34751.4
2025-09-17 18:00:00+00:00,123.52,56430.075,17156.925,6772.85,0.0,2025-09-17 20:00:00+02:00,2025-09-17,20,2,9,0,23929.775,23929.775,32500.299999999996
2025-09-17 19:00:00+00:00,94.2,53410.75,18681.800000000003,6834.5,0.0,2025-09-17 21:00:00+02:00,2025-09-17,21,2,9,0,25516.300000000003,25516.300000000003,27894.449999999997
2025-09-17 20:00:00+00:00,86.1,49674.275,19978.975,6704.35,0.0,2025-09-17 22:00:00+02:00,2025-09-17,22,2,9,0,26683.324999999997,26683.324999999997,22990.950000000004
2025-09-17 21:00:00+00:00,73.07,46510.225,20859.5,6517.6,0.0,2025-09-17 23:00:00+02:00,2025-09-17,23,2,9,0,27377.1,27377.1,19133.125
2025-09-17 22:00:00+00:00,53.12,45472.675,22903.975,6294.525,0.0,2025-09-18 00:00:00+02:00,2025-09-18,0,3,9,0,29198.5,29198.5,16274.175000000003
2025-09-17 23:00:00+00:00,48.29,44057.899999999994,23145.125,6068.75,0.0,2025-09-18 01:00:00+02:00,2025-09-18,1,3,9,0,29213.875,29213.875,14844.024999999994
2025-09-18 00:00:00+00:00,38.47,43690.5,23150.375,5944.450000000001,0.0,2025-09-18 02:00:00+02:00,2025-09-18,2,3,9,0,29094.825,29094.825,14595.675
2025-09-18 01:00:00+00:00,37.96,44020.725,23005.4,5899.6,0.0,2025-09-18 03:00:00+02:00,2025-09-18,3,3,9,0,28905.0,28905.0,15115.724999999999
2025-09-18 02:00:00+00:00,48.12,44616.5,22690.675,5906.3,0.0,2025-09-18 04:00:00+02:00,2025-09-18,4,3,9,0,28596.975,28596.975,16019.525000000001
2025-09-18 03:00:00+00:00,74.15,47068.275,22326.074999999997,5924.375,0.0,2025-09-18 05:00:00+02:00,2025-09-18,5,3,9,0,28250.449999999997,28250.449999999997,18817.825000000004
2025-09-18 04:00:00+00:00,105.81,52533.675,21948.975,5909.275,12.1,2025-09-18 06:00:00+02:00,2025-09-18,6,3,9,0,27858.25,27870.35,24663.325000000004
2025-09-18 05:00:00+00:00,117.21,57216.45,20923.175,5881.475,1712.8999999999999,2025-09-18 07:00:00+02:00,2025-09-18,7,3,9,0,26804.65,28517.550000000003,28698.899999999994
2025-09-18 06:00:00+00:00,111.28,60499.075,19729.025,5874.475,8052.85,2025-09-18 08:00:00+02:00,2025-09-18,8,3,9,0,25603.5,33656.35,26842.725
2025-09-18 07:00:00+00:00,90.8,61729.775,18360.775,5947.625,16522.025,2025-09-18 09:00:00+02:00,2025-09-18,9,3,9,0,24308.4,40830.425,20899.35
2025-09-18 08:00:00+00:00,65.1,62616.225,17393.125,5919.625,24487.725,2025-09-18 10:00:00+02:00,2025-09-18,10,3,9,0,23312.75,47800.475,14815.75
2025-09-18 09:00:00+00:00,5.89,62333.825,17861.4,5924.15,30367.6,2025-09-18 11:00:00+02:00,2025-09-18,11,3,9,0,23785.550000000003,54153.15,8180.674999999996
2025-09-18 10:00:00+00:00,0.2,61258.25,18873.0,5771.95,33538.65,2025-09-18 12:00:00+02:00,2025-09-18,12,3,9,0,24644.95,58183.600000000006,3074.649999999994
2025-09-18 11:00:00+00:00,0.0,60781.55,19636.4,5690.675,34201.975,2025-09-18 13:00:00+02:00,2025-09-18,13,3,9,0,25327.075,59529.05,1252.5
2025-09-18 12:00:00+00:00,0.0,59521.05,20030.975,5710.975,32675.225,2025-09-18 14:00:00+02:00,2025-09-18,14,3,9,0,25741.949999999997,58417.174999999996,1103.8750000000073
2025-09-18 13:00:00+00:00,0.52,58301.375,19645.275,5819.200000000001,28644.575,2025-09-18 15:00:00+02:00,2025-09-18,15,3,9,0,25464.475000000002,54109.05,4192.324999999997
2025-09-18 14:00:00+00:00,15.31,57607.775,18645.75,5969.975,21846.9,2025-09-18 16:00:00+02:00,2025-09-18,16,3,9,0,24615.725,46462.625,11145.150000000001
2025-09-18 15:00:00+00:00,89.79,58345.4,17202.175,6318.05,12671.525,2025-09-18 17:00:00+02:00,2025-09-18,17,3,9,0,23520.225,36191.75,22153.65
2025-09-18 16:00:00+00:00,115.45,58636.225,16081.35,6479.175,3877.575,2025-09-18 18:00:00+02:00,2025-09-18,18,3,9,0,22560.525,26438.100000000002,32198.124999999996
2025-09-18 17:00:00+00:00,134.23,57796.3,16360.9,6559.4,216.85,2025-09-18 19:00:00+02:00,2025-09-18,19,3,9,0,22920.3,23137.149999999998,34659.15000000001
2025-09-18 18:00:00+00:00,128.68,56105.225,16974.35,6586.95,0.0,2025-09-18 20:00:00+02:00,2025-09-18,20,3,9,0,23561.3,23561.3,32543.925
2025-09-18 19:00:00+00:00,110.0,53637.925,17568.8,6479.974999999999,0.0,2025-09-18 21:00:00+02:00,2025-09-18,21,3,9,0,24048.774999999998,24048.774999999998,29589.150000000005
2025-09-18 20:00:00+00:00,98.94,50534.775,17783.45,6416.625,0.0,2025-09-18 22:00:00+02:00,2025-09-18,22,3,9,0,24200.075,24200.075,26334.7
2025-09-18 21:00:00+00:00,88.2,47472.375,17930.025,6371.475,0.0,2025-09-18 23:00:00+02:00,2025-09-18,23,3,9,0,24301.5,24301.5,23170.875
2025-09-18 22:00:00+00:00,74.09,45087.05,19390.475,6406.224999999999,0.0,2025-09-19 00:00:00+02:00,2025-09-19,0,4,9,0,25796.699999999997,25796.699999999997,19290.350000000006
2025-09-18 23:00:00+00:00,72.47,43287.425,18731.675,6389.1,0.0,2025-09-19 01:00:00+02:00,2025-09-19,1,4,9,0,25120.775,25120.775,18166.65
2025-09-19 00:00:00+00:00,73.45,42904.45,17788.475,6326.2,0.0,2025-09-19 02:00:00+02:00,2025-09-19,2,4,9,0,24114.675,24114.675,18789.774999999998
2025-09-19 01:00:00+00:00,73.7,43170.375,16621.725,6320.95,0.0,2025-09-19 03:00:00+02:00,2025-09-19,3,4,9,0,22942.675,22942.675,20227.7
2025-09-19 02:00:00+00:00,74.02,44350.15,15362.175,6034.075,0.0,2025-09-19 04:00:00+02:00,2025-09-19,4,4,9,0,21396.25,21396.25,22953.9
2025-09-19 03:00:00+00:00,89.59,47901.625,14297.3,5853.6,0.0,2025-09-19 05:00:00+02:00,2025-09-19,5,4,9,0,20150.9,20150.9,27750.725
2025-09-19 04:00:00+00:00,118.92,53931.4,13471.6,5733.325,11.4,2025-09-19 06:00:00+02:00,2025-09-19,6,4,9,0,19204.925,19216.325,34715.075
2025-09-19 05:00:00+00:00,143.42,59246.375,12146.075,5477.025,2289.45,2025-09-19 07:00:00+02:00,2025-09-19,7,4,9,0,17623.1,19912.55,39333.825
2025-09-19 06:00:00+00:00,118.29,62363.9,10606.525,5177.025,10713.675,2025-09-19 08:00:00+02:00,2025-09-19,8,4,9,0,15783.55,26497.225,35866.675
2025-09-19 07:00:00+00:00,95.18,63023.55,8549.2,4890.25,21814.75,2025-09-19 09:00:00+02:00,2025-09-19,9,4,9,0,13439.45,35254.2,27769.350000000006
2025-09-19 08:00:00+00:00,53.7,64094.925,7532.125,4829.175,31663.925,2025-09-19 10:00:00+02:00,2025-09-19,10,4,9,0,12361.3,44025.225,20069.700000000004
2025-09-19 09:00:00+00:00,13.03,64545.325,7260.3,4940.4,38480.125,2025-09-19 11:00:00+02:00,2025-09-19,11,4,9,0,12200.7,50680.825,13864.5
2025-09-19 10:00:00+00:00,0.99,64302.8,6963.25,5016.15,42380.35,2025-09-19 12:00:00+02:00,2025-09-19,12,4,9,0,11979.4,54359.75,9943.050000000003
2025-09-19 11:00:00+00:00,0.0,62655.85,6586.85,4955.174999999999,43468.85,2025-09-19 13:00:00+02:00,2025-09-19,13,4,9,0,11542.025,55010.875,7644.9749999999985
2025-09-19 12:00:00+00:00,0.0,60060.975,6186.5,4676.275,41494.525,2025-09-19 14:00:00+02:00,2025-09-19,14,4,9,0,10862.775,52357.3,7703.674999999996
2025-09-19 13:00:00+00:00,11.97,58305.675,5493.475,4176.75,36026.9,2025-09-19 15:00:00+02:00,2025-09-19,15,4,9,0,9670.225,45697.125,12608.550000000003
2025-09-19 14:00:00+00:00,74.46,59062.075,4746.8,3589.575,27145.6,2025-09-19 16:00:00+02:00,2025-09-19,16,4,9,0,8336.375,35481.975,23580.1
2025-09-19 15:00:00+00:00,119.44,58700.35,4154.325,3055.6499999999996,15344.625,2025-09-19 17:00:00+02:00,2025-09-19,17,4,9,0,7209.974999999999,22554.6,36145.75
2025-09-19 16:00:00+00:00,255.21,58182.475,4515.2,2603.95,4417.05,2025-09-19 18:00:00+02:00,2025-09-19,18,4,9,0,7119.15,11536.2,46646.274999999994
2025-09-19 17:00:00+00:00,409.24,58080.725,6462.475,2331.625,219.975,2025-09-19 19:00:00+02:00,2025-09-19,19,4,9,0,8794.1,9014.075,49066.649999999994
2025-09-19 18:00:00+00:00,167.59,56056.95,9161.6,2396.1,0.0,2025-09-19 20:00:00+02:00,2025-09-19,20,4,9,0,11557.7,11557.7,44499.25
2025-09-19 19:00:00+00:00,111.82,52567.125,11790.85,2780.9,0.0,2025-09-19 21:00:00+02:00,2025-09-19,21,4,9,0,14571.75,14571.75,37995.375
2025-09-19 20:00:00+00:00,86.04,48684.575,14056.775,3238.675,0.0,2025-09-19 22:00:00+02:00,2025-09-19,22,4,9,0,17295.45,17295.45,31389.124999999996
2025-09-19 21:00:00+00:00,78.93,45444.35,15787.95,3435.8,0.0,2025-09-19 23:00:00+02:00,2025-09-19,23,4,9,0,19223.75,19223.75,26220.6
2025-09-19 22:00:00+00:00,87.24,42357.025,18508.325,4011.775,0.0,2025-09-20 00:00:00+02:00,2025-09-20,0,5,9,1,22520.100000000002,22520.100000000002,19836.925
2025-09-19 23:00:00+00:00,77.91,40655.325,18998.2,4012.575,0.0,2025-09-20 01:00:00+02:00,2025-09-20,1,5,9,1,23010.775,23010.775,17644.549999999996
2025-09-20 00:00:00+00:00,74.99,39687.475,18786.15,3953.025,0.0,2025-09-20 02:00:00+02:00,2025-09-20,2,5,9,1,22739.175000000003,22739.175000000003,16948.299999999996
2025-09-20 01:00:00+00:00,74.8,39296.85,18342.025,3926.025,0.0,2025-09-20 03:00:00+02:00,2025-09-20,3,5,9,1,22268.050000000003,22268.050000000003,17028.799999999996
2025-09-20 02:00:00+00:00,74.79,39261.8,17748.175000000003,4008.125,0.0,2025-09-20 04:00:00+02:00,2025-09-20,4,5,9,1,21756.300000000003,21756.300000000003,17505.5
2025-09-20 03:00:00+00:00,80.21,39914.65,17225.025,4106.675,0.0,2025-09-20 05:00:00+02:00,2025-09-20,5,5,9,1,21331.7,21331.7,18582.95
2025-09-20 04:00:00+00:00,88.51,41696.5,17096.675,4203.5,12.775,2025-09-20 06:00:00+02:00,2025-09-20,6,5,9,1,21300.175,21312.95,20383.55
2025-09-20 05:00:00+00:00,86.97,44308.525,16563.6,4201.25,2297.975,2025-09-20 07:00:00+02:00,2025-09-20,7,5,9,1,20764.85,23062.824999999997,21245.700000000004
2025-09-20 06:00:00+00:00,75.29,47730.225000000006,15185.95,4209.05,10876.175,2025-09-20 08:00:00+02:00,2025-09-20,8,5,9,1,19395.0,30271.175,17459.050000000007
2025-09-20 07:00:00+00:00,24.9,50770.525,11910.875,4166.9,22327.15,2025-09-20 09:00:00+02:00,2025-09-20,9,5,9,1,16077.775,38404.925,12365.599999999999
2025-09-20 08:00:00+00:00,3.02,52606.325,8560.525,4084.125,32404.625,2025-09-20 10:00:00+02:00,2025-09-20,10,5,9,1,12644.65,45049.275,7557.049999999996
2025-09-20 09:00:00+00:00,-0.28,53177.0,6861.5,3917.525,39374.8,2025-09-20 11:00:00+02:00,2025-09-20,11,5,9,1,10779.025,50153.825000000004,3023.1749999999956
2025-09-20 10:00:00+00:00,-6.1,52600.7,6358.025,3704.25,43140.6,2025-09-20 12:00:00+02:00,2025-09-20,12,5,9,1,10062.275,53202.875,-602.1750000000029
2025-09-20 11:00:00+00:00,-10.86,51077.525,6825.4,3496.95,43434.775,2025-09-20 13:00:00+02:00,2025-09-20,13,5,9,1,10322.349999999999,53757.125,-2679.5999999999985
2025-09-20 12:00:00+00:00,-5.1,49378.775,8120.05,3501.075,40310.525,2025-09-20 14:00:00+02:00,2025-09-20,14,5,9,1,11621.125,51931.65,-2552.875
2025-09-20 13:00:00+00:00,-0.04,48675.475,9213.45,3600.65,33852.75,2025-09-20 15:00:00+02:00,2025-09-20,15,5,9,1,12814.1,46666.85,2008.625
2025-09-20 14:00:00+00:00,26.36,48254.1,9908.75,3542.175,24530.175,2025-09-20 16:00:00+02:00,2025-09-20,16,5,9,1,13450.925,37981.1,10273.0
2025-09-20 15:00:00+00:00,93.84,48772.15,10249.225,3584.05,13160.6,2025-09-20 17:00:00+02:00,2025-09-20,17,5,9,1,13833.275000000001,26993.875,21778.275
2025-09-20 16:00:00+00:00,124.58,49571.175,11326.125,3823.925,3554.9,2025-09-20 18:00:00+02:00,2025-09-20,18,5,9,1,15150.05,18704.95,30866.225000000002
2025-09-20 17:00:00+00:00,134.1,49557.2,13282.1,4219.9,140.625,2025-09-20 19:00:00+02:00,2025-09-20,19,5,9,1,17502.0,17642.625,31914.574999999997
2025-09-20 18:00:00+00:00,99.08,48391.225,15091.95,4751.4,0.0,2025-09-20 20:00:00+02:00,2025-09-20,20,5,9,1,19843.35,19843.35,28547.875
2025-09-20 19:00:00+00:00,81.95,46439.925,16362.125,5241.7,0.0,2025-09-20 21:00:00+02:00,2025-09-20,21,5,9,1,21603.825,21603.825,24836.100000000002
2025-09-20 20:00:00+00:00,74.5,44207.55,17006.375,5534.175,0.0,2025-09-20 22:00:00+02:00,2025-09-20,22,5,9,1,22540.55,22540.55,21667.000000000004
2025-09-20 21:00:00+00:00,48.3,41751.05,17677.85,5578.75,0.0,2025-09-20 23:00:00+02:00,2025-09-20,23,5,9,1,23256.6,23256.6,18494.450000000004
2025-09-20 22:00:00+00:00,8.07,40094.075,18369.675,5507.8,0.0,2025-09-21 00:00:00+02:00,2025-09-21,0,6,9,1,23877.475,23877.475,16216.599999999999
2025-09-20 23:00:00+00:00,3.7,38468.525,19054.45,5665.65,0.0,2025-09-21 01:00:00+02:00,2025-09-21,1,6,9,1,24720.1,24720.1,13748.425000000003
2025-09-21 00:00:00+00:00,3.46,37714.875,19464.775,5753.975,0.0,2025-09-21 02:00:00+02:00,2025-09-21,2,6,9,1,25218.75,25218.75,12496.125
2025-09-21 01:00:00+00:00,1.65,37312.25,19893.875,5691.475,0.0,2025-09-21 03:00:00+02:00,2025-09-21,3,6,9,1,25585.35,25585.35,11726.900000000001
2025-09-21 02:00:00+00:00,2.08,37403.65,20505.5,5568.375,0.0,2025-09-21 04:00:00+02:00,2025-09-21,4,6,9,1,26073.875,26073.875,11329.775000000001
2025-09-21 03:00:00+00:00,3.23,38134.7,21200.25,5459.9,0.0,2025-09-21 05:00:00+02:00,2025-09-21,5,6,9,1,26660.15,26660.15,11474.549999999996
2025-09-21 04:00:00+00:00,4.41,40044.225,21954.375,5321.375,6.675,2025-09-21 06:00:00+02:00,2025-09-21,6,6,9,1,27275.75,27282.425,12761.8
2025-09-21 05:00:00+00:00,5.23,42601.35,22020.4,5476.0,1541.15,2025-09-21 07:00:00+02:00,2025-09-21,7,6,9,1,27496.4,29037.550000000003,13563.799999999996
2025-09-21 06:00:00+00:00,3.01,45579.675,21401.125,5516.7,7370.975,2025-09-21 08:00:00+02:00,2025-09-21,8,6,9,1,26917.825,34288.8,11290.875
2025-09-21 07:00:00+00:00,1.31,48401.225,20446.25,5386.225,14980.025,2025-09-21 09:00:00+02:00,2025-09-21,9,6,9,1,25832.475,40812.5,7588.7249999999985
2025-09-21 08:00:00+00:00,0.0,50450.45,19728.0,5243.975,21320.525,2025-09-21 10:00:00+02:00,2025-09-21,10,6,9,1,24971.975,46292.5,4157.949999999997
2025-09-21 09:00:00+00:00,-0.09,51395.1,19528.825,5106.8,25272.325,2025-09-21 11:00:00+02:00,2025-09-21,11,6,9,1,24635.625,49907.95,1487.1500000000015
2025-09-21 10:00:00+00:00,-1.2,50880.9,19254.1,5212.875,26883.925,2025-09-21 12:00:00+02:00,2025-09-21,12,6,9,1,24466.975,51350.899999999994,-469.9999999999927
2025-09-21 11:00:00+00:00,-2.02,49450.475,18938.475,5294.4,26255.25,2025-09-21 13:00:00+02:00,2025-09-21,13,6,9,1,24232.875,50488.125,-1037.6500000000015
2025-09-21 12:00:00+00:00,-1.31,47961.375,18721.075,5328.075,23647.75,2025-09-21 14:00:00+02:00,2025-09-21,14,6,9,1,24049.15,47696.9,264.47499999999854
2025-09-21 13:00:00+00:00,-0.01,47060.5,18161.6,5384.45,19167.675,2025-09-21 15:00:00+02:00,2025-09-21,15,6,9,1,23546.05,42713.725,4346.7750000000015
2025-09-21 14:00:00+00:00,9.47,47122.3,17354.425,5438.475,13248.2,2025-09-21 16:00:00+02:00,2025-09-21,16,6,9,1,22792.9,36041.100000000006,11081.199999999997
2025-09-21 15:00:00+00:00,85.18,47974.8,15917.025,5581.275,6834.025,2025-09-21 17:00:00+02:00,2025-09-21,17,6,9,1,21498.3,28332.324999999997,19642.475000000006
2025-09-21 16:00:00+00:00,113.96,49367.125,14317.0,5707.925,1868.2,2025-09-21 18:00:00+02:00,2025-09-21,18,6,9,1,20024.925,21893.125,27474.0
2025-09-21 17:00:00+00:00,120.57,50005.225000000006,13138.925,5576.5,83.1,2025-09-21 19:00:00+02:00,2025-09-21,19,6,9,1,18715.425,18798.524999999998,31206.700000000008
2025-09-21 18:00:00+00:00,118.84,49325.075,12344.675000000001,5518.549999999999,0.0,2025-09-21 20:00:00+02:00,2025-09-21,20,6,9,1,17863.225,17863.225,31461.85
2025-09-21 19:00:00+00:00,104.68,47444.3,11635.425,5530.775,0.0,2025-09-21 21:00:00+02:00,2025-09-21,21,6,9,1,17166.199999999997,17166.199999999997,30278.100000000006
2025-09-21 20:00:00+00:00,96.35,45400.225,11165.1,5546.1,0.0,2025-09-21 22:00:00+02:00,2025-09-21,22,6,9,1,16711.2,16711.2,28689.024999999998
2025-09-21 21:00:00+00:00,91.68,42981.299999999996,11088.325,5597.85,0.0,2025-09-21 23:00:00+02:00,2025-09-21,23,6,9,1,16686.175000000003,16686.175000000003,26295.124999999993
2025-09-21 22:00:00+00:00,87.33,39427.575,11291.55,6009.35,0.0,2025-09-22 00:00:00+02:00,2025-09-22,0,0,9,0,17300.9,17300.9,22126.674999999996
2025-09-21 23:00:00+00:00,83.57,38316.125,11032.7,6086.325,0.0,2025-09-22 01:00:00+02:00,2025-09-22,1,0,9,0,17119.025,17119.025,21197.1
2025-09-22 00:00:00+00:00,79.21,37765.15,10878.75,6170.85,0.0,2025-09-22 02:00:00+02:00,2025-09-22,2,0,9,0,17049.6,17049.6,20715.550000000003
2025-09-22 01:00:00+00:00,79.21,37863.35,10926.45,6142.425,0.0,2025-09-22 03:00:00+02:00,2025-09-22,3,0,9,0,17068.875,17068.875,20794.475
2025-09-22 02:00:00+00:00,80.35,39048.275,10996.75,5960.4,0.0,2025-09-22 04:00:00+02:00,2025-09-22,4,0,9,0,16957.15,16957.15,22091.125
2025-09-22 03:00:00+00:00,93.59,43266.75,10894.65,5750.175,0.0,2025-09-22 05:00:00+02:00,2025-09-22,5,0,9,0,16644.825,16644.825,26621.925
2025-09-22 04:00:00+00:00,118.69,51202.275,10891.45,5557.55,0.75,2025-09-22 06:00:00+02:00,2025-09-22,6,0,9,0,16449.0,16449.75,34752.525
2025-09-22 05:00:00+00:00,130.0,56876.450000000004,10835.3,5048.5,646.425,2025-09-22 07:00:00+02:00,2025-09-22,7,0,9,0,15883.8,16530.225,40346.225000000006
2025-09-22 06:00:00+00:00,130.0,60421.125,10543.75,4850.05,3450.125,2025-09-22 08:00:00+02:00,2025-09-22,8,0,9,0,15393.8,18843.925,41577.2
2025-09-22 07:00:00+00:00,108.57,61609.3,9901.075,4518.425,7692.700000000001,2025-09-22 09:00:00+02:00,2025-09-22,9,0,9,0,14419.5,22112.2,39497.100000000006
2025-09-22 08:00:00+00:00,91.82,62262.425,10189.125,4137.5,12244.775,2025-09-22 10:00:00+02:00,2025-09-22,10,0,9,0,14326.625,26571.4,35691.025
2025-09-22 09:00:00+00:00,77.86,62231.175,11727.675,3860.075,15887.625,2025-09-22 11:00:00+02:00,2025-09-22,11,0,9,0,15587.75,31475.375,30755.800000000003
2025-09-22 10:00:00+00:00,74.04,61541.125,12971.875,3693.925,17685.35,2025-09-22 12:00:00+02:00,2025-09-22,12,0,9,0,16665.8,34351.149999999994,27189.975000000006
2025-09-22 11:00:00+00:00,71.17,60587.25,13671.275,3601.9,17349.85,2025-09-22 13:00:00+02:00,2025-09-22,13,0,9,0,17273.175,34623.024999999994,25964.225000000006
2025-09-22 12:00:00+00:00,70.23,59268.5,14248.175,3563.175,15921.7,2025-09-22 14:00:00+02:00,2025-09-22,14,0,9,0,17811.35,33733.05,25535.449999999997
2025-09-22 13:00:00+00:00,78.39,58162.0,14413.625,3619.025,13338.525,2025-09-22 15:00:00+02:00,2025-09-22,15,0,9,0,18032.65,31371.175000000003,26790.824999999997
2025-09-22 14:00:00+00:00,84.79,57596.325,14248.0,3697.95,9543.225,2025-09-22 16:00:00+02:00,2025-09-22,16,0,9,0,17945.95,27489.175000000003,30107.149999999994
2025-09-22 15:00:00+00:00,100.13,57934.3,13482.575,3807.0,5339.5,2025-09-22 17:00:00+02:00,2025-09-22,17,0,9,0,17289.575,22629.075,35305.225000000006
2025-09-22 16:00:00+00:00,128.08,58472.425,12575.0,3828.3,1647.725,2025-09-22 18:00:00+02:00,2025-09-22,18,0,9,0,16403.3,18051.024999999998,40421.40000000001
2025-09-22 17:00:00+00:00,140.92,58798.85,12316.9,3786.35,89.27499999999999,2025-09-22 19:00:00+02:00,2025-09-22,19,0,9,0,16103.25,16192.525,42606.325
2025-09-22 18:00:00+00:00,130.0,57045.475,12177.6,3684.975,0.0,2025-09-22 20:00:00+02:00,2025-09-22,20,0,9,0,15862.575,15862.575,41182.899999999994
2025-09-22 19:00:00+00:00,114.24,53904.075,11706.8,3552.1000000000004,0.0,2025-09-22 21:00:00+02:00,2025-09-22,21,0,9,0,15258.9,15258.9,38645.174999999996
2025-09-22 20:00:00+00:00,97.72,50276.675,11370.650000000001,3501.65,0.0,2025-09-22 22:00:00+02:00,2025-09-22,22,0,9,0,14872.300000000001,14872.300000000001,35404.375
2025-09-22 21:00:00+00:00,89.99,46791.600000000006,10972.1,3470.075,0.0,2025-09-22 23:00:00+02:00,2025-09-22,23,0,9,0,14442.175,14442.175,32349.425000000007
2025-09-22 22:00:00+00:00,88.6,44772.675,9337.25,3513.975,0.0,2025-09-23 00:00:00+02:00,2025-09-23,0,1,9,0,12851.225,12851.225,31921.450000000004
2025-09-22 23:00:00+00:00,90.0,43206.025,8959.4,3442.275,0.0,2025-09-23 01:00:00+02:00,2025-09-23,1,1,9,0,12401.675,12401.675,30804.350000000002
2025-09-23 00:00:00+00:00,89.73,42268.375,8667.775,3288.125,0.0,2025-09-23 02:00:00+02:00,2025-09-23,2,1,9,0,11955.9,11955.9,30312.475
2025-09-23 01:00:00+00:00,89.93,42205.65,8406.849999999999,3072.175,0.0,2025-09-23 03:00:00+02:00,2025-09-23,3,1,9,0,11479.024999999998,11479.024999999998,30726.625000000004
2025-09-23 02:00:00+00:00,91.34,43296.325,8209.05,2863.45,0.0,2025-09-23 04:00:00+02:00,2025-09-23,4,1,9,0,11072.5,11072.5,32223.824999999997
2025-09-23 03:00:00+00:00,98.11,46655.525,8003.7,2645.1,0.0,2025-09-23 05:00:00+02:00,2025-09-23,5,1,9,0,10648.8,10648.8,36006.725000000006
2025-09-23 04:00:00+00:00,122.01,52844.2,7684.85,2372.15,0.8,2025-09-23 06:00:00+02:00,2025-09-23,6,1,9,0,10057.0,10057.8,42786.399999999994
2025-09-23 05:00:00+00:00,172.36,57697.35,7176.125,2121.85,1272.725,2025-09-23 07:00:00+02:00,2025-09-23,7,1,9,0,9297.975,10570.7,47126.649999999994
2025-09-23 06:00:00+00:00,162.8,60691.1,6444.025,1881.425,6768.075000000001,2025-09-23 08:00:00+02:00,2025-09-23,8,1,9,0,8325.449999999999,15093.525,45597.575
2025-09-23 07:00:00+00:00,125.76,61661.125,5429.625,1621.525,14611.599999999999,2025-09-23 09:00:00+02:00,2025-09-23,9,1,9,0,7051.15,21662.75,39998.375
2025-09-23 08:00:00+00:00,93.92,62151.325,5017.425,1377.375,21654.95,2025-09-23 10:00:00+02:00,2025-09-23,10,1,9,0,6394.8,28049.75,34101.575
2025-09-23 09:00:00+00:00,85.51,62142.45,5438.95,1209.0,26349.5,2025-09-23 11:00:00+02:00,2025-09-23,11,1,9,0,6647.95,32997.45,29145.0
2025-09-23 10:00:00+00:00,77.54,61391.175,6216.475,1107.325,28399.1,2025-09-23 12:00:00+02:00,2025-09-23,12,1,9,0,7323.8,35722.9,25668.275
2025-09-23 11:00:00+00:00,74.24,60104.925,7199.625,1066.5,28116.875,2025-09-23 13:00:00+02:00,2025-09-23,13,1,9,0,8266.125,36383.0,23721.925000000003
2025-09-23 12:00:00+00:00,74.25,58768.475,8466.975,1079.225,26039.6,2025-09-23 14:00:00+02:00,2025-09-23,14,1,9,0,9546.2,35585.8,23182.674999999996
2025-09-23 13:00:00+00:00,84.11,58133.7,9948.325,1121.3,21868.075,2025-09-23 15:00:00+02:00,2025-09-23,15,1,9,0,11069.625,32937.7,25196.0
2025-09-23 14:00:00+00:00,85.76,57747.275,11426.125,1173.875,15607.225,2025-09-23 16:00:00+02:00,2025-09-23,16,1,9,0,12600.0,28207.225,29540.050000000003
2025-09-23 15:00:00+00:00,102.9,58188.675,12593.625,1232.45,8262.625,2025-09-23 17:00:00+02:00,2025-09-23,17,1,9,0,13826.075,22088.7,36099.975000000006
2025-09-23 16:00:00+00:00,136.83,58767.675,13701.7,1303.15,2159.05,2025-09-23 18:00:00+02:00,2025-09-23,18,1,9,0,15004.85,17163.9,41603.775
2025-09-23 17:00:00+00:00,149.58,58951.325,15404.025000000001,1384.6,73.275,2025-09-23 19:00:00+02:00,2025-09-23,19,1,9,0,16788.625,16861.9,42089.424999999996
2025-09-23 18:00:00+00:00,115.81,57192.925,16964.075,1521.925,0.0,2025-09-23 20:00:00+02:00,2025-09-23,20,1,9,0,18486.0,18486.0,38706.925
2025-09-23 19:00:00+00:00,94.0,54103.825,17849.65,1658.675,0.0,2025-09-23 21:00:00+02:00,2025-09-23,21,1,9,0,19508.325,19508.325,34595.5
2025-09-23 20:00:00+00:00,84.91,50667.025,18100.225,1743.325,0.0,2025-09-23 22:00:00+02:00,2025-09-23,22,1,9,0,19843.55,19843.55,30823.475000000002
2025-09-23 21:00:00+00:00,84.1,47416.75,18064.4,1680.35,0.0,2025-09-23 23:00:00+02:00,2025-09-23,23,1,9,0,19744.75,19744.75,27672.0
2025-09-23 22:00:00+00:00,82.67,44571.125,18289.875,1322.9,0.0,2025-09-24 00:00:00+02:00,2025-09-24,0,2,9,0,19612.775,19612.775,24958.35
2025-09-23 23:00:00+00:00,82.32,43247.35,17826.975,1214.35,0.0,2025-09-24 01:00:00+02:00,2025-09-24,1,2,9,0,19041.324999999997,19041.324999999997,24206.025
2025-09-24 00:00:00+00:00,81.61,42546.8,17326.475,1132.5,0.0,2025-09-24 02:00:00+02:00,2025-09-24,2,2,9,0,18458.975,18458.975,24087.825000000004
2025-09-24 01:00:00+00:00,77.95,42717.4,17218.7,1099.35,0.0,2025-09-24 03:00:00+02:00,2025-09-24,3,2,9,0,18318.05,18318.05,24399.350000000002
2025-09-24 02:00:00+00:00,78.59,44029.25,17477.2,1082.925,0.0,2025-09-24 04:00:00+02:00,2025-09-24,4,2,9,0,18560.125,18560.125,25469.125
2025-09-24 03:00:00+00:00,82.67,47233.7,18001.575,1117.3,0.0,2025-09-24 05:00:00+02:00,2025-09-24,5,2,9,0,19118.875,19118.875,28114.824999999997
2025-09-24 04:00:00+00:00,109.76,53654.75,18915.575,1181.575,0.375,2025-09-24 06:00:00+02:00,2025-09-24,6,2,9,0,20097.15,20097.525,33557.225
2025-09-24 05:00:00+00:00,118.01,59340.825,19341.575,1228.2,1237.65,2025-09-24 07:00:00+02:00,2025-09-24,7,2,9,0,20569.775,21807.425000000003,37533.399999999994
2025-09-24 06:00:00+00:00,120.45,62200.725,18690.600000000002,1217.075,6675.599999999999,2025-09-24 08:00:00+02:00,2025-09-24,8,2,9,0,19907.675000000003,26583.275,35617.45
2025-09-24 07:00:00+00:00,107.0,62680.125,16915.95,1178.6,13714.925,2025-09-24 09:00:00+02:00,2025-09-24,9,2,9,0,18094.55,31809.475,30870.65
2025-09-24 08:00:00+00:00,85.54,62860.675,16354.475,1134.7,19811.225,2025-09-24 10:00:00+02:00,2025-09-24,10,2,9,0,17489.175,37300.399999999994,25560.27500000001
2025-09-24 09:00:00+00:00,70.09,62884.85,18356.350000000002,1108.775,23627.925,2025-09-24 11:00:00+02:00,2025-09-24,11,2,9,0,19465.125000000004,43093.05,19791.799999999996
2025-09-24 10:00:00+00:00,27.1,61938.025,20823.6,1128.85,25146.925,2025-09-24 12:00:00+02:00,2025-09-24,12,2,9,0,21952.449999999997,47099.375,14838.650000000001
2025-09-24 11:00:00+00:00,10.66,60871.3,22612.4,1219.6,24797.075,2025-09-24 13:00:00+02:00,2025-09-24,13,2,9,0,23832.0,48629.075,12242.225000000006
2025-09-24 12:00:00+00:00,9.9,59311.7,24368.95,1419.525,22823.65,2025-09-24 14:00:00+02:00,2025-09-24,14,2,9,0,25788.475000000002,48612.125,10699.574999999997
2025-09-24 13:00:00+00:00,15.0,58044.525,25813.025,1775.1,19101.65,2025-09-24 15:00:00+02:00,2025-09-24,15,2,9,0,27588.125,46689.775,11354.75
2025-09-24 14:00:00+00:00,66.1,57433.8,26720.9,2280.575,13504.875,2025-09-24 16:00:00+02:00,2025-09-24,16,2,9,0,29001.475000000002,42506.350000000006,14927.449999999997
2025-09-24 15:00:00+00:00,85.69,57630.05,26700.025,2939.2,6748.675,2025-09-24 17:00:00+02:00,2025-09-24,17,2,9,0,29639.225000000002,36387.9,21242.15
2025-09-24 16:00:00+00:00,113.08,58309.375,26435.4,3567.4,1661.85,2025-09-24 18:00:00+02:00,2025-09-24,18,2,9,0,30002.800000000003,31664.65,26644.725
2025-09-24 17:00:00+00:00,115.93,58571.875,27138.1,4111.2,53.875,2025-09-24 19:00:00+02:00,2025-09-24,19,2,9,0,31249.3,31303.175,27268.7
2025-09-24 18:00:00+00:00,113.95,56650.0,27992.075,4516.55,0.0,2025-09-24 20:00:00+02:00,2025-09-24,20,2,9,0,32508.625,32508.625,24141.375
2025-09-24 19:00:00+00:00,91.29,53924.525,28764.75,4756.2,0.0,2025-09-24 21:00:00+02:00,2025-09-24,21,2,9,0,33520.95,33520.95,20403.575000000004
2025-09-24 20:00:00+00:00,85.5,50089.075,28205.0,4815.475,0.0,2025-09-24 22:00:00+02:00,2025-09-24,22,2,9,0,33020.475,33020.475,17068.6
2025-09-24 21:00:00+00:00,69.68,46650.3,27712.225,4748.4,0.0,2025-09-24 23:00:00+02:00,2025-09-24,23,2,9,0,32460.625,32460.625,14189.675000000003
2025-09-24 22:00:00+00:00,73.3,44756.975,28289.65,4719.7,0.0,2025-09-25 00:00:00+02:00,2025-09-25,0,3,9,0,33009.35,33009.35,11747.625
2025-09-24 23:00:00+00:00,69.69,43194.0,27668.075,4587.125,0.0,2025-09-25 01:00:00+02:00,2025-09-25,1,3,9,0,32255.2,32255.2,10938.8
2025-09-25 00:00:00+00:00,67.81,42617.075,26872.25,4423.475,0.0,2025-09-25 02:00:00+02:00,2025-09-25,2,3,9,0,31295.725,31295.725,11321.349999999999
2025-09-25 01:00:00+00:00,68.09,42717.025,26263.7,4290.8,0.0,2025-09-25 03:00:00+02:00,2025-09-25,3,3,9,0,30554.5,30554.5,12162.525000000001
2025-09-25 02:00:00+00:00,71.69,43470.525,25891.7,4255.375,0.0,2025-09-25 04:00:00+02:00,2025-09-25,4,3,9,0,30147.075,30147.075,13323.45
2025-09-25 03:00:00+00:00,77.33,46447.025,25686.175,4337.375,0.0,2025-09-25 05:00:00+02:00,2025-09-25,5,3,9,0,30023.55,30023.55,16423.475000000002
2025-09-25 04:00:00+00:00,108.55,52428.425,26009.325,4512.25,0.2,2025-09-25 06:00:00+02:00,2025-09-25,6,3,9,0,30521.575,30521.775,21906.65
2025-09-25 05:00:00+00:00,124.26,57844.95,25761.7,4684.175,802.975,2025-09-25 07:00:00+02:00,2025-09-25,7,3,9,0,30445.875,31248.85,26596.1
2025-09-25 06:00:00+00:00,124.99,61313.225,24627.3,4738.6,4339.6,2025-09-25 08:00:00+02:00,2025-09-25,8,3,9,0,29365.9,33705.5,27607.725
2025-09-25 07:00:00+00:00,104.88,62609.625,23268.875,4716.775,9240.575,2025-09-25 09:00:00+02:00,2025-09-25,9,3,9,0,27985.65,37226.225000000006,25383.399999999994
2025-09-25 08:00:00+00:00,77.95,63124.575,23263.075,4463.55,13995.2,2025-09-25 10:00:00+02:00,2025-09-25,10,3,9,0,27726.625,41721.825,21402.75
2025-09-25 09:00:00+00:00,69.24,63384.225,24717.7,4221.05,17511.825,2025-09-25 11:00:00+02:00,2025-09-25,11,3,9,0,28938.75,46450.575,16933.65
2025-09-25 10:00:00+00:00,38.18,62815.925,25863.6,4066.85,19518.325,2025-09-25 12:00:00+02:00,2025-09-25,12,3,9,0,29930.449999999997,49448.774999999994,13367.150000000009
2025-09-25 11:00:00+00:00,16.03,62004.3,26454.325,4071.3,19871.625,2025-09-25 13:00:00+02:00,2025-09-25,13,3,9,0,30525.625,50397.25,11607.050000000003
2025-09-25 12:00:00+00:00,20.1,60510.8,26822.15,4198.625,18557.025,2025-09-25 14:00:00+02:00,2025-09-25,14,3,9,0,31020.775,49577.8,10933.0
2025-09-25 13:00:00+00:00,43.66,59176.775,26626.8,4366.3,15552.75,2025-09-25 15:00:00+02:00,2025-09-25,15,3,9,0,30993.1,46545.85,12630.925000000003
2025-09-25 14:00:00+00:00,75.0,58548.05,25929.6,4610.825,10950.75,2025-09-25 16:00:00+02:00,2025-09-25,16,3,9,0,30540.425,41491.175,17056.875
2025-09-25 15:00:00+00:00,88.79,59180.65,24781.6,4999.725,5732.25,2025-09-25 17:00:00+02:00,2025-09-25,17,3,9,0,29781.324999999997,35513.575,23667.075000000004
2025-09-25 16:00:00+00:00,117.04,59966.925,23763.949999999997,5382.3,1506.875,2025-09-25 18:00:00+02:00,2025-09-25,18,3,9,0,29146.249999999996,30653.124999999996,29313.800000000007
2025-09-25 17:00:00+00:00,121.47,59698.55,23418.075,5731.425,45.8,2025-09-25 19:00:00+02:00,2025-09-25,19,3,9,0,29149.5,29195.3,30503.250000000004
2025-09-25 18:00:00+00:00,123.75,57454.95,23077.275,5834.075,0.0,2025-09-25 20:00:00+02:00,2025-09-25,20,3,9,0,28911.350000000002,28911.350000000002,28543.599999999995
2025-09-25 19:00:00+00:00,105.83,54266.75,22632.975,5892.725,0.0,2025-09-25 21:00:00+02:00,2025-09-25,21,3,9,0,28525.699999999997,28525.699999999997,25741.050000000003
2025-09-25 20:00:00+00:00,94.77,50816.375,21481.25,5971.45,0.0,2025-09-25 22:00:00+02:00,2025-09-25,22,3,9,0,27452.7,27452.7,23363.675
2025-09-25 21:00:00+00:00,81.09,47352.175,20531.475,6053.475,0.0,2025-09-25 23:00:00+02:00,2025-09-25,23,3,9,0,26584.949999999997,26584.949999999997,20767.225000000006
2025-09-25 22:00:00+00:00,78.48,45053.25,19366.8,5880.425,0.0,2025-09-26 00:00:00+02:00,2025-09-26,0,4,9,0,25247.225,25247.225,19806.025
2025-09-25 23:00:00+00:00,75.0,43427.725,18135.675,5690.65,0.0,2025-09-26 01:00:00+02:00,2025-09-26,1,4,9,0,23826.324999999997,23826.324999999997,19601.4
2025-09-26 00:00:00+00:00,73.17,42713.1,17133.600000000002,5516.925,0.0,2025-09-26 02:00:00+02:00,2025-09-26,2,4,9,0,22650.525,22650.525,20062.574999999997
2025-09-26 01:00:00+00:00,73.18,42910.3,16596.775,5382.375,0.0,2025-09-26 03:00:00+02:00,2025-09-26,3,4,9,0,21979.15,21979.15,20931.15
2025-09-26 02:00:00+00:00,74.93,43986.6,16334.525,5315.9,0.0,2025-09-26 04:00:00+02:00,2025-09-26,4,4,9,0,21650.425,21650.425,22336.175
2025-09-26 03:00:00+00:00,82.0,46986.45,16185.825,5349.924999999999,0.0,2025-09-26 05:00:00+02:00,2025-09-26,5,4,9,0,21535.75,21535.75,25450.699999999997
2025-09-26 04:00:00+00:00,107.74,53177.775,16404.725,5429.275,0.0,2025-09-26 06:00:00+02:00,2025-09-26,6,4,9,0,21834.0,21834.0,31343.775
2025-09-26 05:00:00+00:00,120.33,58467.6,16199.375,5499.775,656.75,2025-09-26 07:00:00+02:00,2025-09-26,7,4,9,0,21699.15,22355.9,36111.7
2025-09-26 06:00:00+00:00,123.56,61960.65,15286.525,5483.675,4135.075,2025-09-26 08:00:00+02:00,2025-09-26,8,4,9,0,20770.2,24905.275,37055.375
2025-09-26 07:00:00+00:00,110.41,62951.425,14349.625,5386.275,9434.425,2025-09-26 09:00:00+02:00,2025-09-26,9,4,9,0,19735.9,29170.325,33781.100000000006
2025-09-26 08:00:00+00:00,89.84,63456.15,13985.625,5145.95,14762.8,2025-09-26 10:00:00+02:00,2025-09-26,10,4,9,0,19131.575,33894.375,29561.775
2025-09-26 09:00:00+00:00,85.36,63411.525,13923.974999999999,4905.925,18828.975,2025-09-26 11:00:00+02:00,2025-09-26,11,4,9,0,18829.899999999998,37658.875,25752.65
2025-09-26 10:00:00+00:00,78.96,62674.825,13903.025,4717.55,21184.775,2025-09-26 12:00:00+02:00,2025-09-26,12,4,9,0,18620.575,39805.350000000006,22869.47499999999
2025-09-26 11:00:00+00:00,73.16,61259.875,14006.15,4578.2,21470.825,2025-09-26 13:00:00+02:00,2025-09-26,13,4,9,0,18584.35,40055.175,21204.699999999997
2025-09-26 12:00:00+00:00,75.05,59090.15,14471.45,4529.075,19852.45,2025-09-26 14:00:00+02:00,2025-09-26,14,4,9,0,19000.525,38852.975000000006,20237.174999999996
2025-09-26 13:00:00+00:00,79.99,57678.85,14918.375,4530.125,16630.275,2025-09-26 15:00:00+02:00,2025-09-26,15,4,9,0,19448.5,36078.775,21600.074999999997
2025-09-26 14:00:00+00:00,98.81,57395.45,15181.349999999999,4548.875,11679.925,2025-09-26 16:00:00+02:00,2025-09-26,16,4,9,0,19730.225,31410.149999999998,25985.3
2025-09-26 15:00:00+00:00,109.8,57813.3,15096.9,4765.225,5982.6,2025-09-26 17:00:00+02:00,2025-09-26,17,4,9,0,19862.125,25844.725,31968.575000000004
2025-09-26 16:00:00+00:00,123.65,58232.15,14979.725,5049.7,1515.15,2025-09-26 18:00:00+02:00,2025-09-26,18,4,9,0,20029.425,21544.575,36687.575
2025-09-26 17:00:00+00:00,133.02,57603.125,15543.925,5202.075,42.225,2025-09-26 19:00:00+02:00,2025-09-26,19,4,9,0,20746.0,20788.225,36814.9
2025-09-26 18:00:00+00:00,119.61,55180.625,16001.175,5208.25,0.0,2025-09-26 20:00:00+02:00,2025-09-26,20,4,9,0,21209.425,21209.425,33971.2
2025-09-26 19:00:00+00:00,106.21,51888.2,15959.05,5154.5,0.0,2025-09-26 21:00:00+02:00,2025-09-26,21,4,9,0,21113.55,21113.55,30774.649999999998
2025-09-26 20:00:00+00:00,96.9,48426.7,15153.325,4939.575000000001,0.0,2025-09-26 22:00:00+02:00,2025-09-26,22,4,9,0,20092.9,20092.9,28333.799999999996
2025-09-26 21:00:00+00:00,89.9,45100.0,14334.025,4617.975,0.0,2025-09-26 23:00:00+02:00,2025-09-26,23,4,9,0,18952.0,18952.0,26148.0
2025-09-26 22:00:00+00:00,84.99,42572.825,13926.1,4566.775,0.0,2025-09-27 00:00:00+02:00,2025-09-27,0,5,9,1,18492.875,18492.875,24079.949999999997
2025-09-26 23:00:00+00:00,83.26,40653.325,13006.85,4129.275,0.0,2025-09-27 01:00:00+02:00,2025-09-27,1,5,9,1,17136.125,17136.125,23517.199999999997
2025-09-27 00:00:00+00:00,82.7,39633.975,12284.075,3778.6,0.0,2025-09-27 02:00:00+02:00,2025-09-27,2,5,9,1,16062.675000000001,16062.675000000001,23571.299999999996
2025-09-27 01:00:00+00:00,82.51,39346.775,11693.6,3549.875,0.0,2025-09-27 03:00:00+02:00,2025-09-27,3,5,9,1,15243.475,15243.475,24103.300000000003
2025-09-27 02:00:00+00:00,85.28,39470.675,11234.6,3465.9500000000003,0.0,2025-09-27 04:00:00+02:00,2025-09-27,4,5,9,1,14700.550000000001,14700.550000000001,24770.125
2025-09-27 03:00:00+00:00,89.19,39881.225,10840.15,3395.05,0.0,2025-09-27 05:00:00+02:00,2025-09-27,5,5,9,1,14235.2,14235.2,25646.024999999998
2025-09-27 04:00:00+00:00,90.57,41412.175,10759.3,3284.05,0.0,2025-09-27 06:00:00+02:00,2025-09-27,6,5,9,1,14043.349999999999,14043.349999999999,27368.825000000004
2025-09-27 05:00:00+00:00,105.45,44109.225,10677.5,3155.45,878.3,2025-09-27 07:00:00+02:00,2025-09-27,7,5,9,1,13832.95,14711.25,29397.975
2025-09-27 06:00:00+00:00,109.71,47778.225,9863.225,3140.825,5235.7,2025-09-27 08:00:00+02:00,2025-09-27,8,5,9,1,13004.05,18239.75,29538.475
2025-09-27 07:00:00+00:00,96.92,51165.775,8219.45,3233.875,11509.4,2025-09-27 09:00:00+02:00,2025-09-27,9,5,9,1,11453.325,22962.725,28203.050000000003
2025-09-27 08:00:00+00:00,87.86,52976.075,6755.8,3328.825,17451.5,2025-09-27 10:00:00+02:00,2025-09-27,10,5,9,1,10084.625,27536.125,25439.949999999997
2025-09-27 09:00:00+00:00,75.0,52703.225,5723.5,3256.6,21563.2,2025-09-27 11:00:00+02:00,2025-09-27,11,5,9,1,8980.1,30543.300000000003,22159.924999999996
2025-09-27 10:00:00+00:00,59.77,51727.775,5121.049999999999,2920.975,23976.6,2025-09-27 12:00:00+02:00,2025-09-27,12,5,9,1,8042.025,32018.625,19709.15
2025-09-27 11:00:00+00:00,36.11,50086.7,4911.725,2566.2,24730.75,2025-09-27 13:00:00+02:00,2025-09-27,13,5,9,1,7477.925,32208.675,17878.024999999998
2025-09-27 12:00:00+00:00,48.54,48488.45,5149.425,2323.7749999999996,23755.875,2025-09-27 14:00:00+02:00,2025-09-27,14,5,9,1,7473.2,31229.075,17259.374999999996
2025-09-27 13:00:00+00:00,78.22,48199.725,5487.825,2259.95,20885.9,2025-09-27 15:00:00+02:00,2025-09-27,15,5,9,1,7747.775,28633.675000000003,19566.049999999996
2025-09-27 14:00:00+00:00,93.1,47814.5,5691.65,2304.0,15109.2,2025-09-27 16:00:00+02:00,2025-09-27,16,5,9,1,7995.65,23104.85,24709.65
2025-09-27 15:00:00+00:00,112.01,48445.575,5674.375,2351.825,7931.425,2025-09-27 17:00:00+02:00,2025-09-27,17,5,9,1,8026.2,15957.625,32487.949999999997
2025-09-27 16:00:00+00:00,133.35,49285.225,5930.974999999999,2475.8,1881.9499999999998,2025-09-27 18:00:00+02:00,2025-09-27,18,5,9,1,8406.775,10288.724999999999,38996.5
2025-09-27 17:00:00+00:00,148.61,49566.375,6810.825,2407.05,40.125,2025-09-27 19:00:00+02:00,2025-09-27,19,5,9,1,9217.875,9258.0,40308.375
2025-09-27 18:00:00+00:00,122.53,48123.25,7348.65,2373.7,0.0,2025-09-27 20:00:00+02:00,2025-09-27,20,5,9,1,9722.349999999999,9722.349999999999,38400.9
2025-09-27 19:00:00+00:00,114.4,45873.325,7171.475,2399.75,0.0,2025-09-27 21:00:00+02:00,2025-09-27,21,5,9,1,9571.225,9571.225,36302.1
2025-09-27 20:00:00+00:00,107.56,43761.85,6655.425,2369.075,0.0,2025-09-27 22:00:00+02:00,2025-09-27,22,5,9,1,9024.5,9024.5,34737.35
2025-09-27 21:00:00+00:00,99.54,41192.775,6148.9,2186.575,0.0,2025-09-27 23:00:00+02:00,2025-09-27,23,5,9,1,8335.474999999999,8335.474999999999,32857.3
2025-09-27 22:00:00+00:00,97.56,39582.875,5488.1,1490.075,0.0,2025-09-28 00:00:00+02:00,2025-09-28,0,6,9,1,6978.175,6978.175,32604.7
2025-09-27 23:00:00+00:00,95.31,37966.85,4838.775,1202.375,0.0,2025-09-28 01:00:00+02:00,2025-09-28,1,6,9,1,6041.15,6041.15,31925.699999999997
2025-09-28 00:00:00+00:00,94.32,37061.875,4142.75,1001.15,0.0,2025-09-28 02:00:00+02:00,2025-09-28,2,6,9,1,5143.9,5143.9,31917.975
2025-09-28 01:00:00+00:00,91.47,36866.149999999994,3502.475,868.2,0.0,2025-09-28 03:00:00+02:00,2025-09-28,3,6,9,1,4370.675,4370.675,32495.474999999995
2025-09-28 02:00:00+00:00,97.77,37101.85,3148.175,761.95,0.0,2025-09-28 04:00:00+02:00,2025-09-28,4,6,9,1,3910.125,3910.125,33191.725
2025-09-28 03:00:00+00:00,97.58,37992.2,3094.05,694.125,0.0,2025-09-28 05:00:00+02:00,2025-09-28,5,6,9,1,3788.175,3788.175,34204.024999999994
2025-09-28 04:00:00+00:00,100.91,40136.925,3159.75,670.6,0.0,2025-09-28 06:00:00+02:00,2025-09-28,6,6,9,1,3830.35,3830.35,36306.575000000004
2025-09-28 05:00:00+00:00,105.79,42508.375,3229.4,702.45,1076.6,2025-09-28 07:00:00+02:00,2025-09-28,7,6,9,1,3931.8500000000004,5008.450000000001,37499.925
2025-09-28 06:00:00+00:00,98.77,45802.774999999994,3011.9,729.0,6969.575000000001,2025-09-28 08:00:00+02:00,2025-09-28,8,6,9,1,3740.9,10710.475,35092.299999999996
2025-09-28 07:00:00+00:00,95.04,48966.075,1919.025,739.05,15913.725,2025-09-28 09:00:00+02:00,2025-09-28,9,6,9,1,2658.075,18571.8,30394.274999999998
2025-09-28 08:00:00+00:00,82.08,50841.725000000006,970.0999999999999,707.45,24644.725,2025-09-28 10:00:00+02:00,2025-09-28,10,6,9,1,1677.55,26322.274999999998,24519.450000000008
2025-09-28 09:00:00+00:00,37.47,51588.075,903.175,646.5,30972.8,2025-09-28 11:00:00+02:00,2025-09-28,11,6,9,1,1549.675,32522.475,19065.6
2025-09-28 10:00:00+00:00,17.11,51426.175,1151.95,588.975,34207.95,2025-09-28 12:00:00+02:00,2025-09-28,12,6,9,1,1740.9250000000002,35948.875,15477.300000000003
2025-09-28 11:00:00+00:00,8.53,50029.45,1237.075,527.6,34508.925,2025-09-28 13:00:00+02:00,2025-09-28,13,6,9,1,1764.6750000000002,36273.600000000006,13755.849999999991
2025-09-28 12:00:00+00:00,13.0,48483.6,1095.95,484.125,32278.525,2025-09-28 14:00:00+02:00,2025-09-28,14,6,9,1,1580.075,33858.6,14625.0
2025-09-28 13:00:00+00:00,61.33,47923.125,1033.65,463.525,27525.7,2025-09-28 15:00:00+02:00,2025-09-28,15,6,9,1,1497.1750000000002,29022.875,18900.25
2025-09-28 14:00:00+00:00,86.0,48354.725,1290.175,471.35,19843.7,2025-09-28 16:00:00+02:00,2025-09-28,16,6,9,1,1761.525,21605.225000000002,26749.499999999996
2025-09-28 15:00:00+00:00,105.89,49444.45,1978.2,517.125,10108.75,2025-09-28 17:00:00+02:00,2025-09-28,17,6,9,1,2495.325,12604.075,36840.375
2025-09-28 16:00:00+00:00,131.02,50822.5,3502.7,604.925,2211.95,2025-09-28 18:00:00+02:00,2025-09-28,18,6,9,1,4107.625,6319.575,44502.925
2025-09-28 17:00:00+00:00,137.97,50916.85,5842.425,739.475,37.05,2025-09-28 19:00:00+02:00,2025-09-28,19,6,9,1,6581.900000000001,6618.950000000001,44297.899999999994
2025-09-28 18:00:00+00:00,125.93,49666.725,7744.075,881.975,0.0,2025-09-28 20:00:00+02:00,2025-09-28,20,6,9,1,8626.05,8626.05,41040.675
2025-09-28 19:00:00+00:00,113.51,47656.5,8330.275000000001,1026.125,0.0,2025-09-28 21:00:00+02:00,2025-09-28,21,6,9,1,9356.400000000001,9356.400000000001,38300.1
2025-09-28 20:00:00+00:00,102.29,45725.325,7913.85,1160.3,0.0,2025-09-28 22:00:00+02:00,2025-09-28,22,6,9,1,9074.15,9074.15,36651.174999999996
2025-09-28 21:00:00+00:00,95.74,43340.7,7033.75,1185.675,0.0,2025-09-28 23:00:00+02:00,2025-09-28,23,6,9,1,8219.425,8219.425,35121.274999999994
2025-09-28 22:00:00+00:00,90.95,41044.375,5997.85,1119.95,0.0,2025-09-29 00:00:00+02:00,2025-09-29,0,0,9,0,7117.8,7117.8,33926.575
2025-09-28 23:00:00+00:00,88.76,40061.8,5155.025,874.975,0.0,2025-09-29 01:00:00+02:00,2025-09-29,1,0,9,0,6030.0,6030.0,34031.8
2025-09-29 00:00:00+00:00,87.88,39683.55,4518.175,637.25,0.0,2025-09-29 02:00:00+02:00,2025-09-29,2,0,9,0,5155.425,5155.425,34528.125
2025-09-29 01:00:00+00:00,87.94,39915.575,4012.55,445.35,0.0,2025-09-29 03:00:00+02:00,2025-09-29,3,0,9,0,4457.900000000001,4457.900000000001,35457.674999999996
2025-09-29 02:00:00+00:00,88.31,41393.45,3752.625,334.275,0.0,2025-09-29 04:00:00+02:00,2025-09-29,4,0,9,0,4086.9,4086.9,37306.549999999996
2025-09-29 03:00:00+00:00,98.37,45827.85,3742.55,289.2,0.0,2025-09-29 05:00:00+02:00,2025-09-29,5,0,9,0,4031.75,4031.75,41796.1
2025-09-29 04:00:00+00:00,134.98,53677.8,3870.35,301.17499999999995,0.0,2025-09-29 06:00:00+02:00,2025-09-29,6,0,9,0,4171.525,4171.525,49506.275
2025-09-29 05:00:00+00:00,222.1,59534.325,4035.225,352.5,1011.575,2025-09-29 07:00:00+02:00,2025-09-29,7,0,9,0,4387.725,5399.3,54135.024999999994
2025-09-29 06:00:00+00:00,166.91,62914.375,4012.325,414.275,6748.4,2025-09-29 08:00:00+02:00,2025-09-29,8,0,9,0,4426.599999999999,11175.0,51739.375
2025-09-29 07:00:00+00:00,122.06,64422.825,2884.075,494.775,15344.975,2025-09-29 09:00:00+02:00,2025-09-29,9,0,9,0,3378.85,18723.825,45699.0
2025-09-29 08:00:00+00:00,90.21,65213.725,1678.625,565.575,23443.775,2025-09-29 10:00:00+02:00,2025-09-29,10,0,9,0,2244.2,25687.975000000002,39525.75
2025-09-29 09:00:00+00:00,84.95,65260.95,1761.925,608.15,29078.75,2025-09-29 11:00:00+02:00,2025-09-29,11,0,9,0,2370.075,31448.825,33812.125
2025-09-29 10:00:00+00:00,78.71,64676.425,2321.6,622.1,31587.449999999997,2025-09-29 12:00:00+02:00,2025-09-29,12,0,9,0,2943.7,34531.149999999994,30145.27500000001
2025-09-29 11:00:00+00:00,77.08,63447.825,2429.625,611.9,30921.475,2025-09-29 13:00:00+02:00,2025-09-29,13,0,9,0,3041.525,33963.0,29484.824999999997
2025-09-29 12:00:00+00:00,83.33,61979.225,2146.9,594.625,28170.675,2025-09-29 14:00:00+02:00,2025-09-29,14,0,9,0,2741.525,30912.2,31067.024999999998
2025-09-29 13:00:00+00:00,87.4,61070.575,1883.175,596.075,23719.675,2025-09-29 15:00:00+02:00,2025-09-29,15,0,9,0,2479.25,26198.925,34871.649999999994
2025-09-29 14:00:00+00:00,99.98,60643.1,1808.65,641.65,16834.475,2025-09-29 16:00:00+02:00,2025-09-29,16,0,9,0,2450.3,19284.774999999998,41358.325
2025-09-29 15:00:00+00:00,140.79,60893.875,2108.025,698.125,8382.95,2025-09-29 17:00:00+02:00,2025-09-29,17,0,9,0,2806.15,11189.1,49704.775
2025-09-29 16:00:00+00:00,302.65,61721.175,3229.175,764.6,1783.375,2025-09-29 18:00:00+02:00,2025-09-29,18,0,9,0,3993.775,5777.15,55944.025
2025-09-29 17:00:00+00:00,406.78,61322.825,5049.575,855.375,24.125,2025-09-29 19:00:00+02:00,2025-09-29,19,0,9,0,5904.95,5929.075,55393.75
2025-09-29 18:00:00+00:00,167.6,58903.95,6602.4,939.275,0.0,2025-09-29 20:00:00+02:00,2025-09-29,20,0,9,0,7541.674999999999,7541.674999999999,51362.274999999994
2025-09-29 19:00:00+00:00,123.85,55733.55,7279.2,1019.875,0.0,2025-09-29 21:00:00+02:00,2025-09-29,21,0,9,0,8299.075,8299.075,47434.475000000006
2025-09-29 20:00:00+00:00,108.3,52114.6,7373.175,1100.875,0.0,2025-09-29 22:00:00+02:00,2025-09-29,22,0,9,0,8474.05,8474.05,43640.55
2025-09-29 21:00:00+00:00,93.68,48467.75,7117.225,1124.275,0.0,2025-09-29 23:00:00+02:00,2025-09-29,23,0,9,0,8241.5,8241.5,40226.25
2025-09-29 22:00:00+00:00,101.1,45289.85,5774.975,736.975,0.0,2025-09-30 00:00:00+02:00,2025-09-30,0,1,9,0,6511.950000000001,6511.950000000001,38777.899999999994
2025-09-29 23:00:00+00:00,98.43,43663.0,5224.175,686.175,0.0,2025-09-30 01:00:00+02:00,2025-09-30,1,1,9,0,5910.35,5910.35,37752.65
2025-09-30 00:00:00+00:00,98.93,42939.0,4800.35,629.05,0.0,2025-09-30 02:00:00+02:00,2025-09-30,2,1,9,0,5429.400000000001,5429.400000000001,37509.6
2025-09-30 01:00:00+00:00,94.99,43084.225,4479.9,592.95,0.0,2025-09-30 03:00:00+02:00,2025-09-30,3,1,9,0,5072.849999999999,5072.849999999999,38011.375
2025-09-30 02:00:00+00:00,99.12,44266.35,4433.8,580.85,0.0,2025-09-30 04:00:00+02:00,2025-09-30,4,1,9,0,5014.650000000001,5014.650000000001,39251.7
2025-09-30 03:00:00+00:00,112.08,47571.175,4592.3,602.825,0.0,2025-09-30 05:00:00+02:00,2025-09-30,5,1,9,0,5195.125,5195.125,42376.05
2025-09-30 04:00:00+00:00,141.86,53784.75,4865.975,665.75,0.0,2025-09-30 06:00:00+02:00,2025-09-30,6,1,9,0,5531.725,5531.725,48253.025
2025-09-30 05:00:00+00:00,244.0,59054.1,5183.125,755.275,722.375,2025-09-30 07:00:00+02:00,2025-09-30,7,1,9,0,5938.4,6660.775,52393.325
2025-09-30 06:00:00+00:00,209.23,62171.325,5077.5,833.35,4955.35,2025-09-30 08:00:00+02:00,2025-09-30,8,1,9,0,5910.85,10866.2,51305.125
2025-09-30 07:00:00+00:00,141.85,63261.024999999994,3822.625,886.9,11581.325,2025-09-30 09:00:00+02:00,2025-09-30,9,1,9,0,4709.525,16290.85,46970.174999999996
2025-09-30 08:00:00+00:00,115.2,64060.125,2818.325,913.825,18324.825,2025-09-30 10:00:00+02:00,2025-09-30,10,1,9,0,3732.1499999999996,22056.975,42003.15
2025-09-30 09:00:00+00:00,96.72,64492.575000000004,3092.65,917.875,23202.3,2025-09-30 11:00:00+02:00,2025-09-30,11,1,9,0,4010.525,27212.825,37279.75
2025-09-30 10:00:00+00:00,87.91,63916.325,3458.5,884.175,25304.875,2025-09-30 12:00:00+02:00,2025-09-30,12,1,9,0,4342.675,29647.55,34268.774999999994
2025-09-30 11:00:00+00:00,86.04,62921.675,3299.875,813.8499999999999,24980.025,2025-09-30 13:00:00+02:00,2025-09-30,13,1,9,0,4113.725,29093.75,33827.925
2025-09-30 12:00:00+00:00,87.26,61288.0,2984.9,738.7,22851.3,2025-09-30 14:00:00+02:00,2025-09-30,14,1,9,0,3723.6000000000004,26574.9,34713.1
2025-09-30 13:00:00+00:00,96.8,60315.525,2980.1499999999996,685.95,19218.75,2025-09-30 15:00:00+02:00,2025-09-30,15,1,9,0,3666.0999999999995,22884.85,37430.675
2025-09-30 14:00:00+00:00,104.03,59844.575,3321.925,691.75,13573.925,2025-09-30 16:00:00+02:00,2025-09-30,16,1,9,0,4013.675,17587.6,42256.975
2025-09-30 15:00:00+00:00,142.64,60077.55,3972.875,754.475,6864.25,2025-09-30 17:00:00+02:00,2025-09-30,17,1,9,0,4727.35,11591.6,48485.950000000004
2025-09-30 16:00:00+00:00,294.54,61080.15,5283.7,885.85,1472.9,2025-09-30 18:00:00+02:00,2025-09-30,18,1,9,0,6169.55,7642.450000000001,53437.7
2025-09-30 17:00:00+00:00,357.77,60978.8,7338.475,1093.575,20.450000000000003,2025-09-30 19:00:00+02:00,2025-09-30,19,1,9,0,8432.050000000001,8452.500000000002,52526.3
2025-09-30 18:00:00+00:00,147.28,58493.5,8828.1,1345.175,0.0,2025-09-30 20:00:00+02:00,2025-09-30,20,1,9,0,10173.275,10173.275,48320.225
2025-09-30 19:00:00+00:00,116.04,55081.475,9217.75,1571.05,0.0,2025-09-30 21:00:00+02:00,2025-09-30,21,1,9,0,10788.8,10788.8,44292.675
2025-09-30 20:00:00+00:00,101.63,51454.075,8871.15,1729.275,0.0,2025-09-30 22:00:00+02:00,2025-09-30,22,1,9,0,10600.425,10600.425,40853.649999999994
2025-09-30 21:00:00+00:00,92.54,47931.575,8037.475,1753.5,0.0,2025-09-30 23:00:00+02:00,2025-09-30,23,1,9,0,9790.975,9790.975,38140.6
2025-09-30 22:00:00+00:00,91.565,45381.275,7206.225,1799.175,0.0,2025-10-01 00:00:00+02:00,2025-10-01,0,2,10,0,9005.4,9005.4,36375.875
2025-09-30 23:00:00+00:00,86.285,43991.675,6518.15,1757.925,0.0,2025-10-01 01:00:00+02:00,2025-10-01,1,2,10,0,8276.074999999999,8276.074999999999,35715.600000000006
2025-10-01 00:00:00+00:00,84.8725,43459.35,5958.4,1629.7,0.0,2025-10-01 02:00:00+02:00,2025-10-01,2,2,10,0,7588.099999999999,7588.099999999999,35871.25
2025-10-01 01:00:00+00:00,88.325,43607.85,5398.65,1448.7,0.0,2025-10-01 03:00:00+02:00,2025-10-01,3,2,10,0,6847.349999999999,6847.349999999999,36760.5
2025-10-01 02:00:00+00:00,87.655,44781.425,5015.175,1262.725,0.0,2025-10-01 04:00:00+02:00,2025-10-01,4,2,10,0,6277.9,6277.9,38503.525
2025-10-01 03:00:00+00:00,95.3275,47768.625,4825.875,1132.9,0.0,2025-10-01 05:00:00+02:00,2025-10-01,5,2,10,0,5958.775,5958.775,41809.85
2025-10-01 04:00:00+00:00,124.96000000000001,54239.55,4689.925,1108.475,0.0,2025-10-01 06:00:00+02:00,2025-10-01,6,2,10,0,5798.4,5798.4,48441.15
2025-10-01 05:00:00+00:00,173.29999999999998,59792.524999999994,4694.45,1190.825,1063.925,2025-10-01 07:00:00+02:00,2025-10-01,7,2,10,0,5885.275,6949.2,52843.325
2025-10-01 06:00:00+00:00,139.0875,62776.35,4722.3,1315.475,8446.45,2025-10-01 08:00:00+02:00,2025-10-01,8,2,10,0,6037.775,14484.225,48292.125
2025-10-01 07:00:00+00:00,105.25,63813.575,3674.8,1463.85,19705.15,2025-10-01 09:00:00+02:00,2025-10-01,9,2,10,0,5138.65,24843.800000000003,38969.774999999994
2025-10-01 08:00:00+00:00,86.035,64432.425,2269.575,1613.575,29752.65,2025-10-01 10:00:00+02:00,2025-10-01,10,2,10,0,3883.1499999999996,33635.8,30796.625
2025-10-01 09:00:00+00:00,70.5675,64761.725,1964.05,1744.6,35785.925,2025-10-01 11:00:00+02:00,2025-10-01,11,2,10,0,3708.6499999999996,39494.575000000004,25267.149999999994
2025-10-01 10:00:00+00:00,66.025,64151.275,2270.825,1767.725,37005.8,2025-10-01 12:00:00+02:00,2025-10-01,12,2,10,0,4038.5499999999997,41044.350000000006,23106.924999999996
2025-10-01 11:00:00+00:00,68.4,63138.875,2240.0,1598.775,34932.675,2025-10-01 13:00:00+02:00,2025-10-01,13,2,10,0,3838.775,38771.450000000004,24367.424999999996
2025-10-01 12:00:00+00:00,72.6275,61400.375,1965.2,1322.75,31382.775,2025-10-01 14:00:00+02:00,2025-10-01,14,2,10,0,3287.95,34670.725,26729.65
2025-10-01 13:00:00+00:00,81.7225,60399.125,1814.675,1046.25,26161.2,2025-10-01 15:00:00+02:00,2025-10-01,15,2,10,0,2860.925,29022.125,31377.0
2025-10-01 14:00:00+00:00,92.87,59703.7,1793.3,848.15,18432.65,2025-10-01 16:00:00+02:00,2025-10-01,16,2,10,0,2641.45,21074.100000000002,38629.59999999999
2025-10-01 15:00:00+00:00,135.39999999999998,59949.075,1914.625,753.2,9054.95,2025-10-01 17:00:00+02:00,2025-10-01,17,2,10,0,2667.825,11722.775000000001,48226.299999999996
2025-10-01 16:00:00+00:00,253.2375,61027.025,2520.125,756.8,1720.1499999999999,2025-10-01 18:00:00+02:00,2025-10-01,18,2,10,0,3276.925,4997.075,56029.950000000004
2025-10-01 17:00:00+00:00,339.9925,60834.6,3812.375,844.0,21.475,2025-10-01 19:00:00+02:00,2025-10-01,19,2,10,0,4656.375,4677.85,56156.75
2025-10-01 18:00:00+00:00,152.0225,58545.775,5036.75,986.6999999999999,0.0,2025-10-01 20:00:00+02:00,2025-10-01,20,2,10,0,6023.45,6023.45,52522.325000000004
2025-10-01 19:00:00+00:00,113.035,55437.025,5728.8,1169.15,0.0,2025-10-01 21:00:00+02:00,2025-10-01,21,2,10,0,6897.950000000001,6897.950000000001,48539.075
2025-10-01 20:00:00+00:00,98.51,51827.675,6123.625,1371.025,0.0,2025-10-01 22:00:00+02:00,2025-10-01,22,2,10,0,7494.65,7494.65,44333.025
2025-10-01 21:00:00+00:00,90.6475,48309.725,6163.0,1528.725,0.0,2025-10-01 23:00:00+02:00,2025-10-01,23,2,10,0,7691.725,7691.725,40618.0
2025-10-01 22:00:00+00:00,90.805,46272.799999999996,6644.174999999999,2119.075,0.0,2025-10-02 00:00:00+02:00,2025-10-02,0,3,10,0,8763.25,8763.25,37509.549999999996
2025-10-01 23:00:00+00:00,88.0,44737.95,5968.625,2227.25,0.0,2025-10-02 01:00:00+02:00,2025-10-02,1,3,10,0,8195.875,8195.875,36542.075
2025-10-02 00:00:00+00:00,86.52499999999999,44514.05,5318.775000000001,2245.325,0.0,2025-10-02 02:00:00+02:00,2025-10-02,2,3,10,0,7564.1,7564.1,36949.950000000004
2025-10-02 01:00:00+00:00,88.56,44572.2,4702.35,2145.45,0.0,2025-10-02 03:00:00+02:00,2025-10-02,3,3,10,0,6847.8,6847.8,37724.399999999994
2025-10-02 02:00:00+00:00,90.8075,44895.35,4297.9,2018.1,0.0,2025-10-02 04:00:00+02:00,2025-10-02,4,3,10,0,6316.0,6316.0,38579.35
2025-10-02 03:00:00+00:00,95.9725,46866.775,4233.4,1974.2,0.0,2025-10-02 05:00:00+02:00,2025-10-02,5,3,10,0,6207.599999999999,6207.599999999999,40659.175
2025-10-02 04:00:00+00:00,128.72,52211.275,4527.4,2071.525,0.0,2025-10-02 06:00:00+02:00,2025-10-02,6,3,10,0,6598.924999999999,6598.924999999999,45612.350000000006
2025-10-02 05:00:00+00:00,181.0875,56856.025,4966.9,2283.35,968.5500000000001,2025-10-02 07:00:00+02:00,2025-10-02,7,3,10,0,7250.25,8218.8,48637.225000000006
2025-10-02 06:00:00+00:00,136.67749999999998,60406.55,5217.825,2564.15,8611.8,2025-10-02 08:00:00+02:00,2025-10-02,8,3,10,0,7781.975,16393.775,44012.775
2025-10-02 07:00:00+00:00,100.505,61206.55,4305.9,2874.525,20752.75,2025-10-02 09:00:00+02:00,2025-10-02,9,3,10,0,7180.424999999999,27933.175,33273.375
2025-10-02 08:00:00+00:00,91.48,62476.325,2870.7000000000003,3134.025,31302.15,2025-10-02 10:00:00+02:00,2025-10-02,10,3,10,0,6004.725,37306.875,25169.449999999997
2025-10-02 09:00:00+00:00,78.285,62200.8,2409.925,3203.525,37685.85,2025-10-02 11:00:00+02:00,2025-10-02,11,3,10,0,5613.450000000001,43299.3,18901.5
2025-10-02 10:00:00+00:00,65.77,61506.05,2784.625,3078.975,39529.1,2025-10-02 12:00:00+02:00,2025-10-02,12,3,10,0,5863.6,45392.7,16113.350000000006
2025-10-02 11:00:00+00:00,60.5,60846.5,2960.975,2856.875,37603.525,2025-10-02 13:00:00+02:00,2025-10-02,13,3,10,0,5817.85,43421.375,17425.125
2025-10-02 12:00:00+00:00,71.28999999999999,59594.899999999994,2862.65,2703.25,33792.125,2025-10-02 14:00:00+02:00,2025-10-02,14,3,10,0,5565.9,39358.025,20236.874999999993
2025-10-02 13:00:00+00:00,80.6625,58200.075,2763.9,2686.125,28266.975,2025-10-02 15:00:00+02:00,2025-10-02,15,3,10,0,5450.025,33717.0,24483.074999999997
2025-10-02 14:00:00+00:00,91.445,57398.25,2755.125,2737.95,20089.675,2025-10-02 16:00:00+02:00,2025-10-02,16,3,10,0,5493.075,25582.75,31815.5
2025-10-02 15:00:00+00:00,113.32,57916.6,2818.25,2876.1,9776.925,2025-10-02 17:00:00+02:00,2025-10-02,17,3,10,0,5694.35,15471.275,42445.325
2025-10-02 16:00:00+00:00,167.925,59316.15,3515.625,3149.875,1731.625,2025-10-02 18:00:00+02:00,2025-10-02,18,3,10,0,6665.5,8397.125,50919.025
2025-10-02 17:00:00+00:00,176.8375,59146.275,5325.3,3652.4,18.675,2025-10-02 19:00:00+02:00,2025-10-02,19,3,10,0,8977.7,8996.375,50149.9
2025-10-02 18:00:00+00:00,109.92,57349.725,7603.075,4252.8,0.0,2025-10-02 20:00:00+02:00,2025-10-02,20,3,10,0,11855.875,11855.875,45493.85
2025-10-02 19:00:00+00:00,90.855,55040.625,9512.85,4753.7,0.0,2025-10-02 21:00:00+02:00,2025-10-02,21,3,10,0,14266.55,14266.55,40774.075
2025-10-02 20:00:00+00:00,96.6575,51832.775,10925.0,5065.875,0.0,2025-10-02 22:00:00+02:00,2025-10-02,22,3,10,0,15990.875,15990.875,35841.9
2025-10-02 21:00:00+00:00,82.0925,48441.4,12020.15,5276.05,0.0,2025-10-02 23:00:00+02:00,2025-10-02,23,3,10,0,17296.2,17296.2,31145.2
2025-10-02 22:00:00+00:00,85.9325,44633.825,11982.6,4751.1,0.0,2025-10-03 00:00:00+02:00,2025-10-03,0,4,10,0,16733.7,16733.7,27900.124999999996
2025-10-02 23:00:00+00:00,77.14,42953.95,12338.45,4814.625,0.0,2025-10-03 01:00:00+02:00,2025-10-03,1,4,10,0,17153.075,17153.075,25800.874999999996
2025-10-03 00:00:00+00:00,71.75,41966.100000000006,12527.5,4826.6,0.0,2025-10-03 02:00:00+02:00,2025-10-03,2,4,10,0,17354.1,17354.1,24612.000000000007
2025-10-03 01:00:00+00:00,73.9075,41314.25,12567.0,4790.0,0.0,2025-10-03 03:00:00+02:00,2025-10-03,3,4,10,0,17357.0,17357.0,23957.25
2025-10-03 02:00:00+00:00,76.2875,42263.95,12527.3,4757.674999999999,0.0,2025-10-03 04:00:00+02:00,2025-10-03,4,4,10,0,17284.975,17284.975,24978.975
2025-10-03 03:00:00+00:00,77.98,42040.0,12437.775,4815.725,0.0,2025-10-03 05:00:00+02:00,2025-10-03,5,4,10,0,17253.5,17253.5,24786.5
2025-10-03 04:00:00+00:00,93.78,42761.575,12608.475,4908.6,0.0,2025-10-03 06:00:00+02:00,2025-10-03,6,4,10,0,17517.075,17517.075,25244.499999999996
2025-10-03 05:00:00+00:00,100.4175,45437.3,12868.325,4955.375,973.275,2025-10-03 07:00:00+02:00,2025-10-03,7,4,10,0,17823.7,18796.975000000002,26640.325
2025-10-03 06:00:00+00:00,103.68,48464.925,12903.075,4989.4,8025.775,2025-10-03 08:00:00+02:00,2025-10-03,8,4,10,0,17892.475,25918.25,22546.675000000003
2025-10-03 07:00:00+00:00,83.9025,51002.3,11808.6,4959.6,18422.8,2025-10-03 09:00:00+02:00,2025-10-03,9,4,10,0,16768.2,35191.0,15811.300000000003
2025-10-03 08:00:00+00:00,59.9975,52682.225,10196.3,4839.575,27093.625,2025-10-03 10:00:00+02:00,2025-10-03,10,4,10,0,15035.875,42129.5,10552.724999999999
2025-10-03 09:00:00+00:00,40.5025,53546.049999999996,9593.5,4837.125,32311.025,2025-10-03 11:00:00+02:00,2025-10-03,11,4,10,0,14430.625,46741.65,6804.399999999994
2025-10-03 10:00:00+00:00,26.3525,52893.125,10208.8,4853.275,34067.075,2025-10-03 12:00:00+02:00,2025-10-03,12,4,10,0,15062.074999999999,49129.149999999994,3763.975000000006
2025-10-03 11:00:00+00:00,16.502499999999998,50863.2,11051.375,4940.875,32753.525,2025-10-03 13:00:00+02:00,2025-10-03,13,4,10,0,15992.25,48745.775,2117.4249999999956
2025-10-03 12:00:00+00:00,26.2025,49451.525,11839.025,4963.625,28882.025,2025-10-03 14:00:00+02:00,2025-10-03,14,4,10,0,16802.65,45684.675,3766.8499999999985
2025-10-03 13:00:00+00:00,49.8825,48499.0,12381.95,4988.85,23037.85,2025-10-03 15:00:00+02:00,2025-10-03,15,4,10,0,17370.800000000003,40408.65,8090.3499999999985
2025-10-03 14:00:00+00:00,63.3925,48324.525,12882.975,5160.375,15150.45,2025-10-03 16:00:00+02:00,2025-10-03,16,4,10,0,18043.35,33193.8,15130.724999999999
2025-10-03 15:00:00+00:00,89.9,49316.25,13813.775,5288.175,6642.4,2025-10-03 17:00:00+02:00,2025-10-03,17,4,10,0,19101.95,25744.35,23571.9
2025-10-03 16:00:00+00:00,120.75999999999999,50775.025,16281.925,5346.275,1044.35,2025-10-03 18:00:00+02:00,2025-10-03,18,4,10,0,21628.199999999997,22672.549999999996,28102.475000000006
2025-10-03 17:00:00+00:00,109.00999999999999,51458.825,19796.375,5288.675,22.05,2025-10-03 19:00:00+02:00,2025-10-03,19,4,10,0,25085.05,25107.1,26351.725
2025-10-03 18:00:00+00:00,75.03999999999999,50346.975,23210.65,4963.5,0.0,2025-10-03 20:00:00+02:00,2025-10-03,20,4,10,0,28174.15,28174.15,22172.824999999997
2025-10-03 19:00:00+00:00,43.4425,48533.8,26336.0,4964.875,0.0,2025-10-03 21:00:00+02:00,2025-10-03,21,4,10,0,31300.875,31300.875,17232.925000000003
2025-10-03 20:00:00+00:00,25.4025,46599.1,28101.350000000002,4963.45,0.0,2025-10-03 22:00:00+02:00,2025-10-03,22,4,10,0,33064.8,33064.8,13534.299999999996
2025-10-03 21:00:00+00:00,11.1075,44244.075,29688.875,4904.0,0.0,2025-10-03 23:00:00+02:00,2025-10-03,23,4,10,0,34592.875,34592.875,9651.199999999997
2025-10-03 22:00:00+00:00,0.7250000000000001,43656.25,33073.55,5129.2,0.0,2025-10-04 00:00:00+02:00,2025-10-04,0,5,10,1,38202.75,38202.75,5453.5
2025-10-03 23:00:00+00:00,-0.01,42196.85,34009.125,3299.6,0.0,2025-10-04 01:00:00+02:00,2025-10-04,1,5,10,1,37308.725,37308.725,4888.125
2025-10-04 00:00:00+00:00,-0.0425,41355.95,35049.825,3243.7,0.0,2025-10-04 02:00:00+02:00,2025-10-04,2,5,10,1,38293.524999999994,38293.524999999994,3062.425000000003
2025-10-04 01:00:00+00:00,-0.0975,41167.875,36475.7,3341.4,0.0,2025-10-04 03:00:00+02:00,2025-10-04,3,5,10,1,39817.1,39817.1,1350.7750000000015
2025-10-04 02:00:00+00:00,-1.1275,41189.125,37731.9,3456.125,0.0,2025-10-04 04:00:00+02:00,2025-10-04,4,5,10,1,41188.025,41188.025,1.0999999999985448
2025-10-04 03:00:00+00:00,-1.905,41608.55,38952.75,3654.3,0.0,2025-10-04 05:00:00+02:00,2025-10-04,5,5,10,1,42607.05,42607.05,-998.5
2025-10-04 04:00:00+00:00,-1.915,42904.3,41292.175,3865.05,0.0,2025-10-04 06:00:00+02:00,2025-10-04,6,5,10,1,45157.225000000006,45157.225000000006,-2252.925000000003
2025-10-04 05:00:00+00:00,-0.775,45357.049999999996,42375.6,3956.85,297.825,2025-10-04 07:00:00+02:00,2025-10-04,7,5,10,1,46332.45,46630.274999999994,-1273.2249999999985
2025-10-04 06:00:00+00:00,-0.3,48489.375,42276.875,4045.975,1891.3,2025-10-04 08:00:00+02:00,2025-10-04,8,5,10,1,46322.85,48214.15,275.22499999999854
2025-10-04 07:00:00+00:00,-0.1625,51154.55,40916.6,4277.225,4222.75,2025-10-04 09:00:00+02:00,2025-10-04,9,5,10,1,45193.825,49416.575,1737.9750000000058
2025-10-04 08:00:00+00:00,-0.09,53000.85,39228.125,4309.975,7116.525,2025-10-04 10:00:00+02:00,2025-10-04,10,5,10,1,43538.1,50654.625,2346.2249999999985
2025-10-04 09:00:00+00:00,-0.0975,54085.924999999996,38094.6,4271.775,10128.5,2025-10-04 11:00:00+02:00,2025-10-04,11,5,10,1,42366.375,52494.875,1591.0499999999956
2025-10-04 10:00:00+00:00,-0.08,53566.15,37479.850000000006,4188.5,12532.125,2025-10-04 12:00:00+02:00,2025-10-04,12,5,10,1,41668.350000000006,54200.475000000006,-634.3250000000044
2025-10-04 11:00:00+00:00,-0.44,51978.85,37879.65,4098.5,13607.9,2025-10-04 13:00:00+02:00,2025-10-04,13,5,10,1,41978.15,55586.05,-3607.2000000000044
2025-10-04 12:00:00+00:00,-2.045,50851.9,38924.575,4013.875,13092.25,2025-10-04 14:00:00+02:00,2025-10-04,14,5,10,1,42938.45,56030.7,-5178.799999999996
2025-10-04 13:00:00+00:00,-2.605,50309.725,39106.075,3968.725,11317.8,2025-10-04 15:00:00+02:00,2025-10-04,15,5,10,1,43074.799999999996,54392.59999999999,-4082.8749999999927
2025-10-04 14:00:00+00:00,-0.095,49782.175,38953.2,3970.525,8111.875,2025-10-04 16:00:00+02:00,2025-10-04,16,5,10,1,42923.725,51035.6,-1253.4249999999956
2025-10-04 15:00:00+00:00,-0.09250000000000003,50434.975,39262.925,4027.075,4174.825,2025-10-04 17:00:00+02:00,2025-10-04,17,5,10,1,43290.0,47464.825,2970.1500000000015
2025-10-04 16:00:00+00:00,1.105,51327.375,40163.925,5870.125,800.55,2025-10-04 18:00:00+02:00,2025-10-04,18,5,10,1,46034.05,46834.600000000006,4492.774999999994
2025-10-04 17:00:00+00:00,3.23,51411.925,40935.725,5940.4,8.8,2025-10-04 19:00:00+02:00,2025-10-04,19,5,10,1,46876.125,46884.925,4527.0
2025-10-04 18:00:00+00:00,0.3225,49982.350000000006,42118.1,5884.95,0.0,2025-10-04 20:00:00+02:00,2025-10-04,20,5,10,1,48003.049999999996,48003.049999999996,1979.3000000000102
2025-10-04 19:00:00+00:00,-0.09499999999999999,47939.475,43265.85,5796.775,0.0,2025-10-04 21:00:00+02:00,2025-10-04,21,5,10,1,49062.625,49062.625,-1123.1500000000015
2025-10-04 20:00:00+00:00,-0.0525,46094.45,42857.075,5802.25,0.0,2025-10-04 22:00:00+02:00,2025-10-04,22,5,10,1,48659.325,48659.325,-2564.875
2025-10-04 21:00:00+00:00,-0.3425,43733.925,43204.1,5771.95,0.0,2025-10-04 23:00:00+02:00,2025-10-04,23,5,10,1,48976.049999999996,48976.049999999996,-5242.124999999993
2025-10-04 22:00:00+00:00,-0.7475,42156.6,41277.025,3463.5750000000003,0.0,2025-10-05 00:00:00+02:00,2025-10-05,0,6,10,1,44740.6,44740.6,-2584.0
2025-10-04 23:00:00+00:00,-1.4024999999999999,40491.775,40880.2,3461.725,0.0,2025-10-05 01:00:00+02:00,2025-10-05,1,6,10,1,44341.924999999996,44341.924999999996,-3850.149999999994
2025-10-05 00:00:00+00:00,-4.19,39564.55,40270.725000000006,3436.525,0.0,2025-10-05 02:00:00+02:00,2025-10-05,2,6,10,1,43707.25000000001,43707.25000000001,-4142.700000000004
2025-10-05 01:00:00+00:00,-4.3775,39346.075,39524.45,3409.15,0.0,2025-10-05 03:00:00+02:00,2025-10-05,3,6,10,1,42933.6,42933.6,-3587.5250000000015
2025-10-05 02:00:00+00:00,-4.98,39634.1,38973.775,3402.95,0.0,2025-10-05 04:00:00+02:00,2025-10-05,4,6,10,1,42376.725,42376.725,-2742.625
2025-10-05 03:00:00+00:00,-4.4575,40318.1,38353.875,3400.1,0.0,2025-10-05 05:00:00+02:00,2025-10-05,5,6,10,1,41753.975,41753.975,-1435.875
2025-10-05 04:00:00+00:00,-3.76,41869.925,38589.4,3405.45,0.0,2025-10-05 06:00:00+02:00,2025-10-05,6,6,10,1,41994.85,41994.85,-124.92499999999563
2025-10-05 05:00:00+00:00,-1.505,44480.025,38459.675,3423.35,370.3,2025-10-05 07:00:00+02:00,2025-10-05,7,6,10,1,41883.025,42253.325000000004,2226.699999999997
2025-10-05 06:00:00+00:00,-0.0875,47682.225,37890.7,3439.875,3591.5750000000003,2025-10-05 08:00:00+02:00,2025-10-05,8,6,10,1,41330.575,44922.149999999994,2760.0750000000044
2025-10-05 07:00:00+00:00,-1.3925,50076.525,36987.775,3324.1,8823.5,2025-10-05 09:00:00+02:00,2025-10-05,9,6,10,1,40311.875,49135.375,941.1500000000015
2025-10-05 08:00:00+00:00,-3.33,51965.05,36598.15,3234.925,14019.75,2025-10-05 10:00:00+02:00,2025-10-05,10,6,10,1,39833.075000000004,53852.825000000004,-1887.7750000000015
2025-10-05 09:00:00+00:00,-2.0175,52985.25,36423.275,3144.1,18230.775,2025-10-05 11:00:00+02:00,2025-10-05,11,6,10,1,39567.375,57798.15,-4812.9000000000015
2025-10-05 10:00:00+00:00,-3.415,52820.3,35552.075,3092.85,20880.9,2025-10-05 12:00:00+02:00,2025-10-05,12,6,10,1,38644.924999999996,59525.825,-6705.524999999994
2025-10-05 11:00:00+00:00,-3.3875,51538.7,34644.75,3049.55,20689.925,2025-10-05 13:00:00+02:00,2025-10-05,13,6,10,1,37694.3,58384.225000000006,-6845.525000000009
2025-10-05 12:00:00+00:00,-2.9425,50029.2,34233.625,3022.95,18584.525,2025-10-05 14:00:00+02:00,2025-10-05,14,6,10,1,37256.575,55841.1,-5811.9000000000015
2025-10-05 13:00:00+00:00,-2.3925,49209.775,34101.75,3019.3,15068.3,2025-10-05 15:00:00+02:00,2025-10-05,15,6,10,1,37121.05,52189.350000000006,-2979.5750000000044
2025-10-05 14:00:00+00:00,-0.6875,49220.825,35094.975,3046.05,10008.275,2025-10-05 16:00:00+02:00,2025-10-05,16,6,10,1,38141.025,48149.3,1071.5249999999942
2025-10-05 15:00:00+00:00,0.8525,50431.95,36018.575,4697.175,4598.525,2025-10-05 17:00:00+02:00,2025-10-05,17,6,10,1,40715.75,45314.275,5117.674999999996
2025-10-05 16:00:00+00:00,16.0825,51803.275,36252.075,4724.775,757.3,2025-10-05 18:00:00+02:00,2025-10-05,18,6,10,1,40976.85,41734.15,10069.125
2025-10-05 17:00:00+00:00,35.0475,52385.225,36461.825,4738.775,8.2,2025-10-05 19:00:00+02:00,2025-10-05,19,6,10,1,41200.6,41208.799999999996,11176.425000000003
2025-10-05 18:00:00+00:00,19.83,51243.4,36964.625,4728.15,0.0,2025-10-05 20:00:00+02:00,2025-10-05,20,6,10,1,41692.775,41692.775,9550.625
2025-10-05 19:00:00+00:00,5.4775,49496.925,37716.1,4707.025,0.0,2025-10-05 21:00:00+02:00,2025-10-05,21,6,10,1,42423.125,42423.125,7073.800000000003
2025-10-05 20:00:00+00:00,5.202500000000001,47507.1,37141.5,4724.275,0.0,2025-10-05 22:00:00+02:00,2025-10-05,22,6,10,1,41865.775,41865.775,5641.324999999997
2025-10-05 21:00:00+00:00,4.075,44924.175,36983.55,4693.975,0.0,2025-10-05 23:00:00+02:00,2025-10-05,23,6,10,1,41677.525,41677.525,3246.6500000000015
2025-10-05 22:00:00+00:00,20.845,42529.375,36071.05,4463.0,0.0,2025-10-06 00:00:00+02:00,2025-10-06,0,0,10,0,40534.05,40534.05,1995.324999999997
2025-10-05 23:00:00+00:00,10.0475,41360.175,35520.925,4609.025,0.0,2025-10-06 01:00:00+02:00,2025-10-06,1,0,10,0,40129.950000000004,40129.950000000004,1230.2249999999985
2025-10-06 00:00:00+00:00,9.1025,40910.4,34842.825,4765.5,0.0,2025-10-06 02:00:00+02:00,2025-10-06,2,0,10,0,39608.325,39608.325,1302.0750000000044
2025-10-06 01:00:00+00:00,10.7325,41075.4,34272.825,4968.7,0.0,2025-10-06 03:00:00+02:00,2025-10-06,3,0,10,0,39241.524999999994,39241.524999999994,1833.8750000000073
2025-10-06 02:00:00+00:00,16.8,42540.175,33714.5,5294.075000000001,0.0,2025-10-06 04:00:00+02:00,2025-10-06,4,0,10,0,39008.575,39008.575,3531.600000000006
2025-10-06 03:00:00+00:00,22.6025,46783.7,32923.575,5520.65,0.0,2025-10-06 05:00:00+02:00,2025-10-06,5,0,10,0,38444.225,38444.225,8339.474999999999
2025-10-06 04:00:00+00:00,68.585,54576.275,32309.8,5561.9,0.0,2025-10-06 06:00:00+02:00,2025-10-06,6,0,10,0,37871.7,37871.7,16704.575000000004
2025-10-06 05:00:00+00:00,105.0525,60437.4,30815.85,5548.5,275.2,2025-10-06 07:00:00+02:00,2025-10-06,7,0,10,0,36364.35,36639.549999999996,23797.850000000006
2025-10-06 06:00:00+00:00,121.7675,63727.7,28844.65,5421.55,2771.05,2025-10-06 08:00:00+02:00,2025-10-06,8,0,10,0,34266.200000000004,37037.25000000001,26690.44999999999
2025-10-06 07:00:00+00:00,121.11749999999999,65316.55,26926.775,5164.224999999999,7077.3,2025-10-06 09:00:00+02:00,2025-10-06,9,0,10,0,32091.0,39168.3,26148.25
2025-10-06 08:00:00+00:00,100.5275,66482.475,25789.775,4811.775,11052.925,2025-10-06 10:00:00+02:00,2025-10-06,10,0,10,0,30601.550000000003,41654.475000000006,24828.0
2025-10-06 09:00:00+00:00,89.3025,66734.775,25641.1,4486.775,13591.975,2025-10-06 11:00:00+02:00,2025-10-06,11,0,10,0,30127.875,43719.85,23014.924999999996
2025-10-06 10:00:00+00:00,87.325,65942.175,25557.25,4267.325,14245.075,2025-10-06 12:00:00+02:00,2025-10-06,12,0,10,0,29824.575,44069.65,21872.525
2025-10-06 11:00:00+00:00,84.5975,64705.9,25064.65,4100.675,13434.575,2025-10-06 13:00:00+02:00,2025-10-06,13,0,10,0,29165.325,42599.9,22106.0
2025-10-06 12:00:00+00:00,92.3275,63173.675,24138.325,3910.25,11835.125,2025-10-06 14:00:00+02:00,2025-10-06,14,0,10,0,28048.575,39883.7,23289.975000000006
2025-10-06 13:00:00+00:00,94.5475,62005.85,22454.4,3726.375,9312.775,2025-10-06 15:00:00+02:00,2025-10-06,15,0,10,0,26180.775,35493.55,26512.299999999996
2025-10-06 14:00:00+00:00,104.77250000000001,61526.05,20340.075,3555.75,5938.0,2025-10-06 16:00:00+02:00,2025-10-06,16,0,10,0,23895.825,29833.825,31692.225000000002
2025-10-06 15:00:00+00:00,120.29,61819.725,18221.05,3307.85,2545.3,2025-10-06 17:00:00+02:00,2025-10-06,17,0,10,0,21528.899999999998,24074.199999999997,37745.525
2025-10-06 16:00:00+00:00,141.5875,62615.65,16763.05,3027.35,379.575,2025-10-06 18:00:00+02:00,2025-10-06,18,0,10,0,19790.399999999998,20169.975,42445.675
2025-10-06 17:00:00+00:00,168.315,62083.225,15744.949999999999,2758.925,3.525,2025-10-06 19:00:00+02:00,2025-10-06,19,0,10,0,18503.875,18507.4,43575.825
2025-10-06 18:00:00+00:00,133.6775,59589.925,14889.725,2438.3250000000003,0.0,2025-10-06 20:00:00+02:00,2025-10-06,20,0,10,0,17328.05,17328.05,42261.875
2025-10-06 19:00:00+00:00,120.2025,56423.05,13979.699999999999,2021.6,0.0,2025-10-06 21:00:00+02:00,2025-10-06,21,0,10,0,16001.3,16001.3,40421.75
2025-10-06 20:00:00+00:00,118.66499999999999,52732.55,12791.175,1629.925,0.0,2025-10-06 22:00:00+02:00,2025-10-06,22,0,10,0,14421.099999999999,14421.099999999999,38311.450000000004
2025-10-06 21:00:00+00:00,105.5,48917.375,11635.525,1317.1,0.0,2025-10-06 23:00:00+02:00,2025-10-06,23,0,10,0,12952.625,12952.625,35964.75
2025-10-06 22:00:00+00:00,100.2625,45603.9,9196.224999999999,916.6,0.0,2025-10-07 00:00:00+02:00,2025-10-07,0,1,10,0,10112.824999999999,10112.824999999999,35491.075000000004
2025-10-06 23:00:00+00:00,93.9875,44045.5,8210.725,837.7,0.0,2025-10-07 01:00:00+02:00,2025-10-07,1,1,10,0,9048.425000000001,9048.425000000001,34997.075
2025-10-07 00:00:00+00:00,89.8175,43296.5,7294.150000000001,803.4,0.0,2025-10-07 02:00:00+02:00,2025-10-07,2,1,10,0,8097.55,8097.55,35198.95
2025-10-07 01:00:00+00:00,89.55,43420.95,6453.424999999999,815.175,0.0,2025-10-07 03:00:00+02:00,2025-10-07,3,1,10,0,7268.599999999999,7268.599999999999,36152.35
2025-10-07 02:00:00+00:00,92.975,44535.975,5646.85,895.45,0.0,2025-10-07 04:00:00+02:00,2025-10-07,4,1,10,0,6542.3,6542.3,37993.674999999996
2025-10-07 03:00:00+00:00,96.74,47666.925,4936.55,1033.0,0.0,2025-10-07 05:00:00+02:00,2025-10-07,5,1,10,0,5969.55,5969.55,41697.375
2025-10-07 04:00:00+00:00,134.885,54077.45,4376.15,1163.075,0.0,2025-10-07 06:00:00+02:00,2025-10-07,6,1,10,0,5539.224999999999,5539.224999999999,48538.225
2025-10-07 05:00:00+00:00,228.555,59478.85,3900.225,1262.875,171.95,2025-10-07 07:00:00+02:00,2025-10-07,7,1,10,0,5163.1,5335.05,54143.799999999996
2025-10-07 06:00:00+00:00,287.67,62564.8,3553.55,1340.775,1528.45,2025-10-07 08:00:00+02:00,2025-10-07,8,1,10,0,4894.325000000001,6422.775000000001,56142.025
2025-10-07 07:00:00+00:00,212.1825,63983.95,3097.875,1525.25,3942.3500000000004,2025-10-07 09:00:00+02:00,2025-10-07,9,1,10,0,4623.125,8565.475,55418.475
2025-10-07 08:00:00+00:00,154.66,65185.2,2727.975,1843.75,6642.925,2025-10-07 10:00:00+02:00,2025-10-07,10,1,10,0,4571.725,11214.650000000001,53970.549999999996
2025-10-07 09:00:00+00:00,129.9075,65926.375,2620.375,2225.375,8983.425,2025-10-07 11:00:00+02:00,2025-10-07,11,1,10,0,4845.75,13829.175,52097.2
2025-10-07 10:00:00+00:00,110.94,65342.6,2848.6749999999997,2596.725,10595.675,2025-10-07 12:00:00+02:00,2025-10-07,12,1,10,0,5445.4,16041.074999999999,49301.525
2025-10-07 11:00:00+00:00,106.1825,64331.7,3186.6000000000004,2851.175,11083.8,2025-10-07 13:00:00+02:00,2025-10-07,13,1,10,0,6037.775000000001,17121.575,47210.125
2025-10-07 12:00:00+00:00,105.35249999999999,62644.05,3462.45,3061.8,10379.1,2025-10-07 14:00:00+02:00,2025-10-07,14,1,10,0,6524.25,16903.35,45740.700000000004
2025-10-07 13:00:00+00:00,113.16,61448.775,3636.85,3186.25,8536.15,2025-10-07 15:00:00+02:00,2025-10-07,15,1,10,0,6823.1,15359.25,46089.525
2025-10-07 14:00:00+00:00,122.105,60949.3,3699.7,3196.0,5679.975,2025-10-07 16:00:00+02:00,2025-10-07,16,1,10,0,6895.7,12575.675,48373.625
2025-10-07 15:00:00+00:00,151.84,61262.5,3835.525,3162.975,2587.525,2025-10-07 17:00:00+02:00,2025-10-07,17,1,10,0,6998.5,9586.025,51676.475
2025-10-07 16:00:00+00:00,202.41750000000002,62172.425,4230.475,3138.2,420.025,2025-10-07 18:00:00+02:00,2025-10-07,18,1,10,0,7368.675,7788.7,54383.725000000006
2025-10-07 17:00:00+00:00,213.28,61751.725000000006,4793.7,3125.8,11.225,2025-10-07 19:00:00+02:00,2025-10-07,19,1,10,0,7919.5,7930.725,53821.00000000001
2025-10-07 18:00:00+00:00,146.34,59054.875,5306.25,3116.75,0.0,2025-10-07 20:00:00+02:00,2025-10-07,20,1,10,0,8423.0,8423.0,50631.875
2025-10-07 19:00:00+00:00,123.2425,55756.15,5463.3,3126.325,0.0,2025-10-07 21:00:00+02:00,2025-10-07,21,1,10,0,8589.625,8589.625,47166.525
2025-10-07 20:00:00+00:00,107.4225,52226.175,5524.825,3108.7,0.0,2025-10-07 22:00:00+02:00,2025-10-07,22,1,10,0,8633.525,8633.525,43592.65
2025-10-07 21:00:00+00:00,97.4825,48697.6,5528.925,3020.25,0.0,2025-10-07 23:00:00+02:00,2025-10-07,23,1,10,0,8549.175,8549.175,40148.425
2025-10-07 22:00:00+00:00,93.4525,45884.675,6442.975,2889.3999999999996,0.0,2025-10-08 00:00:00+02:00,2025-10-08,0,2,10,0,9332.375,9332.375,36552.3
2025-10-07 23:00:00+00:00,88.4375,44483.85,6242.8,2815.25,0.0,2025-10-08 01:00:00+02:00,2025-10-08,1,2,10,0,9058.05,9058.05,35425.8
2025-10-08 00:00:00+00:00,87.56,43949.9,6072.325000000001,2791.55,0.0,2025-10-08 02:00:00+02:00,2025-10-08,2,2,10,0,8863.875,8863.875,35086.025
2025-10-08 01:00:00+00:00,86.975,44078.45,5907.5,2749.4,0.0,2025-10-08 03:00:00+02:00,2025-10-08,3,2,10,0,8656.9,8656.9,35421.549999999996
2025-10-08 02:00:00+00:00,89.6725,45314.775,5633.1,2658.8,0.0,2025-10-08 04:00:00+02:00,2025-10-08,4,2,10,0,8291.900000000001,8291.900000000001,37022.875
2025-10-08 03:00:00+00:00,97.395,48302.3,5339.05,2491.5,0.0,2025-10-08 05:00:00+02:00,2025-10-08,5,2,10,0,7830.55,7830.55,40471.75
2025-10-08 04:00:00+00:00,117.10749999999999,54705.15,5079.3,2243.425,0.0,2025-10-08 06:00:00+02:00,2025-10-08,6,2,10,0,7322.725,7322.725,47382.425
2025-10-08 05:00:00+00:00,155.58,60264.6,4845.4,1971.775,208.14999999999998,2025-10-08 07:00:00+02:00,2025-10-08,7,2,10,0,6817.174999999999,7025.324999999999,53239.275
2025-10-08 06:00:00+00:00,166.395,63327.475,4683.075,1721.575,2206.95,2025-10-08 08:00:00+02:00,2025-10-08,8,2,10,0,6404.65,8611.599999999999,54715.875
2025-10-08 07:00:00+00:00,135.17499999999998,64590.125,4283.575,1525.625,6129.95,2025-10-08 09:00:00+02:00,2025-10-08,9,2,10,0,5809.2,11939.15,52650.975
2025-10-08 08:00:00+00:00,118.44500000000001,65395.075,3773.425,1411.3,10901.225,2025-10-08 10:00:00+02:00,2025-10-08,10,2,10,0,5184.725,16085.95,49309.125
2025-10-08 09:00:00+00:00,103.325,65764.025,3492.6,1406.3,15113.75,2025-10-08 11:00:00+02:00,2025-10-08,11,2,10,0,4898.9,20012.65,45751.37499999999
2025-10-08 10:00:00+00:00,90.82249999999999,64974.4,3446.8500000000004,1483.7,17836.95,2025-10-08 12:00:00+02:00,2025-10-08,12,2,10,0,4930.55,22767.5,42206.9
2025-10-08 11:00:00+00:00,89.33500000000001,63848.1,3479.6,1589.2,18362.525,2025-10-08 13:00:00+02:00,2025-10-08,13,2,10,0,5068.8,23431.325,40416.774999999994
2025-10-08 12:00:00+00:00,90.4425,61985.775,3620.625,1680.475,16999.475000000002,2025-10-08 14:00:00+02:00,2025-10-08,14,2,10,0,5301.1,22300.575000000004,39685.2
2025-10-08 13:00:00+00:00,99.4275,60945.7,3616.625,1746.5500000000002,13891.725,2025-10-08 15:00:00+02:00,2025-10-08,15,2,10,0,5363.175,19254.9,41690.799999999996
2025-10-08 14:00:00+00:00,117.465,60422.275,3459.025,1770.975,9109.1,2025-10-08 16:00:00+02:00,2025-10-08,16,2,10,0,5230.0,14339.1,46083.175
2025-10-08 15:00:00+00:00,149.48000000000002,60887.875,3393.1,1779.675,3832.0,2025-10-08 17:00:00+02:00,2025-10-08,17,2,10,0,5172.775,9004.775,51883.1
2025-10-08 16:00:00+00:00,183.8075,61874.225,3655.05,1782.8,517.625,2025-10-08 18:00:00+02:00,2025-10-08,18,2,10,0,5437.85,5955.475,55918.75
2025-10-08 17:00:00+00:00,199.0025,61281.3,4134.075,1748.05,0.0,2025-10-08 19:00:00+02:00,2025-10-08,19,2,10,0,5882.125,5882.125,55399.175
2025-10-08 18:00:00+00:00,141.695,58671.175,4535.25,1699.525,0.0,2025-10-08 20:00:00+02:00,2025-10-08,20,2,10,0,6234.775,6234.775,52436.4
2025-10-08 19:00:00+00:00,114.74,55449.525,4669.35,1674.65,0.0,2025-10-08 21:00:00+02:00,2025-10-08,21,2,10,0,6344.0,6344.0,49105.525
2025-10-08 20:00:00+00:00,108.24000000000001,51977.375,4903.875,1704.8,0.0,2025-10-08 22:00:00+02:00,2025-10-08,22,2,10,0,6608.675,6608.675,45368.7
2025-10-08 21:00:00+00:00,97.83250000000001,48469.4,5160.675,1730.25,0.0,2025-10-08 23:00:00+02:00,2025-10-08,23,2,10,0,6890.925,6890.925,41578.475
2025-10-08 22:00:00+00:00,97.215,46094.75,4755.0,1531.725,0.0,2025-10-09 00:00:00+02:00,2025-10-09,0,3,10,0,6286.725,6286.725,39808.025
2025-10-08 23:00:00+00:00,92.5825,44329.1,4774.925,1520.425,0.0,2025-10-09 01:00:00+02:00,2025-10-09,1,3,10,0,6295.35,6295.35,38033.75
2025-10-09 00:00:00+00:00,93.2625,43742.325,4801.65,1526.6,0.0,2025-10-09 02:00:00+02:00,2025-10-09,2,3,10,0,6328.25,6328.25,37414.075
2025-10-09 01:00:00+00:00,90.8175,43924.2,4847.725,1585.875,0.0,2025-10-09 03:00:00+02:00,2025-10-09,3,3,10,0,6433.6,6433.6,37490.6
2025-10-09 02:00:00+00:00,92.7,45124.525,4911.725,1692.725,0.0,2025-10-09 04:00:00+02:00,2025-10-09,4,3,10,0,6604.450000000001,6604.450000000001,38520.075
2025-10-09 03:00:00+00:00,101.1525,48052.1,5043.5,1853.925,0.0,2025-10-09 05:00:00+02:00,2025-10-09,5,3,10,0,6897.425,6897.425,41154.674999999996
2025-10-09 04:00:00+00:00,125.58,54113.25,5176.225,2108.675,0.0,2025-10-09 06:00:00+02:00,2025-10-09,6,3,10,0,7284.900000000001,7284.900000000001,46828.35
2025-10-09 05:00:00+00:00,145.0,59511.9,5269.825,2463.1,215.775,2025-10-09 07:00:00+02:00,2025-10-09,7,3,10,0,7732.924999999999,7948.699999999999,51563.200000000004
2025-10-09 06:00:00+00:00,149.9,62935.925,5301.75,2859.125,2810.25,2025-10-09 08:00:00+02:00,2025-10-09,8,3,10,0,8160.875,10971.125,51964.8
2025-10-09 07:00:00+00:00,132.4875,64163.425,4938.35,3254.45,7742.275,2025-10-09 09:00:00+02:00,2025-10-09,9,3,10,0,8192.8,15935.074999999999,48228.350000000006
2025-10-09 08:00:00+00:00,109.6875,64919.075,4721.55,3725.325,13349.775,2025-10-09 10:00:00+02:00,2025-10-09,10,3,10,0,8446.875,21796.65,43122.424999999996
2025-10-09 09:00:00+00:00,96.9625,64854.05,5327.1,4255.525,17884.95,2025-10-09 11:00:00+02:00,2025-10-09,11,3,10,0,9582.625,27467.575,37386.475000000006
2025-10-09 10:00:00+00:00,91.02250000000001,64125.2,6671.675,4610.05,20144.575,2025-10-09 12:00:00+02:00,2025-10-09,12,3,10,0,11281.725,31426.300000000003,32698.899999999994
2025-10-09 11:00:00+00:00,83.3525,63294.225,8259.275,4898.75,20256.95,2025-10-09 13:00:00+02:00,2025-10-09,13,3,10,0,13158.025,33414.975,29879.25
2025-10-09 12:00:00+00:00,83.2,61755.775,9803.025,5231.825000000001,18764.975,2025-10-09 14:00:00+02:00,2025-10-09,14,3,10,0,15034.85,33799.825,27955.950000000004
2025-10-09 13:00:00+00:00,88.8275,60352.55,10867.6,5501.525,15370.5,2025-10-09 15:00:00+02:00,2025-10-09,15,3,10,0,16369.125,31739.625,28612.925000000003
2025-10-09 14:00:00+00:00,92.075,59591.95,11380.975,5704.825,10254.275,2025-10-09 16:00:00+02:00,2025-10-09,16,3,10,0,17085.8,27340.074999999997,32251.875
2025-10-09 15:00:00+00:00,110.00999999999999,60266.15,11715.825,5922.35,4348.425,2025-10-09 17:00:00+02:00,2025-10-09,17,3,10,0,17638.175000000003,21986.600000000002,38279.55
2025-10-09 16:00:00+00:00,122.9075,61384.025,12650.599999999999,6067.650000000001,534.2,2025-10-09 18:00:00+02:00,2025-10-09,18,3,10,0,18718.25,19252.45,42131.575
2025-10-09 17:00:00+00:00,123.1125,61166.5,14104.775000000001,6119.424999999999,0.0,2025-10-09 19:00:00+02:00,2025-10-09,19,3,10,0,20224.2,20224.2,40942.3
2025-10-09 18:00:00+00:00,112.3625,58450.075,15362.65,6112.075,0.0,2025-10-09 20:00:00+02:00,2025-10-09,20,3,10,0,21474.725,21474.725,36975.35
2025-10-09 19:00:00+00:00,98.0925,55360.825,16402.225,5996.1,0.0,2025-10-09 21:00:00+02:00,2025-10-09,21,3,10,0,22398.324999999997,22398.324999999997,32962.5
2025-10-09 20:00:00+00:00,96.83250000000001,51925.425,16861.45,5804.525,0.0,2025-10-09 22:00:00+02:00,2025-10-09,22,3,10,0,22665.975,22665.975,29259.450000000004
2025-10-09 21:00:00+00:00,88.7,48626.475,17339.1,5462.85,0.0,2025-10-09 23:00:00+02:00,2025-10-09,23,3,10,0,22801.949999999997,22801.949999999997,25824.525
2025-10-09 22:00:00+00:00,88.01,46029.825,17117.75,4843.5,0.0,2025-10-10 00:00:00+02:00,2025-10-10,0,4,10,0,21961.25,21961.25,24068.574999999997
2025-10-09 23:00:00+00:00,84.9675,44415.525,17407.8,4554.45,0.0,2025-10-10 01:00:00+02:00,2025-10-10,1,4,10,0,21962.25,21962.25,22453.275
2025-10-10 00:00:00+00:00,80.0875,43792.825,17527.725,4424.700000000001,0.0,2025-10-10 02:00:00+02:00,2025-10-10,2,4,10,0,21952.425,21952.425,21840.399999999998
2025-10-10 01:00:00+00:00,78.285,44003.350000000006,17564.775,4421.55,0.0,2025-10-10 03:00:00+02:00,2025-10-10,3,4,10,0,21986.325,21986.325,22017.025000000005
2025-10-10 02:00:00+00:00,79.21000000000001,45364.9,17260.925,4457.175,0.0,2025-10-10 04:00:00+02:00,2025-10-10,4,4,10,0,21718.1,21718.1,23646.800000000003
2025-10-10 03:00:00+00:00,86.0725,48608.425,16660.275,4515.25,0.0,2025-10-10 05:00:00+02:00,2025-10-10,5,4,10,0,21175.525,21175.525,27432.9
2025-10-10 04:00:00+00:00,102.6375,54855.225,16386.775,4562.049999999999,0.0,2025-10-10 06:00:00+02:00,2025-10-10,6,4,10,0,20948.825,20948.825,33906.399999999994
2025-10-10 05:00:00+00:00,119.325,60318.45,16000.925,4703.35,225.10000000000002,2025-10-10 07:00:00+02:00,2025-10-10,7,4,10,0,20704.275,20929.375,39389.075
2025-10-10 06:00:00+00:00,122.6125,63522.725,15269.25,4684.15,3609.3,2025-10-10 08:00:00+02:00,2025-10-10,8,4,10,0,19953.4,23562.7,39960.024999999994
2025-10-10 07:00:00+00:00,107.765,64844.725,14198.025,4440.425,10071.925,2025-10-10 09:00:00+02:00,2025-10-10,9,4,10,0,18638.45,28710.375,36134.35
2025-10-10 08:00:00+00:00,93.0075,65694.825,13717.875,4063.7,16621.475000000002,2025-10-10 10:00:00+02:00,2025-10-10,10,4,10,0,17781.575,34403.05,31291.774999999994
2025-10-10 09:00:00+00:00,82.1175,66245.15,14140.8,3581.525,21358.2,2025-10-10 11:00:00+02:00,2025-10-10,11,4,10,0,17722.325,39080.525,27164.624999999993
2025-10-10 10:00:00+00:00,77.5325,65740.7,14177.0,3235.125,23384.675,2025-10-10 12:00:00+02:00,2025-10-10,12,4,10,0,17412.125,40796.8,24943.899999999994
2025-10-10 11:00:00+00:00,75.69,64119.35,13881.35,3160.475,23023.6,2025-10-10 13:00:00+02:00,2025-10-10,13,4,10,0,17041.825,40065.425,24053.924999999996
2025-10-10 12:00:00+00:00,77.2575,62549.425,14047.0,3211.8,20966.8,2025-10-10 14:00:00+02:00,2025-10-10,14,4,10,0,17258.8,38225.6,24323.825000000004
2025-10-10 13:00:00+00:00,88.89500000000001,61155.575,14050.65,3301.1,16991.325,2025-10-10 15:00:00+02:00,2025-10-10,15,4,10,0,17351.75,34343.075,26812.5
2025-10-10 14:00:00+00:00,97.8575,60630.575,13666.0,3423.575,11077.175,2025-10-10 16:00:00+02:00,2025-10-10,16,4,10,0,17089.575,28166.75,32463.824999999997
2025-10-10 15:00:00+00:00,118.2,60962.1,13166.35,3534.0,4492.775,2025-10-10 17:00:00+02:00,2025-10-10,17,4,10,0,16700.35,21193.125,39768.975
2025-10-10 16:00:00+00:00,120.605,60758.725,13283.75,3633.875,523.1999999999999,2025-10-10 18:00:00+02:00,2025-10-10,18,4,10,0,16917.625,17440.825,43317.899999999994
2025-10-10 17:00:00+00:00,123.29,60205.325,13864.35,3730.925,0.0,2025-10-10 19:00:00+02:00,2025-10-10,19,4,10,0,17595.275,17595.275,42610.049999999996
2025-10-10 18:00:00+00:00,115.38999999999999,57090.1,14280.85,3811.025,0.0,2025-10-10 20:00:00+02:00,2025-10-10,20,4,10,0,18091.875,18091.875,38998.225
2025-10-10 19:00:00+00:00,103.915,53857.8,14447.9,3925.3,0.0,2025-10-10 21:00:00+02:00,2025-10-10,21,4,10,0,18373.2,18373.2,35484.600000000006
2025-10-10 20:00:00+00:00,97.7375,50619.675,14143.175,4143.425,0.0,2025-10-10 22:00:00+02:00,2025-10-10,22,4,10,0,18286.6,18286.6,32333.075000000004
2025-10-10 21:00:00+00:00,93.35,47451.85,13905.35,4336.825,0.0,2025-10-10 23:00:00+02:00,2025-10-10,23,4,10,0,18242.175,18242.175,29209.675
2025-10-10 22:00:00+00:00,92.9675,44036.225,13097.725,4604.4,0.0,2025-10-11 00:00:00+02:00,2025-10-11,0,5,10,1,17702.125,17702.125,26334.1
2025-10-10 23:00:00+00:00,88.83500000000001,42174.275,12759.275,4307.75,0.0,2025-10-11 01:00:00+02:00,2025-10-11,1,5,10,1,17067.025,17067.025,25107.25
2025-10-11 00:00:00+00:00,87.3875,41296.9,12468.375,3976.075,0.0,2025-10-11 02:00:00+02:00,2025-10-11,2,5,10,1,16444.45,16444.45,24852.45
2025-10-11 01:00:00+00:00,84.175,41102.275,12369.05,3761.075,0.0,2025-10-11 03:00:00+02:00,2025-10-11,3,5,10,1,16130.125,16130.125,24972.15
2025-10-11 02:00:00+00:00,82.0275,41319.1,12267.550000000001,3704.775,0.0,2025-10-11 04:00:00+02:00,2025-10-11,4,5,10,1,15972.325,15972.325,25346.774999999998
2025-10-11 03:00:00+00:00,84.755,41572.1,12188.7,3639.3,0.0,2025-10-11 05:00:00+02:00,2025-10-11,5,5,10,1,15828.0,15828.0,25744.1
2025-10-11 04:00:00+00:00,90.265,42903.325,12302.325,3554.075,0.0,2025-10-11 06:00:00+02:00,2025-10-11,6,5,10,1,15856.400000000001,15856.400000000001,27046.924999999996
2025-10-11 05:00:00+00:00,96.7525,45698.924999999996,12173.0,3512.6,164.125,2025-10-11 07:00:00+02:00,2025-10-11,7,5,10,1,15685.6,15849.725,29849.199999999997
2025-10-11 06:00:00+00:00,100.4,49464.825,11750.5,3427.45,2683.1,2025-10-11 08:00:00+02:00,2025-10-11,8,5,10,1,15177.95,17861.05,31603.774999999998
2025-10-11 07:00:00+00:00,92.96,52606.75,11267.8,3238.0,7668.875,2025-10-11 09:00:00+02:00,2025-10-11,9,5,10,1,14505.8,22174.675,30432.075
2025-10-11 08:00:00+00:00,82.4325,54457.85,11174.45,3014.5,13104.55,2025-10-11 10:00:00+02:00,2025-10-11,10,5,10,1,14188.95,27293.5,27164.35
2025-10-11 09:00:00+00:00,74.02,55351.375,11494.5,2788.3999999999996,17438.45,2025-10-11 11:00:00+02:00,2025-10-11,11,5,10,1,14282.9,31721.35,23630.025
2025-10-11 10:00:00+00:00,55.417500000000004,54799.25,11665.075,2668.325,19683.2,2025-10-11 12:00:00+02:00,2025-10-11,12,5,10,1,14333.400000000001,34016.600000000006,20782.649999999994
2025-10-11 11:00:00+00:00,46.7725,53227.7,11653.525000000001,2595.725,20146.125,2025-10-11 13:00:00+02:00,2025-10-11,13,5,10,1,14249.250000000002,34395.375,18832.324999999997
2025-10-11 12:00:00+00:00,51.03,52103.65,11773.975,2559.05,18778.15,2025-10-11 14:00:00+02:00,2025-10-11,14,5,10,1,14333.025000000001,33111.175,18992.475
2025-10-11 13:00:00+00:00,76.9425,51513.100000000006,11610.575,2560.875,15241.849999999999,2025-10-11 15:00:00+02:00,2025-10-11,15,5,10,1,14171.45,29413.3,22099.800000000007
2025-10-11 14:00:00+00:00,83.65,51633.775,10771.625,2694.275,9818.75,2025-10-11 16:00:00+02:00,2025-10-11,16,5,10,1,13465.9,23284.65,28349.125
2025-10-11 15:00:00+00:00,114.005,52957.525,9578.775,2841.15,3864.725,2025-10-11 17:00:00+02:00,2025-10-11,17,5,10,1,12419.925,16284.65,36672.875
2025-10-11 16:00:00+00:00,126.4375,54070.975,8895.75,2847.325,410.275,2025-10-11 18:00:00+02:00,2025-10-11,18,5,10,1,11743.075,12153.35,41917.625
2025-10-11 17:00:00+00:00,130.1725,53024.325,8685.5,2797.225,0.0,2025-10-11 19:00:00+02:00,2025-10-11,19,5,10,1,11482.725,11482.725,41541.6
2025-10-11 18:00:00+00:00,120.63499999999999,50459.825,8415.25,2729.05,0.0,2025-10-11 20:00:00+02:00,2025-10-11,20,5,10,1,11144.3,11144.3,39315.524999999994
2025-10-11 19:00:00+00:00,112.545,48100.4,7922.375,2706.225,0.0,2025-10-11 21:00:00+02:00,2025-10-11,21,5,10,1,10628.6,10628.6,37471.8
2025-10-11 20:00:00+00:00,106.9075,45665.625,7435.275,2675.475,0.0,2025-10-11 22:00:00+02:00,2025-10-11,22,5,10,1,10110.75,10110.75,35554.875
2025-10-11 21:00:00+00:00,95.0975,43084.15,7222.675,2614.725,0.0,2025-10-11 23:00:00+02:00,2025-10-11,23,5,10,1,9837.4,9837.4,33246.75
2025-10-11 22:00:00+00:00,96.1775,41572.525,7241.225,2129.95,0.0,2025-10-12 00:00:00+02:00,2025-10-12,0,6,10,1,9371.175,9371.175,32201.350000000002
2025-10-11 23:00:00+00:00,92.16749999999999,39832.15,7438.825,2338.7,0.0,2025-10-12 01:00:00+02:00,2025-10-12,1,6,10,1,9777.525,9777.525,30054.625
2025-10-12 00:00:00+00:00,88.86,38908.3,7748.975,2710.6,0.0,2025-10-12 02:00:00+02:00,2025-10-12,2,6,10,1,10459.575,10459.575,28448.725000000002
2025-10-12 01:00:00+00:00,85.13,38838.675,8339.325,3238.925,0.0,2025-10-12 03:00:00+02:00,2025-10-12,3,6,10,1,11578.25,11578.25,27260.425000000003
2025-10-12 02:00:00+00:00,86.4125,39369.5,9107.075,3826.35,0.0,2025-10-12 04:00:00+02:00,2025-10-12,4,6,10,1,12933.425000000001,12933.425000000001,26436.074999999997
2025-10-12 03:00:00+00:00,86.6575,40603.4,9802.400000000001,4357.975,0.0,2025-10-12 05:00:00+02:00,2025-10-12,5,6,10,1,14160.375000000002,14160.375000000002,26443.025
2025-10-12 04:00:00+00:00,88.3,42696.525,10525.775,4748.675,0.0,2025-10-12 06:00:00+02:00,2025-10-12,6,6,10,1,15274.45,15274.45,27422.075
2025-10-12 05:00:00+00:00,89.1725,44970.275,10947.95,4916.174999999999,118.45,2025-10-12 07:00:00+02:00,2025-10-12,7,6,10,1,15864.125,15982.575,28987.7
2025-10-12 06:00:00+00:00,88.66,47882.575,11105.225,4832.2,2134.375,2025-10-12 08:00:00+02:00,2025-10-12,8,6,10,1,15937.425,18071.8,29810.774999999998
2025-10-12 07:00:00+00:00,83.0625,50783.4,11062.125,4573.45,6537.2,2025-10-12 09:00:00+02:00,2025-10-12,9,6,10,1,15635.575,22172.775,28610.625
2025-10-12 08:00:00+00:00,76.205,52947.125,10967.4,4244.6,11439.85,2025-10-12 10:00:00+02:00,2025-10-12,10,6,10,1,15212.0,26651.85,26295.275
2025-10-12 09:00:00+00:00,71.9,53871.3,11088.7,3954.55,14977.4,2025-10-12 11:00:00+02:00,2025-10-12,11,6,10,1,15043.25,30020.65,23850.65
2025-10-12 10:00:00+00:00,66.8875,53661.275,11290.075,3669.025,16316.475,2025-10-12 12:00:00+02:00,2025-10-12,12,6,10,1,14959.1,31275.575,22385.7
2025-10-12 11:00:00+00:00,52.16,52233.125,11379.275,3490.65,16210.8,2025-10-12 13:00:00+02:00,2025-10-12,13,6,10,1,14869.925,31080.725,21152.4
2025-10-12 12:00:00+00:00,62.475,50805.25,11410.125,3379.175,14693.625,2025-10-12 14:00:00+02:00,2025-10-12,14,6,10,1,14789.3,29482.925,21322.325
2025-10-12 13:00:00+00:00,79.985,50146.15,10959.025,3365.4,11809.900000000001,2025-10-12 15:00:00+02:00,2025-10-12,15,6,10,1,14324.425,26134.325,24011.825
2025-10-12 14:00:00+00:00,88.0025,50363.9,10070.05,3338.925,7535.0,2025-10-12 16:00:00+02:00,2025-10-12,16,6,10,1,13408.974999999999,20943.975,29419.925000000003
2025-10-12 15:00:00+00:00,105.55,52182.35,9102.725,3272.275,3005.175,2025-10-12 17:00:00+02:00,2025-10-12,17,6,10,1,12375.0,15380.175,36802.175
2025-10-12 16:00:00+00:00,108.9,53700.775,8542.025,3096.95,314.55,2025-10-12 18:00:00+02:00,2025-10-12,18,6,10,1,11638.974999999999,11953.524999999998,41747.25
2025-10-12 17:00:00+00:00,116.64,53788.975,8079.575,2804.0249999999996,0.0,2025-10-12 19:00:00+02:00,2025-10-12,19,6,10,1,10883.599999999999,10883.599999999999,42905.375
2025-10-12 18:00:00+00:00,115.5275,52130.4,7391.225,2474.275,0.0,2025-10-12 20:00:00+02:00,2025-10-12,20,6,10,1,9865.5,9865.5,42264.9
2025-10-12 19:00:00+00:00,110.44749999999999,50170.525,6386.75,2180.3,0.0,2025-10-12 21:00:00+02:00,2025-10-12,21,6,10,1,8567.05,8567.05,41603.475000000006
2025-10-12 20:00:00+00:00,107.78999999999999,48131.4,5450.15,1977.075,0.0,2025-10-12 22:00:00+02:00,2025-10-12,22,6,10,1,7427.224999999999,7427.224999999999,40704.175
2025-10-12 21:00:00+00:00,93.445,45610.9,4737.925,1778.375,0.0,2025-10-12 23:00:00+02:00,2025-10-12,23,6,10,1,6516.3,6516.3,39094.6
2025-10-12 22:00:00+00:00,93.4525,43184.825,3706.775,1862.45,0.0,2025-10-13 00:00:00+02:00,2025-10-13,0,0,10,0,5569.225,5569.225,37615.6
2025-10-12 23:00:00+00:00,90.26,41864.875,3171.45,1706.45,0.0,2025-10-13 01:00:00+02:00,2025-10-13,1,0,10,0,4877.9,4877.9,36986.975
2025-10-13 00:00:00+00:00,90.8325,41271.375,2815.1,1576.975,0.0,2025-10-13 02:00:00+02:00,2025-10-13,2,0,10,0,4392.075,4392.075,36879.3
2025-10-13 01:00:00+00:00,89.1225,41451.525,2481.85,1445.425,0.0,2025-10-13 03:00:00+02:00,2025-10-13,3,0,10,0,3927.2749999999996,3927.2749999999996,37524.25
2025-10-13 02:00:00+00:00,93.4525,42666.45,2188.45,1294.425,0.0,2025-10-13 04:00:00+02:00,2025-10-13,4,0,10,0,3482.875,3482.875,39183.575
2025-10-13 03:00:00+00:00,98.095,46535.625,1984.9,1169.575,0.0,2025-10-13 05:00:00+02:00,2025-10-13,5,0,10,0,3154.4750000000004,3154.4750000000004,43381.15
2025-10-13 04:00:00+00:00,131.41,54337.775,1806.85,1078.675,0.0,2025-10-13 06:00:00+02:00,2025-10-13,6,0,10,0,2885.5249999999996,2885.5249999999996,51452.25
2025-10-13 05:00:00+00:00,218.6375,60507.75,1671.975,1012.85,129.375,2025-10-13 07:00:00+02:00,2025-10-13,7,0,10,0,2684.825,2814.2,57693.55
2025-10-13 06:00:00+00:00,199.5575,63891.925,1598.775,905.65,2577.05,2025-10-13 08:00:00+02:00,2025-10-13,8,0,10,0,2504.425,5081.475,58810.450000000004
2025-10-13 07:00:00+00:00,150.185,65005.95,1344.35,747.45,7720.35,2025-10-13 09:00:00+02:00,2025-10-13,9,0,10,0,2091.8,9812.150000000001,55193.799999999996
2025-10-13 08:00:00+00:00,125.0975,66086.05,1027.7,591.5,13785.275,2025-10-13 10:00:00+02:00,2025-10-13,10,0,10,0,1619.2,15404.475,50681.575000000004
2025-10-13 09:00:00+00:00,110.0,66563.2,901.4000000000001,496.525,18961.275,2025-10-13 11:00:00+02:00,2025-10-13,11,0,10,0,1397.9250000000002,20359.2,46204.0
2025-10-13 10:00:00+00:00,95.1,66206.22499999999,922.15,497.875,22166.2,2025-10-13 12:00:00+02:00,2025-10-13,12,0,10,0,1420.025,23586.225000000002,42619.999999999985
2025-10-13 11:00:00+00:00,89.8575,65170.6,999.35,526.175,23277.1,2025-10-13 13:00:00+02:00,2025-10-13,13,0,10,0,1525.525,24802.625,40367.975
2025-10-13 12:00:00+00:00,92.0975,63634.525,1145.7,546.325,22059.45,2025-10-13 14:00:00+02:00,2025-10-13,14,0,10,0,1692.025,23751.475000000002,39883.05
2025-10-13 13:00:00+00:00,101.8425,62467.65,1333.5,617.0749999999999,18101.3,2025-10-13 15:00:00+02:00,2025-10-13,15,0,10,0,1950.5749999999998,20051.875,42415.775
2025-10-13 14:00:00+00:00,117.9025,61661.475,1671.75,763.975,12663.0,2025-10-13 16:00:00+02:00,2025-10-13,16,0,10,0,2435.725,15098.725,46562.75
2025-10-13 15:00:00+00:00,180.6,61588.200000000004,1792.525,974.3,5622.8,2025-10-13 17:00:00+02:00,2025-10-13,17,0,10,0,2766.825,8389.625,53198.575000000004
2025-10-13 16:00:00+00:00,305.74,62957.05,2272.475,1195.95,451.425,2025-10-13 18:00:00+02:00,2025-10-13,18,0,10,0,3468.425,3919.8500000000004,59037.200000000004
2025-10-13 17:00:00+00:00,306.575,62719.2,2907.575,1362.075,0.0,2025-10-13 19:00:00+02:00,2025-10-13,19,0,10,0,4269.65,4269.65,58449.549999999996
2025-10-13 18:00:00+00:00,186.9525,60184.75,3159.1,1445.85,0.0,2025-10-13 20:00:00+02:00,2025-10-13,20,0,10,0,4604.95,4604.95,55579.8
2025-10-13 19:00:00+00:00,137.175,56646.575,3000.675,1441.7,0.0,2025-10-13 21:00:00+02:00,2025-10-13,21,0,10,0,4442.375,4442.375,52204.2
2025-10-13 20:00:00+00:00,121.9875,52840.625,2804.9249999999997,1408.0,0.0,2025-10-13 22:00:00+02:00,2025-10-13,22,0,10,0,4212.924999999999,4212.924999999999,48627.7
2025-10-13 21:00:00+00:00,111.275,49101.65,2640.625,1406.325,0.0,2025-10-13 23:00:00+02:00,2025-10-13,23,0,10,0,4046.95,4046.95,45054.700000000004
2025-10-13 22:00:00+00:00,109.1825,46708.100000000006,3101.95,1803.675,0.0,2025-10-14 00:00:00+02:00,2025-10-14,0,1,10,0,4905.625,4905.625,41802.475000000006
2025-10-13 23:00:00+00:00,103.015,44875.25,3458.55,2039.125,0.0,2025-10-14 01:00:00+02:00,2025-10-14,1,1,10,0,5497.675,5497.675,39377.575
2025-10-14 00:00:00+00:00,99.52,43789.575,3884.875,2371.825,0.0,2025-10-14 02:00:00+02:00,2025-10-14,2,1,10,0,6256.7,6256.7,37532.875
2025-10-14 01:00:00+00:00,98.8675,44014.65,4332.975,2729.75,0.0,2025-10-14 03:00:00+02:00,2025-10-14,3,1,10,0,7062.725,7062.725,36951.925
2025-10-14 02:00:00+00:00,100.0475,45146.325,4880.55,3010.025,0.0,2025-10-14 04:00:00+02:00,2025-10-14,4,1,10,0,7890.575000000001,7890.575000000001,37255.75
2025-10-14 03:00:00+00:00,101.44749999999999,48080.05,5438.775,3235.15,0.0,2025-10-14 05:00:00+02:00,2025-10-14,5,1,10,0,8673.925,8673.925,39406.125
2025-10-14 04:00:00+00:00,123.29249999999999,54361.174999999996,5909.4,3430.3,0.0,2025-10-14 06:00:00+02:00,2025-10-14,6,1,10,0,9339.7,9339.7,45021.47499999999
2025-10-14 05:00:00+00:00,160.195,60048.1,6090.475,3640.25,111.77499999999999,2025-10-14 07:00:00+02:00,2025-10-14,7,1,10,0,9730.725,9842.5,50205.6
2025-10-14 06:00:00+00:00,190.82,63217.425,6003.3,3747.825,2538.7250000000004,2025-10-14 08:00:00+02:00,2025-10-14,8,1,10,0,9751.125,12289.85,50927.575000000004
2025-10-14 07:00:00+00:00,156.445,64116.325,5386.15,3716.425,7996.2,2025-10-14 09:00:00+02:00,2025-10-14,9,1,10,0,9102.575,17098.775,47017.549999999996
2025-10-14 08:00:00+00:00,134.725,64995.05,4719.775,3434.525,13981.525,2025-10-14 10:00:00+02:00,2025-10-14,10,1,10,0,8154.299999999999,22135.824999999997,42859.225000000006
2025-10-14 09:00:00+00:00,119.845,65535.2,4525.175,3091.625,18318.95,2025-10-14 11:00:00+02:00,2025-10-14,11,1,10,0,7616.8,25935.75,39599.45
2025-10-14 10:00:00+00:00,107.64750000000001,65048.975,4431.45,2883.65,20234.35,2025-10-14 12:00:00+02:00,2025-10-14,12,1,10,0,7315.1,27549.449999999997,37499.525
2025-10-14 11:00:00+00:00,102.9975,63914.425,4308.425,2852.275,20132.875,2025-10-14 13:00:00+02:00,2025-10-14,13,1,10,0,7160.700000000001,27293.575,36620.850000000006
2025-10-14 12:00:00+00:00,105.265,62421.475,4232.9,2804.025,18357.024999999998,2025-10-14 14:00:00+02:00,2025-10-14,14,1,10,0,7036.924999999999,25393.949999999997,37027.525
2025-10-14 13:00:00+00:00,122.275,61174.525,4064.8,2653.925,14817.35,2025-10-14 15:00:00+02:00,2025-10-14,15,1,10,0,6718.725,21536.075,39638.45
2025-10-14 14:00:00+00:00,146.6,60694.3,3745.05,2429.05,9446.8,2025-10-14 16:00:00+02:00,2025-10-14,16,1,10,0,6174.1,15620.9,45073.4
2025-10-14 15:00:00+00:00,219.195,60883.725,3396.925,2239.45,3486.35,2025-10-14 17:00:00+02:00,2025-10-14,17,1,10,0,5636.375,9122.725,51761.0
2025-10-14 16:00:00+00:00,404.9575,62108.225,3287.05,2057.825,284.425,2025-10-14 18:00:00+02:00,2025-10-14,18,1,10,0,5344.875,5629.3,56478.924999999996
2025-10-14 17:00:00+00:00,407.205,61808.95,3305.05,1866.625,0.0,2025-10-14 19:00:00+02:00,2025-10-14,19,1,10,0,5171.675,5171.675,56637.274999999994
2025-10-14 18:00:00+00:00,225.48,59035.6,3122.15,1683.425,0.0,2025-10-14 20:00:00+02:00,2025-10-14,20,1,10,0,4805.575,4805.575,54230.025
2025-10-14 19:00:00+00:00,163.04,55752.925,2680.2,1525.6750000000002,0.0,2025-10-14 21:00:00+02:00,2025-10-14,21,1,10,0,4205.875,4205.875,51547.05
2025-10-14 20:00:00+00:00,129.85750000000002,52299.4,2266.875,1374.45,0.0,2025-10-14 22:00:00+02:00,2025-10-14,22,1,10,0,3641.325,3641.325,48658.075000000004
2025-10-14 21:00:00+00:00,115.36,48833.5,1890.7,1174.1,0.0,2025-10-14 23:00:00+02:00,2025-10-14,23,1,10,0,3064.8,3064.8,45768.7
2025-10-14 22:00:00+00:00,115.4625,46287.7,1675.325,1140.05,0.0,2025-10-15 00:00:00+02:00,2025-10-15,0,2,10,0,2815.375,2815.375,43472.325
2025-10-14 23:00:00+00:00,111.865,44799.875,1423.925,1124.95,0.0,2025-10-15 01:00:00+02:00,2025-10-15,1,2,10,0,2548.875,2548.875,42251.0
2025-10-15 00:00:00+00:00,107.68,44061.25,1287.175,1146.75,0.0,2025-10-15 02:00:00+02:00,2025-10-15,2,2,10,0,2433.925,2433.925,41627.325
2025-10-15 01:00:00+00:00,103.6175,44280.125,1202.825,1239.725,0.0,2025-10-15 03:00:00+02:00,2025-10-15,3,2,10,0,2442.55,2442.55,41837.575
2025-10-15 02:00:00+00:00,106.48,45662.975,1146.925,1342.35,0.0,2025-10-15 04:00:00+02:00,2025-10-15,4,2,10,0,2489.2749999999996,2489.2749999999996,43173.7
2025-10-15 03:00:00+00:00,114.3975,48524.125,1100.25,1468.575,0.0,2025-10-15 05:00:00+02:00,2025-10-15,5,2,10,0,2568.825,2568.825,45955.3
2025-10-15 04:00:00+00:00,151.96,54769.774999999994,1094.525,1555.8,0.0,2025-10-15 06:00:00+02:00,2025-10-15,6,2,10,0,2650.325,2650.325,52119.45
2025-10-15 05:00:00+00:00,278.74,60815.575,1126.475,1646.475,93.875,2025-10-15 07:00:00+02:00,2025-10-15,7,2,10,0,2772.95,2866.825,57948.75
2025-10-15 06:00:00+00:00,276.1975,63971.675,1235.35,1677.775,2066.0,2025-10-15 08:00:00+02:00,2025-10-15,8,2,10,0,2913.125,4979.125,58992.55
2025-10-15 07:00:00+00:00,181.0525,64843.05,1227.55,1684.3,6435.5,2025-10-15 09:00:00+02:00,2025-10-15,9,2,10,0,2911.85,9347.35,55495.700000000004
2025-10-15 08:00:00+00:00,142.3575,65394.975,1198.0,1724.675,11483.525,2025-10-15 10:00:00+02:00,2025-10-15,10,2,10,0,2922.675,14406.2,50988.774999999994
2025-10-15 09:00:00+00:00,126.105,65801.225,1341.075,1802.375,15696.2,2025-10-15 11:00:00+02:00,2025-10-15,11,2,10,0,3143.45,18839.65,46961.575000000004
2025-10-15 10:00:00+00:00,119.425,65093.125,1579.325,1936.925,18043.75,2025-10-15 12:00:00+02:00,2025-10-15,12,2,10,0,3516.25,21560.0,43533.125
2025-10-15 11:00:00+00:00,112.8775,63844.075000000004,1915.4,2117.35,18250.625,2025-10-15 13:00:00+02:00,2025-10-15,13,2,10,0,4032.75,22283.375,41560.700000000004
2025-10-15 12:00:00+00:00,115.39250000000001,62147.35,2434.675,2310.3,16793.325,2025-10-15 14:00:00+02:00,2025-10-15,14,2,10,0,4744.975,21538.300000000003,40609.049999999996
2025-10-15 13:00:00+00:00,122.64250000000001,60965.475,2968.0,2507.975,13374.25,2025-10-15 15:00:00+02:00,2025-10-15,15,2,10,0,5475.975,18850.225,42115.25
2025-10-15 14:00:00+00:00,135.6925,60377.15,3288.45,2694.6,8369.4,2025-10-15 16:00:00+02:00,2025-10-15,16,2,10,0,5983.049999999999,14352.449999999999,46024.700000000004
2025-10-15 15:00:00+00:00,170.0,60687.275,3361.375,2959.4500000000003,2987.425,2025-10-15 17:00:00+02:00,2025-10-15,17,2,10,0,6320.825000000001,9308.25,51379.025
2025-10-15 16:00:00+00:00,221.8775,61914.2,3757.8,3251.25,219.45,2025-10-15 18:00:00+02:00,2025-10-15,18,2,10,0,7009.05,7228.5,54685.7
2025-10-15 17:00:00+00:00,220.0,61666.25,4427.900000000001,3514.575,0.0,2025-10-15 19:00:00+02:00,2025-10-15,19,2,10,0,7942.475,7942.475,53723.775
2025-10-15 18:00:00+00:00,152.845,59056.375,4986.15,3737.025,0.0,2025-10-15 20:00:00+02:00,2025-10-15,20,2,10,0,8723.175,8723.175,50333.2
2025-10-15 19:00:00+00:00,124.3425,55739.6,5315.35,4017.675,0.0,2025-10-15 21:00:00+02:00,2025-10-15,21,2,10,0,9333.025000000001,9333.025000000001,46406.575
2025-10-15 20:00:00+00:00,98.21,52266.975,5596.775,4297.125,0.0,2025-10-15 22:00:00+02:00,2025-10-15,22,2,10,0,9893.9,9893.9,42373.075
2025-10-15 21:00:00+00:00,88.17,48858.55,5939.825,4463.375,0.0,2025-10-15 23:00:00+02:00,2025-10-15,23,2,10,0,10403.2,10403.2,38455.350000000006
2025-10-15 22:00:00+00:00,88.16499999999999,45660.125,6501.725,4923.325,0.0,2025-10-16 00:00:00+02:00,2025-10-16,0,3,10,0,11425.05,11425.05,34235.075
2025-10-15 23:00:00+00:00,85.8075,43869.325000000004,6968.799999999999,5070.65,0.0,2025-10-16 01:00:00+02:00,2025-10-16,1,3,10,0,12039.449999999999,12039.449999999999,31829.875000000007
2025-10-16 00:00:00+00:00,88.0,43096.1,7391.225,5152.575,0.0,2025-10-16 02:00:00+02:00,2025-10-16,2,3,10,0,12543.8,12543.8,30552.3
2025-10-16 01:00:00+00:00,86.655,43180.275,7734.575,5211.275,0.0,2025-10-16 03:00:00+02:00,2025-10-16,3,3,10,0,12945.849999999999,12945.849999999999,30234.425000000003
2025-10-16 02:00:00+00:00,88.335,44186.075,7968.125,5343.125,0.0,2025-10-16 04:00:00+02:00,2025-10-16,4,3,10,0,13311.25,13311.25,30874.824999999997
2025-10-16 03:00:00+00:00,85.045,47215.6,8127.6,5433.575,0.0,2025-10-16 05:00:00+02:00,2025-10-16,5,3,10,0,13561.175,13561.175,33654.425
2025-10-16 04:00:00+00:00,96.1925,53469.325,8407.575,5327.975,0.0,2025-10-16 06:00:00+02:00,2025-10-16,6,3,10,0,13735.550000000001,13735.550000000001,39733.774999999994
2025-10-16 05:00:00+00:00,116.1225,59291.825,8675.55,5217.875,75.4,2025-10-16 07:00:00+02:00,2025-10-16,7,3,10,0,13893.425,13968.824999999999,45323.0
2025-10-16 06:00:00+00:00,132.76749999999998,62869.775,8890.125,5143.875,1986.3249999999998,2025-10-16 08:00:00+02:00,2025-10-16,8,3,10,0,14034.0,16020.325,46849.45
2025-10-16 07:00:00+00:00,119.93,64243.275,8828.025,4950.3,6362.349999999999,2025-10-16 09:00:00+02:00,2025-10-16,9,3,10,0,13778.325,20140.675,44102.600000000006
2025-10-16 08:00:00+00:00,92.2375,65536.45,8917.875,4638.775,11304.3,2025-10-16 10:00:00+02:00,2025-10-16,10,3,10,0,13556.65,24860.949999999997,40675.5
2025-10-16 09:00:00+00:00,88.3075,66257.125,9525.25,4440.549999999999,15508.199999999999,2025-10-16 11:00:00+02:00,2025-10-16,11,3,10,0,13965.8,29474.0,36783.125
2025-10-16 10:00:00+00:00,83.4025,66056.65,10080.875,4250.95,18157.725,2025-10-16 12:00:00+02:00,2025-10-16,12,3,10,0,14331.825,32489.55,33567.09999999999
2025-10-16 11:00:00+00:00,81.47500000000001,65290.775,10591.2,4132.925,18531.6,2025-10-16 13:00:00+02:00,2025-10-16,13,3,10,0,14724.125,33255.725,32035.050000000003
2025-10-16 12:00:00+00:00,82.98,63555.0,11143.325,4129.9,16909.0,2025-10-16 14:00:00+02:00,2025-10-16,14,3,10,0,15273.225,32182.225,31372.775
2025-10-16 13:00:00+00:00,83.0275,61796.55,11400.95,4223.1,13446.125,2025-10-16 15:00:00+02:00,2025-10-16,15,3,10,0,15624.050000000001,29070.175000000003,32726.375
2025-10-16 14:00:00+00:00,89.0275,60632.299999999996,11085.85,4397.05,8409.75,2025-10-16 16:00:00+02:00,2025-10-16,16,3,10,0,15482.900000000001,23892.65,36739.649999999994
2025-10-16 15:00:00+00:00,120.91499999999999,60975.325,10436.925,4600.525,2948.975,2025-10-16 17:00:00+02:00,2025-10-16,17,3,10,0,15037.449999999999,17986.425,42988.899999999994
2025-10-16 16:00:00+00:00,130.0,61976.2,10388.3,4827.7,220.20000000000002,2025-10-16 18:00:00+02:00,2025-10-16,18,3,10,0,15216.0,15436.2,46540.0
2025-10-16 17:00:00+00:00,140.59,61863.275,10675.825,4829.725,0.0,2025-10-16 19:00:00+02:00,2025-10-16,19,3,10,0,15505.550000000001,15505.550000000001,46357.725
2025-10-16 18:00:00+00:00,125.595,59206.075,10928.675,4760.35,0.0,2025-10-16 20:00:00+02:00,2025-10-16,20,3,10,0,15689.025,15689.025,43517.049999999996
2025-10-16 19:00:00+00:00,102.2325,55951.4,11012.45,4689.8,0.0,2025-10-16 21:00:00+02:00,2025-10-16,21,3,10,0,15702.25,15702.25,40249.15
2025-10-16 20:00:00+00:00,99.855,52551.775,10599.55,4569.85,0.0,2025-10-16 22:00:00+02:00,2025-10-16,22,3,10,0,15169.4,15169.4,37382.375
2025-10-16 21:00:00+00:00,93.3625,48911.95,10211.275,4326.2,0.0,2025-10-16 23:00:00+02:00,2025-10-16,23,3,10,0,14537.474999999999,14537.474999999999,34374.475
2025-10-16 22:00:00+00:00,88.14750000000001,46432.4,9210.425,4711.425,0.0,2025-10-17 00:00:00+02:00,2025-10-17,0,4,10,0,13921.849999999999,13921.849999999999,32510.550000000003
2025-10-16 23:00:00+00:00,88.3125,44843.525,8912.4,4447.05,0.0,2025-10-17 01:00:00+02:00,2025-10-17,1,4,10,0,13359.45,13359.45,31484.075
2025-10-17 00:00:00+00:00,89.0575,44280.549999999996,8626.675,4280.799999999999,0.0,2025-10-17 02:00:00+02:00,2025-10-17,2,4,10,0,12907.474999999999,12907.474999999999,31373.074999999997
2025-10-17 01:00:00+00:00,88.4575,44601.3,8638.275,4181.525,0.0,2025-10-17 03:00:00+02:00,2025-10-17,3,4,10,0,12819.8,12819.8,31781.500000000004
2025-10-17 02:00:00+00:00,90.5875,45724.65,8683.625,4141.475,0.0,2025-10-17 04:00:00+02:00,2025-10-17,4,4,10,0,12825.1,12825.1,32899.55
2025-10-17 03:00:00+00:00,94.50999999999999,48614.9,8636.8,4171.9,0.0,2025-10-17 05:00:00+02:00,2025-10-17,5,4,10,0,12808.699999999999,12808.699999999999,35806.200000000004
2025-10-17 04:00:00+00:00,107.91,54802.325,8855.75,4186.15,0.0,2025-10-17 06:00:00+02:00,2025-10-17,6,4,10,0,13041.9,13041.9,41760.424999999996
2025-10-17 05:00:00+00:00,129.485,60087.325,8903.5,4118.125,68.35,2025-10-17 07:00:00+02:00,2025-10-17,7,4,10,0,13021.625,13089.975,46997.35
2025-10-17 06:00:00+00:00,144.835,63648.675,8601.5,3980.45,2094.925,2025-10-17 08:00:00+02:00,2025-10-17,8,4,10,0,12581.95,14676.875,48971.8
2025-10-17 07:00:00+00:00,129.02,64993.45,7969.25,3846.05,6830.1,2025-10-17 09:00:00+02:00,2025-10-17,9,4,10,0,11815.3,18645.4,46348.049999999996
2025-10-17 08:00:00+00:00,117.18,65668.225,7840.275,3679.375,12262.3,2025-10-17 10:00:00+02:00,2025-10-17,10,4,10,0,11519.65,23781.949999999997,41886.27500000001
2025-10-17 09:00:00+00:00,99.0375,65614.225,8478.1,3602.875,16649.675000000003,2025-10-17 11:00:00+02:00,2025-10-17,11,4,10,0,12080.975,28730.65,36883.575000000004
2025-10-17 10:00:00+00:00,88.14,64837.675,9248.975,3612.075,18850.425,2025-10-17 12:00:00+02:00,2025-10-17,12,4,10,0,12861.05,31711.475,33126.200000000004
2025-10-17 11:00:00+00:00,86.7175,62925.525,10206.7,3658.8,18647.85,2025-10-17 13:00:00+02:00,2025-10-17,13,4,10,0,13865.5,32513.35,30412.175000000003
2025-10-17 12:00:00+00:00,87.805,61125.6,11237.775,3690.5,16664.9,2025-10-17 14:00:00+02:00,2025-10-17,14,4,10,0,14928.275,31593.175000000003,29532.424999999996
2025-10-17 13:00:00+00:00,88.6425,60058.95,11768.825,3749.95,13016.25,2025-10-17 15:00:00+02:00,2025-10-17,15,4,10,0,15518.775000000001,28535.025,31523.924999999996
2025-10-17 14:00:00+00:00,95.0,59471.0,11561.975,3815.1,7984.375,2025-10-17 16:00:00+02:00,2025-10-17,16,4,10,0,15377.075,23361.45,36109.55
2025-10-17 15:00:00+00:00,117.1675,60607.35,10890.6,3958.325,2789.05,2025-10-17 17:00:00+02:00,2025-10-17,17,4,10,0,14848.925,17637.975,42969.375
2025-10-17 16:00:00+00:00,129.31,61137.475,10692.775,4052.15,201.55,2025-10-17 18:00:00+02:00,2025-10-17,18,4,10,0,14744.925,14946.474999999999,46191.0
2025-10-17 17:00:00+00:00,130.69,60294.25,10855.575,4146.2,0.0,2025-10-17 19:00:00+02:00,2025-10-17,19,4,10,0,15001.775000000001,15001.775000000001,45292.475
2025-10-17 18:00:00+00:00,116.98750000000001,57037.75,10941.25,4054.225,0.0,2025-10-17 20:00:00+02:00,2025-10-17,20,4,10,0,14995.475,14995.475,42042.275
2025-10-17 19:00:00+00:00,104.055,53726.15,10615.475,3718.9,0.0,2025-10-17 21:00:00+02:00,2025-10-17,21,4,10,0,14334.375,14334.375,39391.775
2025-10-17 20:00:00+00:00,102.1825,50464.55,9982.425,3255.7,0.0,2025-10-17 22:00:00+02:00,2025-10-17,22,4,10,0,13238.125,13238.125,37226.425
2025-10-17 21:00:00+00:00,92.4975,47289.875,9395.8,2773.4500000000003,0.0,2025-10-17 23:00:00+02:00,2025-10-17,23,4,10,0,12169.25,12169.25,35120.625
2025-10-17 22:00:00+00:00,94.61500000000001,44094.975,9615.599999999999,2072.85,0.0,2025-10-18 00:00:00+02:00,2025-10-18,0,5,10,1,11688.449999999999,11688.449999999999,32406.525
2025-10-17 23:00:00+00:00,89.86,42137.325,9138.125,1733.75,0.0,2025-10-18 01:00:00+02:00,2025-10-18,1,5,10,1,10871.875,10871.875,31265.449999999997
2025-10-18 00:00:00+00:00,89.8125,41133.45,8501.8,1472.225,0.0,2025-10-18 02:00:00+02:00,2025-10-18,2,5,10,1,9974.025,9974.025,31159.424999999996
2025-10-18 01:00:00+00:00,88.33500000000001,40816.0,7876.75,1306.425,0.0,2025-10-18 03:00:00+02:00,2025-10-18,3,5,10,1,9183.175,9183.175,31632.825
2025-10-18 02:00:00+00:00,88.35,40805.425,7276.45,1190.95,0.0,2025-10-18 04:00:00+02:00,2025-10-18,4,5,10,1,8467.4,8467.4,32338.025
2025-10-18 03:00:00+00:00,88.315,41560.7,6701.575,1096.175,0.0,2025-10-18 05:00:00+02:00,2025-10-18,5,5,10,1,7797.75,7797.75,33762.95
2025-10-18 04:00:00+00:00,91.955,43314.4,6210.85,1008.5,0.0,2025-10-18 06:00:00+02:00,2025-10-18,6,5,10,1,7219.35,7219.35,36095.05
2025-10-18 05:00:00+00:00,109.4725,45849.125,5641.35,927.75,120.325,2025-10-18 07:00:00+02:00,2025-10-18,7,5,10,1,6569.1,6689.425,39159.7
2025-10-18 06:00:00+00:00,114.545,49378.525,5004.625,854.925,4074.35,2025-10-18 08:00:00+02:00,2025-10-18,8,5,10,1,5859.55,9933.9,39444.625
2025-10-18 07:00:00+00:00,102.2425,52451.625,3879.225,776.1,12873.6,2025-10-18 09:00:00+02:00,2025-10-18,9,5,10,1,4655.325,17528.925,34922.7
2025-10-18 08:00:00+00:00,91.4675,54437.225,2748.85,670.7,21944.975,2025-10-18 10:00:00+02:00,2025-10-18,10,5,10,1,3419.55,25364.524999999998,29072.7
2025-10-18 09:00:00+00:00,80.7875,55244.975,2238.9750000000004,565.925,28870.3,2025-10-18 11:00:00+02:00,2025-10-18,11,5,10,1,2804.9000000000005,31675.2,23569.774999999998
2025-10-18 10:00:00+00:00,73.94,54303.1,1935.45,482.55,32360.425000000003,2025-10-18 12:00:00+02:00,2025-10-18,12,5,10,1,2418.0,34778.425,19524.674999999996
2025-10-18 11:00:00+00:00,67.5325,52381.35,1668.4,427.55,32285.475000000002,2025-10-18 13:00:00+02:00,2025-10-18,13,5,10,1,2095.9500000000003,34381.425,17999.924999999996
2025-10-18 12:00:00+00:00,72.2975,51159.825,1497.3,386.95,29463.2,2025-10-18 14:00:00+02:00,2025-10-18,14,5,10,1,1884.25,31347.45,19812.374999999996
2025-10-18 13:00:00+00:00,83.5,50219.775,1432.0,371.575,23201.575,2025-10-18 15:00:00+02:00,2025-10-18,15,5,10,1,1803.575,25005.15,25214.625
2025-10-18 14:00:00+00:00,96.55000000000001,50272.0,1480.85,380.55,13982.575,2025-10-18 16:00:00+02:00,2025-10-18,16,5,10,1,1861.3999999999999,15843.975,34428.025
2025-10-18 15:00:00+00:00,120.64,51563.25,1900.5,443.1,4526.475,2025-10-18 17:00:00+02:00,2025-10-18,17,5,10,1,2343.6,6870.075000000001,44693.175
2025-10-18 16:00:00+00:00,133.235,52944.625,3204.025,586.25,260.95,2025-10-18 18:00:00+02:00,2025-10-18,18,5,10,1,3790.275,4051.225,48893.4
2025-10-18 17:00:00+00:00,124.82249999999999,52718.425,5113.775,804.9,0.0,2025-10-18 19:00:00+02:00,2025-10-18,19,5,10,1,5918.674999999999,5918.674999999999,46799.75
2025-10-18 18:00:00+00:00,112.995,50659.075,6850.8,1099.8999999999999,0.0,2025-10-18 20:00:00+02:00,2025-10-18,20,5,10,1,7950.7,7950.7,42708.375
2025-10-18 19:00:00+00:00,92.5525,48256.9,8314.55,1430.925,0.0,2025-10-18 21:00:00+02:00,2025-10-18,21,5,10,1,9745.474999999999,9745.474999999999,38511.425
2025-10-18 20:00:00+00:00,95.5775,46332.25,9336.675,1758.2,0.0,2025-10-18 22:00:00+02:00,2025-10-18,22,5,10,1,11094.875,11094.875,35237.375
2025-10-18 21:00:00+00:00,94.355,43903.525,10158.725,2044.075,0.0,2025-10-18 23:00:00+02:00,2025-10-18,23,5,10,1,12202.800000000001,12202.800000000001,31700.725
2025-10-18 22:00:00+00:00,92.3425,42338.5,10889.0,2306.325,0.0,2025-10-19 00:00:00+02:00,2025-10-19,0,6,10,1,13195.325,13195.325,29143.175
2025-10-18 23:00:00+00:00,87.58500000000001,40705.8,11236.625,2402.1,0.0,2025-10-19 01:00:00+02:00,2025-10-19,1,6,10,1,13638.725,13638.725,27067.075000000004
2025-10-19 00:00:00+00:00,82.2925,39858.05,11482.525,2514.85,0.0,2025-10-19 02:00:00+02:00,2025-10-19,2,6,10,1,13997.375,13997.375,25860.675000000003
2025-10-19 01:00:00+00:00,82.14,39567.2,11619.925,2622.825,0.0,2025-10-19 03:00:00+02:00,2025-10-19,3,6,10,1,14242.75,14242.75,25324.449999999997
2025-10-19 02:00:00+00:00,83.2125,39730.025,11817.125,2693.25,0.0,2025-10-19 04:00:00+02:00,2025-10-19,4,6,10,1,14510.375,14510.375,25219.65
2025-10-19 03:00:00+00:00,83.4975,40368.05,12324.95,2771.0,0.0,2025-10-19 05:00:00+02:00,2025-10-19,5,6,10,1,15095.95,15095.95,25272.100000000002
2025-10-19 04:00:00+00:00,85.25,42163.2,13292.15,2901.125,0.0,2025-10-19 06:00:00+02:00,2025-10-19,6,6,10,1,16193.275,16193.275,25969.924999999996
2025-10-19 05:00:00+00:00,85.255,44696.775,14253.95,3079.675,87.25,2025-10-19 07:00:00+02:00,2025-10-19,7,6,10,1,17333.625,17420.875,27275.9
2025-10-19 06:00:00+00:00,87.1575,47883.45,15045.775,3294.025,2862.2,2025-10-19 08:00:00+02:00,2025-10-19,8,6,10,1,18339.8,21202.0,26681.449999999997
2025-10-19 07:00:00+00:00,78.4325,51043.05,15175.475,3497.575,9077.875,2025-10-19 09:00:00+02:00,2025-10-19,9,6,10,1,18673.05,27750.925,23292.125000000004
2025-10-19 08:00:00+00:00,69.6375,53134.825,13410.75,3676.95,15605.474999999999,2025-10-19 10:00:00+02:00,2025-10-19,10,6,10,1,17087.7,32693.175,20441.649999999998
2025-10-19 09:00:00+00:00,60.3,54561.825,11337.725,3783.225,21534.75,2025-10-19 11:00:00+02:00,2025-10-19,11,6,10,1,15120.95,36655.7,17906.125
2025-10-19 10:00:00+00:00,34.567499999999995,54405.649999999994,10956.4,3747.35,25525.825,2025-10-19 12:00:00+02:00,2025-10-19,12,6,10,1,14703.75,40229.575,14176.074999999997
2025-10-19 11:00:00+00:00,20.295,53120.75,10865.675,3658.8,26274.175,2025-10-19 13:00:00+02:00,2025-10-19,13,6,10,1,14524.474999999999,40798.649999999994,12322.100000000006
2025-10-19 12:00:00+00:00,36.2175,51490.825,11080.6,3646.2,23440.6,2025-10-19 14:00:00+02:00,2025-10-19,14,6,10,1,14726.8,38167.399999999994,13323.425000000003
2025-10-19 13:00:00+00:00,66.77250000000001,50721.6,11693.75,3823.8,17529.825,2025-10-19 15:00:00+02:00,2025-10-19,15,6,10,1,15517.55,33047.375,17674.225
2025-10-19 14:00:00+00:00,89.93,51016.775,12633.05,4220.775,10031.675,2025-10-19 16:00:00+02:00,2025-10-19,16,6,10,1,16853.824999999997,26885.499999999996,24131.275000000005
2025-10-19 15:00:00+00:00,106.07249999999999,52697.425,14883.7,4848.375,3079.875,2025-10-19 17:00:00+02:00,2025-10-19,17,6,10,1,19732.075,22811.95,29885.475000000002
2025-10-19 16:00:00+00:00,107.6875,54014.7,18428.6,5482.575,160.7,2025-10-19 18:00:00+02:00,2025-10-19,18,6,10,1,23911.175,24071.875,29942.824999999997
2025-10-19 17:00:00+00:00,85.62,54241.925,21248.8,5956.1,0.0,2025-10-19 19:00:00+02:00,2025-10-19,19,6,10,1,27204.9,27204.9,27037.025
2025-10-19 18:00:00+00:00,75.5025,52264.0,22677.1,6213.25,0.0,2025-10-19 20:00:00+02:00,2025-10-19,20,6,10,1,28890.35,28890.35,23373.65
2025-10-19 19:00:00+00:00,73.15,50104.425,23392.8,6299.55,0.0,2025-10-19 21:00:00+02:00,2025-10-19,21,6,10,1,29692.35,29692.35,20412.075000000004
2025-10-19 20:00:00+00:00,74.74249999999999,48403.7,22991.7,6224.85,0.0,2025-10-19 22:00:00+02:00,2025-10-19,22,6,10,1,29216.550000000003,29216.550000000003,19187.149999999994
2025-10-19 21:00:00+00:00,60.855000000000004,45867.65,22753.175,6126.925,0.0,2025-10-19 23:00:00+02:00,2025-10-19,23,6,10,1,28880.1,28880.1,16987.550000000003
2025-10-19 22:00:00+00:00,70.03750000000001,42560.925,22453.6,5997.4,0.0,2025-10-20 00:00:00+02:00,2025-10-20,0,0,10,0,28451.0,28451.0,14109.925000000003
2025-10-19 23:00:00+00:00,63.975,41261.85,22269.525,6003.475,0.0,2025-10-20 01:00:00+02:00,2025-10-20,1,0,10,0,28273.0,28273.0,12988.849999999999
2025-10-20 00:00:00+00:00,60.980000000000004,40791.075,22310.55,6036.775,0.0,2025-10-20 02:00:00+02:00,2025-10-20,2,0,10,0,28347.324999999997,28347.324999999997,12443.75
2025-10-20 01:00:00+00:00,60.0025,40791.975,22888.3,6123.725,0.0,2025-10-20 03:00:00+02:00,2025-10-20,3,0,10,0,29012.025,29012.025,11779.949999999997
2025-10-20 02:00:00+00:00,60.6025,42301.525,23623.325,6266.625,0.0,2025-10-20 04:00:00+02:00,2025-10-20,4,0,10,0,29889.95,29889.95,12411.575
2025-10-20 03:00:00+00:00,74.81,45932.075,24344.875,6447.675,0.0,2025-10-20 05:00:00+02:00,2025-10-20,5,0,10,0,30792.55,30792.55,15139.524999999998
2025-10-20 04:00:00+00:00,76.2525,53042.4,25629.575,6636.975,0.0,2025-10-20 06:00:00+02:00,2025-10-20,6,0,10,0,32266.550000000003,32266.550000000003,20775.85
2025-10-20 05:00:00+00:00,91.8675,58697.95,26112.35,6672.375,82.8,2025-10-20 07:00:00+02:00,2025-10-20,7,0,10,0,32784.725,32867.525,25830.424999999996
2025-10-20 06:00:00+00:00,125.0975,62593.5,25891.0,6650.775,2706.525,2025-10-20 08:00:00+02:00,2025-10-20,8,0,10,0,32541.775,35248.3,27345.199999999997
2025-10-20 07:00:00+00:00,92.185,64607.375,25171.6,6570.2,8280.4,2025-10-20 09:00:00+02:00,2025-10-20,9,0,10,0,31741.8,40022.2,24585.175000000003
2025-10-20 08:00:00+00:00,73.15,65820.95,23689.8,6384.075,13327.875,2025-10-20 10:00:00+02:00,2025-10-20,10,0,10,0,30073.875,43401.75,22419.199999999997
2025-10-20 09:00:00+00:00,69.935,66248.075,21955.05,6064.15,16562.95,2025-10-20 11:00:00+02:00,2025-10-20,11,0,10,0,28019.199999999997,44582.149999999994,21665.925000000003
2025-10-20 10:00:00+00:00,60.2875,65858.675,20625.65,5685.15,17612.75,2025-10-20 12:00:00+02:00,2025-10-20,12,0,10,0,26310.800000000003,43923.55,21935.125
2025-10-20 11:00:00+00:00,65.27250000000001,64658.6,19885.425,5263.975,16577.525,2025-10-20 13:00:00+02:00,2025-10-20,13,0,10,0,25149.4,41726.925,22931.674999999996
2025-10-20 12:00:00+00:00,76.08500000000001,63383.4,19706.675,4840.1,13905.225,2025-10-20 14:00:00+02:00,2025-10-20,14,0,10,0,24546.775,38452.0,24931.4
2025-10-20 13:00:00+00:00,97.14,61794.85,19814.35,4452.05,10162.25,2025-10-20 15:00:00+02:00,2025-10-20,15,0,10,0,24266.399999999998,34428.649999999994,27366.200000000004
2025-10-20 14:00:00+00:00,119.50999999999999,60994.325,20583.925,4269.45,5808.375,2025-10-20 16:00:00+02:00,2025-10-20,16,0,10,0,24853.375,30661.75,30332.574999999997
2025-10-20 15:00:00+00:00,131.1225,61053.825,22331.1,4388.05,1782.75,2025-10-20 17:00:00+02:00,2025-10-20,17,0,10,0,26719.149999999998,28501.899999999998,32551.925
2025-10-20 16:00:00+00:00,125.08999999999999,62046.425,24597.225,4843.45,116.77499999999999,2025-10-20 18:00:00+02:00,2025-10-20,18,0,10,0,29440.675,29557.45,32488.975000000002
2025-10-20 17:00:00+00:00,103.0,61921.175,26437.1,5393.175,0.0,2025-10-20 19:00:00+02:00,2025-10-20,19,0,10,0,31830.274999999998,31830.274999999998,30090.900000000005
2025-10-20 18:00:00+00:00,82.29,59511.425,27591.075,5878.775,0.0,2025-10-20 20:00:00+02:00,2025-10-20,20,0,10,0,33469.85,33469.85,26041.575000000004
2025-10-20 19:00:00+00:00,76.2525,56352.05,28863.875,6263.575,0.0,2025-10-20 21:00:00+02:00,2025-10-20,21,0,10,0,35127.45,35127.45,21224.600000000006
2025-10-20 20:00:00+00:00,68.3775,52775.3,29067.55,6402.549999999999,0.0,2025-10-20 22:00:00+02:00,2025-10-20,22,0,10,0,35470.1,35470.1,17305.200000000004
2025-10-20 21:00:00+00:00,51.0,49135.3,29538.675000000003,6469.6,0.0,2025-10-20 23:00:00+02:00,2025-10-20,23,0,10,0,36008.275,36008.275,13127.025000000001
2025-10-20 22:00:00+00:00,61.480000000000004,46318.875,29352.1,6669.85,0.0,2025-10-21 00:00:00+02:00,2025-10-21,0,1,10,0,36021.95,36021.95,10296.925000000003
2025-10-20 23:00:00+00:00,43.8325,44546.9,29774.825,6674.0,0.0,2025-10-21 01:00:00+02:00,2025-10-21,1,1,10,0,36448.825,36448.825,8098.075000000004
2025-10-21 00:00:00+00:00,33.0725,43611.8,30096.15,6669.05,0.0,2025-10-21 02:00:00+02:00,2025-10-21,2,1,10,0,36765.200000000004,36765.200000000004,6846.5999999999985
2025-10-21 01:00:00+00:00,22.2775,43503.925,30526.0,6692.375,0.0,2025-10-21 03:00:00+02:00,2025-10-21,3,1,10,0,37218.375,37218.375,6285.550000000003
2025-10-21 02:00:00+00:00,25.9125,44514.975,30988.925,6741.55,0.0,2025-10-21 04:00:00+02:00,2025-10-21,4,1,10,0,37730.475,37730.475,6784.5
2025-10-21 03:00:00+00:00,47.46,47429.325,31391.7,6746.425,0.0,2025-10-21 05:00:00+02:00,2025-10-21,5,1,10,0,38138.125,38138.125,9291.199999999997
2025-10-21 04:00:00+00:00,75.095,53604.475,32446.525,6698.15,0.0,2025-10-21 06:00:00+02:00,2025-10-21,6,1,10,0,39144.675,39144.675,14459.799999999996
2025-10-21 05:00:00+00:00,88.1225,58850.275,32910.85,6667.9,47.550000000000004,2025-10-21 07:00:00+02:00,2025-10-21,7,1,10,0,39578.75,39626.3,19223.975
2025-10-21 06:00:00+00:00,91.5825,61993.75,32642.399999999998,6507.25,2422.225,2025-10-21 08:00:00+02:00,2025-10-21,8,1,10,0,39149.649999999994,41571.87499999999,20421.875000000007
2025-10-21 07:00:00+00:00,84.7175,63443.575,32155.949999999997,6088.4,8336.6,2025-10-21 09:00:00+02:00,2025-10-21,9,1,10,0,38244.35,46580.95,16862.625
2025-10-21 08:00:00+00:00,74.27,64667.174999999996,31644.325,5665.925,14542.7,2025-10-21 10:00:00+02:00,2025-10-21,10,1,10,0,37310.25,51852.95,12814.224999999999
2025-10-21 09:00:00+00:00,65.1125,65196.925,31567.125,5294.5,18799.65,2025-10-21 11:00:00+02:00,2025-10-21,11,1,10,0,36861.625,55661.275,9535.650000000001
2025-10-21 10:00:00+00:00,47.455,64573.1,31575.825,5361.25,20944.125,2025-10-21 12:00:00+02:00,2025-10-21,12,1,10,0,36937.075,57881.2,6691.9000000000015
2025-10-21 11:00:00+00:00,31.5825,63363.3,30817.8,5486.075,20740.85,2025-10-21 13:00:00+02:00,2025-10-21,13,1,10,0,36303.875,57044.725,6318.575000000004
2025-10-21 12:00:00+00:00,33.06,61930.425,29703.0,5714.3,18465.925,2025-10-21 14:00:00+02:00,2025-10-21,14,1,10,0,35417.3,53883.225000000006,8047.199999999997
2025-10-21 13:00:00+00:00,60.230000000000004,60895.95,28000.5,5799.875,14628.25,2025-10-21 15:00:00+02:00,2025-10-21,15,1,10,0,33800.375,48428.625,12467.324999999997
2025-10-21 14:00:00+00:00,68.2025,60255.725,25943.975000000002,5931.75,8864.85,2025-10-21 16:00:00+02:00,2025-10-21,16,1,10,0,31875.725000000002,40740.575000000004,19515.149999999994
2025-10-21 15:00:00+00:00,100.0,60597.25,24405.175,6091.325,2612.375,2025-10-21 17:00:00+02:00,2025-10-21,17,1,10,0,30496.5,33108.875,27488.375
2025-10-21 16:00:00+00:00,121.80000000000001,61118.8,23892.65,6195.35,89.375,2025-10-21 18:00:00+02:00,2025-10-21,18,1,10,0,30088.0,30177.375,30941.425000000003
2025-10-21 17:00:00+00:00,115.38499999999999,60820.05,24042.675,6171.4,0.0,2025-10-21 19:00:00+02:00,2025-10-21,19,1,10,0,30214.074999999997,30214.074999999997,30605.975000000006
2025-10-21 18:00:00+00:00,99.6725,58468.775,24431.8,6214.150000000001,0.0,2025-10-21 20:00:00+02:00,2025-10-21,20,1,10,0,30645.95,30645.95,27822.825
2025-10-21 19:00:00+00:00,81.055,55245.7,25058.825,6262.05,0.0,2025-10-21 21:00:00+02:00,2025-10-21,21,1,10,0,31320.875,31320.875,23924.824999999997
2025-10-21 20:00:00+00:00,81.68,51685.525,24730.699999999997,6256.5,0.0,2025-10-21 22:00:00+02:00,2025-10-21,22,1,10,0,30987.199999999997,30987.199999999997,20698.325000000004
2025-10-21 21:00:00+00:00,74.33,48391.475,24381.275,6229.15,0.0,2025-10-21 23:00:00+02:00,2025-10-21,23,1,10,0,30610.425000000003,30610.425000000003,17781.049999999996
2025-10-21 22:00:00+00:00,87.8375,45490.475,21811.0,6122.275,0.0,2025-10-22 00:00:00+02:00,2025-10-22,0,2,10,0,27933.275,27933.275,17557.199999999997
2025-10-21 23:00:00+00:00,87.4925,44024.0,21065.775,6006.075,0.0,2025-10-22 01:00:00+02:00,2025-10-22,1,2,10,0,27071.850000000002,27071.850000000002,16952.149999999998
2025-10-22 00:00:00+00:00,85.405,43159.575,20275.525,5824.0,0.0,2025-10-22 02:00:00+02:00,2025-10-22,2,2,10,0,26099.525,26099.525,17060.049999999996
2025-10-22 01:00:00+00:00,89.3475,43209.725,19519.325,5769.85,0.0,2025-10-22 03:00:00+02:00,2025-10-22,3,2,10,0,25289.175000000003,25289.175000000003,17920.549999999996
2025-10-22 02:00:00+00:00,89.5025,44274.7,18673.425,5762.2,0.0,2025-10-22 04:00:00+02:00,2025-10-22,4,2,10,0,24435.625,24435.625,19839.074999999997
2025-10-22 03:00:00+00:00,90.175,47036.725,17805.975,5756.025,0.0,2025-10-22 05:00:00+02:00,2025-10-22,5,2,10,0,23562.0,23562.0,23474.725
2025-10-22 04:00:00+00:00,99.3925,53313.875,17266.95,5785.3,0.0,2025-10-22 06:00:00+02:00,2025-10-22,6,2,10,0,23052.25,23052.25,30261.625
2025-10-22 05:00:00+00:00,100.1825,58897.7,16374.7,5709.85,21.375,2025-10-22 07:00:00+02:00,2025-10-22,7,2,10,0,22084.550000000003,22105.925000000003,36791.774999999994
2025-10-22 06:00:00+00:00,113.7575,62505.35,15039.65,5533.725,1210.2,2025-10-22 08:00:00+02:00,2025-10-22,8,2,10,0,20573.375,21783.575,40721.774999999994
2025-10-22 07:00:00+00:00,125.7175,63986.0,13431.325,5288.45,4507.25,2025-10-22 09:00:00+02:00,2025-10-22,9,2,10,0,18719.775,23227.025,40758.975
2025-10-22 08:00:00+00:00,105.72749999999999,64939.3,11818.449999999999,4980.225,8238.975,2025-10-22 10:00:00+02:00,2025-10-22,10,2,10,0,16798.675,25037.65,39901.65
2025-10-22 09:00:00+00:00,91.215,65511.775,10740.275,4589.025,11256.375,2025-10-22 11:00:00+02:00,2025-10-22,11,2,10,0,15329.3,26585.675,38926.100000000006
2025-10-22 10:00:00+00:00,87.1,64944.525,10038.25,4291.85,12917.775,2025-10-22 12:00:00+02:00,2025-10-22,12,2,10,0,14330.1,27247.875,37696.65
2025-10-22 11:00:00+00:00,86.0,63510.35,9264.95,4024.5,13224.575,2025-10-22 13:00:00+02:00,2025-10-22,13,2,10,0,13289.45,26514.025,36996.325
2025-10-22 12:00:00+00:00,93.46000000000001,61819.775,8392.025,3717.7,12343.525,2025-10-22 14:00:00+02:00,2025-10-22,14,2,10,0,12109.724999999999,24453.25,37366.525
2025-10-22 13:00:00+00:00,110.655,60522.25,7211.175,3378.3250000000003,9965.4,2025-10-22 15:00:00+02:00,2025-10-22,15,2,10,0,10589.5,20554.9,39967.35
2025-10-22 14:00:00+00:00,135.0,59613.75,5872.2,3000.775,6121.425,2025-10-22 16:00:00+02:00,2025-10-22,16,2,10,0,8872.975,14994.400000000001,44619.35
2025-10-22 15:00:00+00:00,198.0525,59915.675,4938.65,2558.3250000000003,1788.175,2025-10-22 17:00:00+02:00,2025-10-22,17,2,10,0,7496.975,9285.15,50630.525
2025-10-22 16:00:00+00:00,296.48249999999996,60625.4,4748.15,2084.825,66.625,2025-10-22 18:00:00+02:00,2025-10-22,18,2,10,0,6832.974999999999,6899.599999999999,53725.8
2025-10-22 17:00:00+00:00,279.76,60357.275,4849.9,1587.65,0.0,2025-10-22 19:00:00+02:00,2025-10-22,19,2,10,0,6437.549999999999,6437.549999999999,53919.725000000006
2025-10-22 18:00:00+00:00,185.31,57958.175,4870.625,1157.125,0.0,2025-10-22 20:00:00+02:00,2025-10-22,20,2,10,0,6027.75,6027.75,51930.425
2025-10-22 19:00:00+00:00,133.9475,54852.525,4739.475,855.85,0.0,2025-10-22 21:00:00+02:00,2025-10-22,21,2,10,0,5595.325000000001,5595.325000000001,49257.2
2025-10-22 20:00:00+00:00,122.065,51305.775,4847.575,689.5,0.0,2025-10-22 22:00:00+02:00,2025-10-22,22,2,10,0,5537.075,5537.075,45768.700000000004
2025-10-22 21:00:00+00:00,108.0925,48055.25,5426.6,614.775,0.0,2025-10-22 23:00:00+02:00,2025-10-22,23,2,10,0,6041.375,6041.375,42013.875
2025-10-22 22:00:00+00:00,101.375,46434.225,9036.25,627.15,0.0,2025-10-23 00:00:00+02:00,2025-10-23,0,3,10,0,9663.4,9663.4,36770.825
2025-10-22 23:00:00+00:00,98.745,44694.65,11301.575,871.0,0.0,2025-10-23 01:00:00+02:00,2025-10-23,1,3,10,0,12172.575,12172.575,32522.075
2025-10-23 00:00:00+00:00,95.0675,44399.1,14691.375,1464.4,0.0,2025-10-23 02:00:00+02:00,2025-10-23,2,3,10,0,16155.775,16155.775,28243.324999999997
2025-10-23 01:00:00+00:00,79.9225,44605.025,18926.6,2550.975,0.0,2025-10-23 03:00:00+02:00,2025-10-23,3,3,10,0,21477.574999999997,21477.574999999997,23127.450000000004
2025-10-23 02:00:00+00:00,70.9975,45448.6,23151.65,3949.525,0.0,2025-10-23 04:00:00+02:00,2025-10-23,4,3,10,0,27101.175000000003,27101.175000000003,18347.424999999996
2025-10-23 03:00:00+00:00,67.52,48092.65,26881.75,5047.125,0.0,2025-10-23 05:00:00+02:00,2025-10-23,5,3,10,0,31928.875,31928.875,16163.775000000001
2025-10-23 04:00:00+00:00,72.25,53770.325,30265.725,5694.875,0.0,2025-10-23 06:00:00+02:00,2025-10-23,6,3,10,0,35960.6,35960.6,17809.725
2025-10-23 05:00:00+00:00,82.2825,59320.925,32433.45,5904.325,13.475000000000001,2025-10-23 07:00:00+02:00,2025-10-23,7,3,10,0,38337.775,38351.25,20969.675000000003
2025-10-23 06:00:00+00:00,90.0,63011.575,33593.05,5940.25,832.325,2025-10-23 08:00:00+02:00,2025-10-23,8,3,10,0,39533.3,40365.625,22645.949999999997
2025-10-23 07:00:00+00:00,83.0175,64140.175,34054.65,5985.9,3193.0,2025-10-23 09:00:00+02:00,2025-10-23,9,3,10,0,40040.55,43233.55,20906.625
2025-10-23 08:00:00+00:00,79.7025,65037.225,33973.875,6020.175,6140.275,2025-10-23 10:00:00+02:00,2025-10-23,10,3,10,0,39994.05,46134.325000000004,18902.899999999994
2025-10-23 09:00:00+00:00,69.6,65772.475,33521.325,5879.3,8823.325,2025-10-23 11:00:00+02:00,2025-10-23,11,3,10,0,39400.625,48223.95,17548.52500000001
2025-10-23 10:00:00+00:00,66.0975,65340.725,32951.825000000004,5831.7,10870.075,2025-10-23 12:00:00+02:00,2025-10-23,12,3,10,0,38783.525,49653.600000000006,15687.124999999993
2025-10-23 11:00:00+00:00,64.105,64630.45,32509.375,5893.65,11321.8,2025-10-23 13:00:00+02:00,2025-10-23,13,3,10,0,38403.025,49724.825,14905.625
2025-10-23 12:00:00+00:00,63.535,63469.525,32700.15,5929.525,10642.625,2025-10-23 14:00:00+02:00,2025-10-23,14,3,10,0,38629.675,49272.3,14197.224999999999
2025-10-23 13:00:00+00:00,75.605,62236.75,32495.05,5877.025,8482.225,2025-10-23 15:00:00+02:00,2025-10-23,15,3,10,0,38372.075,46854.299999999996,15382.450000000004
2025-10-23 14:00:00+00:00,85.4975,61486.425,32208.475,5827.275,4959.725,2025-10-23 16:00:00+02:00,2025-10-23,16,3,10,0,38035.75,42995.475,18490.950000000004
2025-10-23 15:00:00+00:00,98.1175,62333.525,32383.925,5557.4,1415.2749999999999,2025-10-23 17:00:00+02:00,2025-10-23,17,3,10,0,37941.325,39356.6,22976.925000000003
2025-10-23 16:00:00+00:00,114.93,63344.9,33377.475,5060.8,47.599999999999994,2025-10-23 18:00:00+02:00,2025-10-23,18,3,10,0,38438.275,38485.875,24859.025
2025-10-23 17:00:00+00:00,107.9125,63194.4,34899.925,4495.05,0.0,2025-10-23 19:00:00+02:00,2025-10-23,19,3,10,0,39394.975000000006,39394.975000000006,23799.424999999996
2025-10-23 18:00:00+00:00,87.7125,60693.975,36191.625,3931.45,0.0,2025-10-23 20:00:00+02:00,2025-10-23,20,3,10,0,40123.075,40123.075,20570.9
2025-10-23 19:00:00+00:00,82.8125,57625.8,37362.6,3460.075,0.0,2025-10-23 21:00:00+02:00,2025-10-23,21,3,10,0,40822.674999999996,40822.674999999996,16803.125000000007
2025-10-23 20:00:00+00:00,77.655,54222.225,37180.975,3067.775,0.0,2025-10-23 22:00:00+02:00,2025-10-23,22,3,10,0,40248.75,40248.75,13973.474999999999
2025-10-23 21:00:00+00:00,60.0775,50545.475,37508.1,2724.525,0.0,2025-10-23 23:00:00+02:00,2025-10-23,23,3,10,0,40232.625,40232.625,10312.849999999999
2025-10-23 22:00:00+00:00,14.335,47999.4,39492.075,2714.15,0.0,2025-10-24 00:00:00+02:00,2025-10-24,0,4,10,0,42206.225,42206.225,5793.175000000003
2025-10-23 23:00:00+00:00,9.835,46014.225,39838.55,3343.35,0.0,2025-10-24 01:00:00+02:00,2025-10-24,1,4,10,0,43181.9,43181.9,2832.324999999997
2025-10-24 00:00:00+00:00,6.5249999999999995,45247.25,39908.25,3745.0,0.0,2025-10-24 02:00:00+02:00,2025-10-24,2,4,10,0,43653.25,43653.25,1594.0
2025-10-24 01:00:00+00:00,1.025,45364.25,40363.475000000006,4146.1,0.0,2025-10-24 03:00:00+02:00,2025-10-24,3,4,10,0,44509.575000000004,44509.575000000004,854.6749999999956
2025-10-24 02:00:00+00:00,2.19,46298.85,41069.025,4476.975,0.0,2025-10-24 04:00:00+02:00,2025-10-24,4,4,10,0,45546.0,45546.0,752.8499999999985
2025-10-24 03:00:00+00:00,7.525,49129.5,41681.65,4506.0,0.0,2025-10-24 05:00:00+02:00,2025-10-24,5,4,10,0,46187.65,46187.65,2941.8499999999985
2025-10-24 04:00:00+00:00,23.2775,54970.15,43259.35,4411.275,0.0,2025-10-24 06:00:00+02:00,2025-10-24,6,4,10,0,47670.625,47670.625,7299.5250000000015
2025-10-24 05:00:00+00:00,64.985,61042.6,43354.9,4494.35,18.675,2025-10-24 07:00:00+02:00,2025-10-24,7,4,10,0,47849.25,47867.925,13174.674999999996
2025-10-24 06:00:00+00:00,84.87,64489.275,43126.625,4465.125,1523.725,2025-10-24 08:00:00+02:00,2025-10-24,8,4,10,0,47591.75,49115.475,15373.800000000003
2025-10-24 07:00:00+00:00,76.5475,65129.85,43305.75,4491.575,5818.15,2025-10-24 09:00:00+02:00,2025-10-24,9,4,10,0,47797.325,53615.475,11514.375
2025-10-24 08:00:00+00:00,58.3025,65765.55,43756.175,4479.75,10785.025,2025-10-24 10:00:00+02:00,2025-10-24,10,4,10,0,48235.925,59020.950000000004,6744.5999999999985
2025-10-24 09:00:00+00:00,33.0,66251.325,44273.2,4467.6,15376.95,2025-10-24 11:00:00+02:00,2025-10-24,11,4,10,0,48740.799999999996,64117.75,2133.574999999997
2025-10-24 10:00:00+00:00,1.2525,66419.85,44235.45,4375.9,18747.6,2025-10-24 12:00:00+02:00,2025-10-24,12,4,10,0,48611.35,67358.95,-939.0999999999913
2025-10-24 11:00:00+00:00,-0.01,65325.825,43897.0,4081.3,19723.325,2025-10-24 13:00:00+02:00,2025-10-24,13,4,10,0,47978.3,67701.625,-2375.800000000003
2025-10-24 12:00:00+00:00,-0.01,63444.225,44137.175,3901.175,18099.1,2025-10-24 14:00:00+02:00,2025-10-24,14,4,10,0,48038.350000000006,66137.45000000001,-2693.225000000013
2025-10-24 13:00:00+00:00,1.81,62009.225,43849.1,4001.35,14548.225,2025-10-24 15:00:00+02:00,2025-10-24,15,4,10,0,47850.45,62398.674999999996,-389.4499999999971
2025-10-24 14:00:00+00:00,37.32,62140.075,43682.65,4134.325,8812.725,2025-10-24 16:00:00+02:00,2025-10-24,16,4,10,0,47816.975,56629.7,5510.375
2025-10-24 15:00:00+00:00,66.26,62067.425,43069.775,4301.875,2509.25,2025-10-24 17:00:00+02:00,2025-10-24,17,4,10,0,47371.65,49880.9,12186.525000000001
2025-10-24 16:00:00+00:00,74.61,62432.525,42397.675,4541.950000000001,53.074999999999996,2025-10-24 18:00:00+02:00,2025-10-24,18,4,10,0,46939.625,46992.7,15439.825000000004
2025-10-24 17:00:00+00:00,74.61250000000001,61597.600000000006,42280.525,4714.2,0.0,2025-10-24 19:00:00+02:00,2025-10-24,19,4,10,0,46994.725,46994.725,14602.875000000007
2025-10-24 18:00:00+00:00,57.05,58627.025,42325.725,4831.175,0.0,2025-10-24 20:00:00+02:00,2025-10-24,20,4,10,0,47156.9,47156.9,11470.125
2025-10-24 19:00:00+00:00,41.5075,55198.3,42307.0,4944.9,0.0,2025-10-24 21:00:00+02:00,2025-10-24,21,4,10,0,47251.9,47251.9,7946.4000000000015
2025-10-24 20:00:00+00:00,28.9225,51797.225,40975.4,5033.950000000001,0.0,2025-10-24 22:00:00+02:00,2025-10-24,22,4,10,0,46009.350000000006,46009.350000000006,5787.874999999993
2025-10-24 21:00:00+00:00,9.9675,48291.5,40349.625,5185.125,0.0,2025-10-24 23:00:00+02:00,2025-10-24,23,4,10,0,45534.75,45534.75,2756.75
2025-10-24 22:00:00+00:00,3.525,44599.025,37731.625,5675.375,0.0,2025-10-25 00:00:00+02:00,2025-10-25,0,5,10,1,43407.0,43407.0,1192.0250000000015
2025-10-24 23:00:00+00:00,1.3199999999999998,42652.4,36960.8,5687.25,0.0,2025-10-25 01:00:00+02:00,2025-10-25,1,5,10,1,42648.05,42648.05,4.349999999998545
2025-10-25 00:00:00+00:00,0.9249999999999999,41431.775,36232.475,5715.325,0.0,2025-10-25 02:00:00+02:00,2025-10-25,2,5,10,1,41947.799999999996,41947.799999999996,-516.0249999999942
2025-10-25 01:00:00+00:00,-0.0025,41061.875,35881.525,5713.225,0.0,2025-10-25 03:00:00+02:00,2025-10-25,3,5,10,1,41594.75,41594.75,-532.875
2025-10-25 02:00:00+00:00,-0.0075,41108.775,35724.075,5723.075,0.0,2025-10-25 04:00:00+02:00,2025-10-25,4,5,10,1,41447.149999999994,41447.149999999994,-338.3749999999927
2025-10-25 03:00:00+00:00,0.16499999999999998,41407.225,35747.05,5713.85,0.0,2025-10-25 05:00:00+02:00,2025-10-25,5,5,10,1,41460.9,41460.9,-53.67500000000291
2025-10-25 04:00:00+00:00,0.5225,42882.85,36949.9,5679.625,0.0,2025-10-25 06:00:00+02:00,2025-10-25,6,5,10,1,42629.525,42629.525,253.3249999999971
2025-10-25 05:00:00+00:00,0.99,45564.85,37564.3,5634.35,14.7,2025-10-25 07:00:00+02:00,2025-10-25,7,5,10,1,43198.65,43213.35,2351.5
2025-10-25 06:00:00+00:00,3.995,49048.075,37366.95,5618.125,1351.75,2025-10-25 08:00:00+02:00,2025-10-25,8,5,10,1,42985.075,44336.825,4711.25
2025-10-25 07:00:00+00:00,7.5825000000000005,52055.25,37399.475,5493.1,5171.375,2025-10-25 09:00:00+02:00,2025-10-25,9,5,10,1,42892.575,48063.95,3991.300000000003
2025-10-25 08:00:00+00:00,6.7275,54182.925,37656.95,5480.375,9172.0,2025-10-25 10:00:00+02:00,2025-10-25,10,5,10,1,43137.325,52309.325,1873.6000000000058
2025-10-25 09:00:00+00:00,4.765000000000001,55351.575,38030.15,5463.5,11431.25,2025-10-25 11:00:00+02:00,2025-10-25,11,5,10,1,43493.65,54924.9,426.67499999999563
2025-10-25 10:00:00+00:00,6.095000000000001,54699.925,38119.475,5467.3,12021.275,2025-10-25 12:00:00+02:00,2025-10-25,12,5,10,1,43586.775,55608.05,-908.125
2025-10-25 11:00:00+00:00,4.37,52895.125,37585.9,5500.125,11528.75,2025-10-25 13:00:00+02:00,2025-10-25,13,5,10,1,43086.025,54614.775,-1719.6500000000015
2025-10-25 12:00:00+00:00,4.03,51311.274999999994,36994.95,5518.125,10221.55,2025-10-25 14:00:00+02:00,2025-10-25,14,5,10,1,42513.075,52734.625,-1423.3500000000058
2025-10-25 13:00:00+00:00,3.945,50568.825,36605.600000000006,5510.35,7830.099999999999,2025-10-25 15:00:00+02:00,2025-10-25,15,5,10,1,42115.950000000004,49946.05,622.7749999999942
2025-10-25 14:00:00+00:00,5.5575,50489.2,37029.475,5564.675,4471.325,2025-10-25 16:00:00+02:00,2025-10-25,16,5,10,1,42594.15,47065.475,3423.7249999999985
2025-10-25 15:00:00+00:00,25.3075,51220.375,37501.9,5613.724999999999,1179.95,2025-10-25 17:00:00+02:00,2025-10-25,17,5,10,1,43115.625,44295.575,6924.800000000003
2025-10-25 16:00:00+00:00,55.2525,52839.8,37433.05,5665.45,30.0,2025-10-25 18:00:00+02:00,2025-10-25,18,5,10,1,43098.5,43128.5,9711.300000000003
2025-10-25 17:00:00+00:00,61.265,52645.5,37259.2,5689.625,0.0,2025-10-25 19:00:00+02:00,2025-10-25,19,5,10,1,42948.825,42948.825,9696.675000000003
2025-10-25 18:00:00+00:00,33.995,50662.774999999994,37295.1,5682.1,0.0,2025-10-25 20:00:00+02:00,2025-10-25,20,5,10,1,42977.2,42977.2,7685.574999999997
2025-10-25 19:00:00+00:00,14.1075,48445.2,37534.675,5658.45,0.0,2025-10-25 21:00:00+02:00,2025-10-25,21,5,10,1,43193.125,43193.125,5252.074999999997
2025-10-25 20:00:00+00:00,16.682499999999997,46392.925,36656.025,5613.7,0.0,2025-10-25 22:00:00+02:00,2025-10-25,22,5,10,1,42269.725,42269.725,4123.200000000004
2025-10-25 21:00:00+00:00,8.17,43933.025,36444.175,5591.7,0.0,2025-10-25 23:00:00+02:00,2025-10-25,23,5,10,1,42035.875,42035.875,1897.1500000000015
2025-10-25 22:00:00+00:00,5.5725,41754.3,32816.675,5867.299999999999,0.0,2025-10-26 00:00:00+02:00,2025-10-26,0,6,10,1,38683.975000000006,38683.975000000006,3070.324999999997
2025-10-25 23:00:00+00:00,3.6975,40818.35,33132.05,5813.525,0.0,2025-10-26 01:00:00+02:00,2025-10-26,1,6,10,1,38945.575000000004,38945.575000000004,1872.7749999999942
2025-10-26 00:00:00+00:00,3.19,39862.225,33339.75,5739.2,0.0,2025-10-26 02:00:00+02:00,2025-10-26,2,6,10,1,39078.95,39078.95,783.2750000000015
2025-10-26 01:00:00+00:00,2.015,39466.875,33801.225,5662.174999999999,0.0,2025-10-26 02:00:00+01:00,2025-10-26,2,6,10,1,39463.399999999994,39463.399999999994,3.4750000000058208
2025-10-26 02:00:00+00:00,0.3425,39212.425,34789.95,5675.425,0.0,2025-10-26 03:00:00+01:00,2025-10-26,3,6,10,1,40465.375,40465.375,-1252.949999999997
2025-10-26 03:00:00+00:00,0.10250000000000001,39285.025,35950.525,5854.7,0.0,2025-10-26 04:00:00+01:00,2025-10-26,4,6,10,1,41805.225,41805.225,-2520.199999999997
2025-10-26 04:00:00+00:00,0.10500000000000001,40201.275,37215.95,6020.225,0.0,2025-10-26 05:00:00+01:00,2025-10-26,5,6,10,1,43236.174999999996,43236.174999999996,-3034.899999999994
2025-10-26 05:00:00+00:00,0.10750000000000001,42038.600000000006,38873.75,6018.575,14.1,2025-10-26 06:00:00+01:00,2025-10-26,6,6,10,1,44892.325,44906.424999999996,-2867.82499999999
2025-10-26 06:00:00+00:00,0.10250000000000001,44789.975,38779.45,6011.725,2059.1,2025-10-26 07:00:00+01:00,2025-10-26,7,6,10,1,44791.174999999996,46850.274999999994,-2060.2999999999956
2025-10-26 07:00:00+00:00,-0.01,47748.075,38381.1,4087.1000000000004,7588.45,2025-10-26 08:00:00+01:00,2025-10-26,8,6,10,1,42468.2,50056.649999999994,-2308.574999999997
2025-10-26 08:00:00+00:00,-0.3125,50664.175,38969.625,4008.5,12440.425,2025-10-26 09:00:00+01:00,2025-10-26,9,6,10,1,42978.125,55418.55,-4754.375
2025-10-26 09:00:00+00:00,-0.065,52695.3,40054.25,3946.0,14656.525,2025-10-26 10:00:00+01:00,2025-10-26,10,6,10,1,44000.25,58656.775,-5961.4749999999985
2025-10-26 10:00:00+00:00,-0.08,53693.1,40584.625,3878.175,14500.900000000001,2025-10-26 11:00:00+01:00,2025-10-26,11,6,10,1,44462.8,58963.700000000004,-5270.600000000006
2025-10-26 11:00:00+00:00,-0.065,53285.375,41191.85,3788.775,12843.45,2025-10-26 12:00:00+01:00,2025-10-26,12,6,10,1,44980.625,57824.075,-4538.699999999997
2025-10-26 12:00:00+00:00,-0.545,52001.05,41960.775,3781.3,10999.449999999999,2025-10-26 13:00:00+01:00,2025-10-26,13,6,10,1,45742.075000000004,56741.525,-4740.4749999999985
2025-10-26 13:00:00+00:00,-0.7325,50567.775,42107.925,3767.8,8694.925,2025-10-26 14:00:00+01:00,2025-10-26,14,6,10,1,45875.725000000006,54570.65000000001,-4002.8750000000073
2025-10-26 14:00:00+00:00,-0.010000000000000009,49808.775,42739.8,3771.325,5253.775,2025-10-26 15:00:00+01:00,2025-10-26,15,6,10,1,46511.125,51764.9,-1956.125
2025-10-26 15:00:00+00:00,3.0375,50480.7,43831.475,5377.075,1489.125,2025-10-26 16:00:00+01:00,2025-10-26,16,6,10,1,49208.549999999996,50697.674999999996,-216.97499999999854
2025-10-26 16:00:00+00:00,30.002499999999998,51968.725000000006,44301.825,5277.225,31.049999999999997,2025-10-26 17:00:00+01:00,2025-10-26,17,6,10,1,49579.049999999996,49610.1,2358.6250000000073
2025-10-26 17:00:00+00:00,42.0225,53326.75,44225.85,5285.75,0.0,2025-10-26 18:00:00+01:00,2025-10-26,18,6,10,1,49511.6,49511.6,3815.1500000000015
2025-10-26 18:00:00+00:00,34.730000000000004,53514.725,43845.0,5381.775,0.0,2025-10-26 19:00:00+01:00,2025-10-26,19,6,10,1,49226.775,49226.775,4287.949999999997
2025-10-26 19:00:00+00:00,16.642500000000002,51329.25,43124.025,5512.05,0.0,2025-10-26 20:00:00+01:00,2025-10-26,20,6,10,1,48636.075000000004,48636.075000000004,2693.1749999999956
2025-10-26 20:00:00+00:00,3.065,49037.774999999994,42292.775,5764.65,0.0,2025-10-26 21:00:00+01:00,2025-10-26,21,6,10,1,48057.425,48057.425,980.3499999999913
2025-10-26 21:00:00+00:00,14.907499999999999,47451.925,41018.8,5792.075,0.0,2025-10-26 22:00:00+01:00,2025-10-26,22,6,10,1,46810.875,46810.875,641.0500000000029
2025-10-26 22:00:00+00:00,5.0600000000000005,44983.25,40523.475,5447.35,0.0,2025-10-26 23:00:00+01:00,2025-10-26,23,6,10,1,45970.825,45970.825,-987.5749999999971
2025-10-26 23:00:00+00:00,1.3424999999999998,42989.15,40126.925,4312.1,0.0,2025-10-27 00:00:00+01:00,2025-10-27,0,0,10,0,44439.025,44439.025,-1449.875
2025-10-27 00:00:00+00:00,1.8250000000000002,42252.5,39285.45,3514.925,0.0,2025-10-27 01:00:00+01:00,2025-10-27,1,0,10,0,42800.375,42800.375,-547.875
2025-10-27 01:00:00+00:00,1.25,42053.325,39058.45,3320.975,0.0,2025-10-27 02:00:00+01:00,2025-10-27,2,0,10,0,42379.424999999996,42379.424999999996,-326.09999999999854
2025-10-27 02:00:00+00:00,-0.0025,42876.25,38501.2,3438.775,0.0,2025-10-27 03:00:00+01:00,2025-10-27,3,0,10,0,41939.975,41939.975,936.2750000000015
2025-10-27 03:00:00+00:00,1.3074999999999999,44767.675,37431.3,3599.325,0.0,2025-10-27 04:00:00+01:00,2025-10-27,4,0,10,0,41030.625,41030.625,3737.050000000003
2025-10-27 04:00:00+00:00,10.782499999999999,49331.925,36323.675,3691.0499999999997,0.0,2025-10-27 05:00:00+01:00,2025-10-27,5,0,10,0,40014.725000000006,40014.725000000006,9317.199999999997
2025-10-27 05:00:00+00:00,55.0,57470.899999999994,36079.75,3776.15,6.1,2025-10-27 06:00:00+01:00,2025-10-27,6,0,10,0,39855.9,39862.0,17608.899999999994
2025-10-27 06:00:00+00:00,86.065,63085.9,34974.7,3864.025,487.775,2025-10-27 07:00:00+01:00,2025-10-27,7,0,10,0,38838.725,39326.5,23759.4
2025-10-27 07:00:00+00:00,100.14750000000001,65764.55,34066.2,3894.375,2215.75,2025-10-27 08:00:00+01:00,2025-10-27,8,0,10,0,37960.575,40176.325,25588.225000000006
2025-10-27 08:00:00+00:00,101.86,66597.0,33426.825,3970.175,4612.725,2025-10-27 09:00:00+01:00,2025-10-27,9,0,10,0,37397.0,42009.725,24587.275
2025-10-27 09:00:00+00:00,96.7375,67670.125,33011.424999999996,4257.075,6886.275,2025-10-27 10:00:00+01:00,2025-10-27,10,0,10,0,37268.49999999999,44154.774999999994,23515.350000000006
2025-10-27 10:00:00+00:00,94.6325,68143.15000000001,32788.55,4813.975,8668.275,2025-10-27 11:00:00+01:00,2025-10-27,11,0,10,0,37602.525,46270.8,21872.350000000006
2025-10-27 11:00:00+00:00,82.6975,67877.525,32801.825,5225.625,9655.6,2025-10-27 12:00:00+01:00,2025-10-27,12,0,10,0,38027.45,47683.049999999996,20194.475
2025-10-27 12:00:00+00:00,81.1225,66919.175,33044.325,5333.7,9268.05,2025-10-27 13:00:00+01:00,2025-10-27,13,0,10,0,38378.024999999994,47646.075,19273.100000000006
2025-10-27 13:00:00+00:00,83.3475,65822.95,32860.5,5328.225,7581.5,2025-10-27 14:00:00+01:00,2025-10-27,14,0,10,0,38188.725,45770.225,20052.725
2025-10-27 14:00:00+00:00,83.66499999999999,64531.725000000006,32882.9,5326.325,4567.575,2025-10-27 15:00:00+01:00,2025-10-27,15,0,10,0,38209.225,42776.799999999996,21754.92500000001
2025-10-27 15:00:00+00:00,99.2325,64091.05,33011.05,5414.125,1203.275,2025-10-27 16:00:00+01:00,2025-10-27,16,0,10,0,38425.175,39628.450000000004,24462.6
2025-10-27 16:00:00+00:00,110.71000000000001,64693.025,33088.15,5515.125,27.175,2025-10-27 17:00:00+01:00,2025-10-27,17,0,10,0,38603.275,38630.450000000004,26062.574999999997
2025-10-27 17:00:00+00:00,126.5375,65825.57500000001,33575.475,5581.15,0.0,2025-10-27 18:00:00+01:00,2025-10-27,18,0,10,0,39156.625,39156.625,26668.95000000001
2025-10-27 18:00:00+00:00,113.4975,64934.2,34510.975,5583.8,0.0,2025-10-27 19:00:00+01:00,2025-10-27,19,0,10,0,40094.775,40094.775,24839.424999999996
2025-10-27 19:00:00+00:00,95.035,61588.4,35668.4,5616.1,0.0,2025-10-27 20:00:00+01:00,2025-10-27,20,0,10,0,41284.5,41284.5,20303.9
2025-10-27 20:00:00+00:00,77.94,57884.325,36374.75,5639.1,0.0,2025-10-27 21:00:00+01:00,2025-10-27,21,0,10,0,42013.85,42013.85,15870.474999999999
2025-10-27 21:00:00+00:00,74.48,54413.4,36107.025,5715.525,0.0,2025-10-27 22:00:00+01:00,2025-10-27,22,0,10,0,41822.55,41822.55,12590.849999999999
2025-10-27 22:00:00+00:00,62.425,50571.75,36312.375,5821.025,0.0,2025-10-27 23:00:00+01:00,2025-10-27,23,0,10,0,42133.4,42133.4,8438.349999999999
2025-10-27 23:00:00+00:00,44.11,47329.875,37194.05,6012.0,0.0,2025-10-28 00:00:00+01:00,2025-10-28,0,1,10,0,43206.05,43206.05,4123.824999999997
2025-10-28 00:00:00+00:00,28.8825,45818.125,36959.225,6022.075,0.0,2025-10-28 01:00:00+01:00,2025-10-28,1,1,10,0,42981.299999999996,42981.299999999996,2836.8250000000044
2025-10-28 01:00:00+00:00,18.5425,45083.425,36391.325000000004,6056.775,0.0,2025-10-28 02:00:00+01:00,2025-10-28,2,1,10,0,42448.100000000006,42448.100000000006,2635.324999999997
2025-10-28 02:00:00+00:00,10.2225,45548.925,35642.25,6162.425,0.0,2025-10-28 03:00:00+01:00,2025-10-28,3,1,10,0,41804.675,41804.675,3744.25
2025-10-28 03:00:00+00:00,10.9525,46941.25,34881.95,5963.475,0.0,2025-10-28 04:00:00+01:00,2025-10-28,4,1,10,0,40845.424999999996,40845.424999999996,6095.825000000004
2025-10-28 04:00:00+00:00,30.4075,50306.375,34543.3,5359.2,0.0,2025-10-28 05:00:00+01:00,2025-10-28,5,1,10,0,39902.5,39902.5,10403.875
2025-10-28 05:00:00+00:00,59.522499999999994,56620.174999999996,35016.425,4714.15,2.575,2025-10-28 06:00:00+01:00,2025-10-28,6,1,10,0,39730.575000000004,39733.15,16887.024999999994
2025-10-28 06:00:00+00:00,80.3825,61704.225,34043.375,4729.675,908.9,2025-10-28 07:00:00+01:00,2025-10-28,7,1,10,0,38773.05,39681.950000000004,22022.274999999994
2025-10-28 07:00:00+00:00,89.395,64352.625,33704.1,5274.2,3476.925,2025-10-28 08:00:00+01:00,2025-10-28,8,1,10,0,38978.299999999996,42455.225,21897.4
2025-10-28 08:00:00+00:00,87.36500000000001,65259.775,34187.85,5624.225,5732.175,2025-10-28 09:00:00+01:00,2025-10-28,9,1,10,0,39812.075,45544.25,19715.525
2025-10-28 09:00:00+00:00,81.0025,66297.925,34895.625,5531.225,7435.6,2025-10-28 10:00:00+01:00,2025-10-28,10,1,10,0,40426.85,47862.45,18435.475000000006
2025-10-28 10:00:00+00:00,75.41499999999999,66898.975,35778.45,5457.425,8892.775000000001,2025-10-28 11:00:00+01:00,2025-10-28,11,1,10,0,41235.875,50128.65,16770.325000000004
2025-10-28 11:00:00+00:00,67.56,66523.17499999999,36921.950000000004,5470.05,9856.275,2025-10-28 12:00:00+01:00,2025-10-28,12,1,10,0,42392.00000000001,52248.27500000001,14274.89999999998
2025-10-28 12:00:00+00:00,62.3025,65695.175,38367.25,5521.875,9845.3,2025-10-28 13:00:00+01:00,2025-10-28,13,1,10,0,43889.125,53734.425,11960.75
2025-10-28 13:00:00+00:00,64.42,64563.149999999994,38806.0,5589.725,8137.9,2025-10-28 14:00:00+01:00,2025-10-28,14,1,10,0,44395.725,52533.625,12029.524999999994
2025-10-28 14:00:00+00:00,73.0975,63635.075,38302.55,5655.95,4812.325,2025-10-28 15:00:00+01:00,2025-10-28,15,1,10,0,43958.5,48770.825,14864.25
2025-10-28 15:00:00+00:00,80.07249999999999,63100.6,37269.024999999994,5614.05,1230.9,2025-10-28 16:00:00+01:00,2025-10-28,16,1,10,0,42883.075,44113.975,18986.625
2025-10-28 16:00:00+00:00,93.8325,63507.5,36383.325,5581.325,21.2,2025-10-28 17:00:00+01:00,2025-10-28,17,1,10,0,41964.649999999994,41985.84999999999,21521.65000000001
2025-10-28 17:00:00+00:00,110.22999999999999,64746.85,35715.725,5441.075,0.0,2025-10-28 18:00:00+01:00,2025-10-28,18,1,10,0,41156.799999999996,41156.799999999996,23590.050000000003
2025-10-28 18:00:00+00:00,106.91250000000001,63980.225,35251.675,5371.95,0.0,2025-10-28 19:00:00+01:00,2025-10-28,19,1,10,0,40623.625,40623.625,23356.6
2025-10-28 19:00:00+00:00,91.925,60522.8,35218.625,5398.5,0.0,2025-10-28 20:00:00+01:00,2025-10-28,20,1,10,0,40617.125,40617.125,19905.675000000003
2025-10-28 20:00:00+00:00,80.8375,56942.55,34650.375,5405.85,0.0,2025-10-28 21:00:00+01:00,2025-10-28,21,1,10,0,40056.225,40056.225,16886.325000000004
2025-10-28 21:00:00+00:00,79.58,53541.899999999994,33092.55,5473.375,0.0,2025-10-28 22:00:00+01:00,2025-10-28,22,1,10,0,38565.925,38565.925,14975.974999999991
2025-10-28 22:00:00+00:00,73.2225,49944.8,32135.35,5691.075,0.0,2025-10-28 23:00:00+01:00,2025-10-28,23,1,10,0,37826.424999999996,37826.424999999996,12118.375000000007
2025-10-28 23:00:00+00:00,58.8025,47276.675,32156.775,5720.7,0.0,2025-10-29 00:00:00+01:00,2025-10-29,0,2,10,0,37877.475,37877.475,9399.200000000004
2025-10-29 00:00:00+00:00,54.035,45982.75,30616.425,5914.85,0.0,2025-10-29 01:00:00+01:00,2025-10-29,1,2,10,0,36531.275,36531.275,9451.474999999999
2025-10-29 01:00:00+00:00,54.155,45505.325,28886.725,6060.650000000001,0.0,2025-10-29 02:00:00+01:00,2025-10-29,2,2,10,0,34947.375,34947.375,10557.949999999997
2025-10-29 02:00:00+00:00,56.3475,45759.425,27227.85,6175.099999999999,0.0,2025-10-29 03:00:00+01:00,2025-10-29,3,2,10,0,33402.95,33402.95,12356.475000000006
2025-10-29 03:00:00+00:00,54.725,46997.65,25560.475,6219.0,0.0,2025-10-29 04:00:00+01:00,2025-10-29,4,2,10,0,31779.475,31779.475,15218.175000000003
2025-10-29 04:00:00+00:00,66.6175,50220.45,23959.025,6223.875,0.0,2025-10-29 05:00:00+01:00,2025-10-29,5,2,10,0,30182.9,30182.9,20037.549999999996
2025-10-29 05:00:00+00:00,95.4325,56408.175,22912.75,6209.9,1.925,2025-10-29 06:00:00+01:00,2025-10-29,6,2,10,0,29122.65,29124.575,27283.600000000002
2025-10-29 06:00:00+00:00,107.5325,61639.05,21443.6,6260.9,2153.375,2025-10-29 07:00:00+01:00,2025-10-29,7,2,10,0,27704.5,29857.875,31781.175000000003
2025-10-29 07:00:00+00:00,100.265,64454.75,20038.9,6339.6,8977.2,2025-10-29 08:00:00+01:00,2025-10-29,8,2,10,0,26378.5,35355.7,29099.050000000003
2025-10-29 08:00:00+00:00,85.805,64995.2,18619.675,6390.2,16490.575,2025-10-29 09:00:00+01:00,2025-10-29,9,2,10,0,25009.875,41500.45,23494.75
2025-10-29 09:00:00+00:00,71.9525,65848.3,18042.9,6246.925,22020.35,2025-10-29 10:00:00+01:00,2025-10-29,10,2,10,0,24289.825,46310.175,19538.125
2025-10-29 10:00:00+00:00,70.2125,66283.875,18419.5,5957.35,24246.75,2025-10-29 11:00:00+01:00,2025-10-29,11,2,10,0,24376.85,48623.6,17660.275
2025-10-29 11:00:00+00:00,70.8375,66050.6,18441.875,5684.375,23173.3,2025-10-29 12:00:00+01:00,2025-10-29,12,2,10,0,24126.25,47299.55,18751.050000000003
2025-10-29 12:00:00+00:00,77.1125,65395.675,18219.2,5507.95,19679.175,2025-10-29 13:00:00+01:00,2025-10-29,13,2,10,0,23727.15,43406.325,21989.350000000006
2025-10-29 13:00:00+00:00,88.8525,64098.4,17766.6,5373.425,14092.775,2025-10-29 14:00:00+01:00,2025-10-29,14,2,10,0,23140.024999999998,37232.799999999996,26865.600000000006
2025-10-29 14:00:00+00:00,116.3575,63116.5,17603.175,5169.85,7122.575,2025-10-29 15:00:00+01:00,2025-10-29,15,2,10,0,22773.025,29895.600000000002,33220.899999999994
2025-10-29 15:00:00+00:00,126.23249999999999,62612.925,18477.75,4973.25,1502.35,2025-10-29 16:00:00+01:00,2025-10-29,16,2,10,0,23451.0,24953.35,37659.575000000004
2025-10-29 16:00:00+00:00,126.975,63218.8,20062.175,4651.625,21.625,2025-10-29 17:00:00+01:00,2025-10-29,17,2,10,0,24713.8,24735.425,38483.375
2025-10-29 17:00:00+00:00,128.7425,64547.575,21590.025,4262.05,0.0,2025-10-29 18:00:00+01:00,2025-10-29,18,2,10,0,25852.075,25852.075,38695.5
2025-10-29 18:00:00+00:00,113.5425,63648.8,22549.8,3842.575,0.0,2025-10-29 19:00:00+01:00,2025-10-29,19,2,10,0,26392.375,26392.375,37256.425
2025-10-29 19:00:00+00:00,102.65,60297.55,22846.85,3440.625,0.0,2025-10-29 20:00:00+01:00,2025-10-29,20,2,10,0,26287.475,26287.475,34010.075000000004
2025-10-29 20:00:00+00:00,96.5025,56760.85,22376.75,3029.25,0.0,2025-10-29 21:00:00+01:00,2025-10-29,21,2,10,0,25406.0,25406.0,31354.85
2025-10-29 21:00:00+00:00,94.4225,53327.65,21357.825,2632.45,0.0,2025-10-29 22:00:00+01:00,2025-10-29,22,2,10,0,23990.275,23990.275,29337.375
2025-10-29 22:00:00+00:00,87.1425,49560.55,20911.025,2389.85,0.0,2025-10-29 23:00:00+01:00,2025-10-29,23,2,10,0,23300.875,23300.875,26259.675000000003
2025-10-29 23:00:00+00:00,75.245,47359.6,23851.75,3276.725,0.0,2025-10-30 00:00:00+01:00,2025-10-30,0,3,10,0,27128.475,27128.475,20231.125
2025-10-30 00:00:00+00:00,70.105,46010.975,24433.65,3009.325,0.0,2025-10-30 01:00:00+01:00,2025-10-30,1,3,10,0,27442.975000000002,27442.975000000002,18567.999999999996
2025-10-30 01:00:00+00:00,65.525,45779.175,25487.975,3154.45,0.0,2025-10-30 02:00:00+01:00,2025-10-30,2,3,10,0,28642.425,28642.425,17136.750000000004
2025-10-30 02:00:00+00:00,60.4175,46096.175,27161.65,3883.025,0.0,2025-10-30 03:00:00+01:00,2025-10-30,3,3,10,0,31044.675000000003,31044.675000000003,15051.5
2025-10-30 03:00:00+00:00,57.1525,47339.975,29142.9,4871.375,0.0,2025-10-30 04:00:00+01:00,2025-10-30,4,3,10,0,34014.275,34014.275,13325.699999999997
2025-10-30 04:00:00+00:00,60.0125,51067.6,31345.825,5637.4,0.0,2025-10-30 05:00:00+01:00,2025-10-30,5,3,10,0,36983.225,36983.225,14084.375
2025-10-30 05:00:00+00:00,69.1775,57433.5,34216.375,5927.6,0.175,2025-10-30 06:00:00+01:00,2025-10-30,6,3,10,0,40143.975,40144.15,17289.35
2025-10-30 06:00:00+00:00,79.9375,62478.175,35814.0,5872.825,844.025,2025-10-30 07:00:00+01:00,2025-10-30,7,3,10,0,41686.825,42530.85,19947.325000000004
2025-10-30 07:00:00+00:00,85.2975,64944.95,36901.350000000006,5672.025,5210.5,2025-10-30 08:00:00+01:00,2025-10-30,8,3,10,0,42573.37500000001,47783.87500000001,17161.07499999999
2025-10-30 08:00:00+00:00,66.7225,65829.025,37239.35,5580.5,12083.2,2025-10-30 09:00:00+01:00,2025-10-30,9,3,10,0,42819.85,54903.05,10925.974999999991
2025-10-30 09:00:00+00:00,42.902499999999996,66649.65,36401.3,5595.1,19172.725,2025-10-30 10:00:00+01:00,2025-10-30,10,3,10,0,41996.4,61169.125,5480.524999999994
2025-10-30 10:00:00+00:00,7.0825000000000005,67370.275,35615.6,5602.725,24164.2,2025-10-30 11:00:00+01:00,2025-10-30,11,3,10,0,41218.325,65382.524999999994,1987.75
2025-10-30 11:00:00+00:00,-0.0025,66685.35,34774.3,5542.6,25984.05,2025-10-30 12:00:00+01:00,2025-10-30,12,3,10,0,40316.9,66300.95,384.40000000000873
2025-10-30 12:00:00+00:00,0.0024999999999999988,65231.875,33987.825,5512.3,24376.5,2025-10-30 13:00:00+01:00,2025-10-30,13,3,10,0,39500.125,63876.625,1355.25
2025-10-30 13:00:00+00:00,31.2925,63363.025,32292.8,5505.375,19088.175,2025-10-30 14:00:00+01:00,2025-10-30,14,3,10,0,37798.175,56886.350000000006,6476.674999999996
2025-10-30 14:00:00+00:00,69.8,62789.15,28807.675,5417.25,10470.025,2025-10-30 15:00:00+01:00,2025-10-30,15,3,10,0,34224.925,44694.950000000004,18094.199999999997
2025-10-30 15:00:00+00:00,85.295,63489.65,25022.05,5236.4,2318.175,2025-10-30 16:00:00+01:00,2025-10-30,16,3,10,0,30258.449999999997,32576.624999999996,30913.025000000005
2025-10-30 16:00:00+00:00,117.93,64992.75,22562.35,4892.15,16.6,2025-10-30 17:00:00+01:00,2025-10-30,17,3,10,0,27454.5,27471.1,37521.65
2025-10-30 17:00:00+00:00,117.6975,65365.95,20983.15,4378.425,0.0,2025-10-30 18:00:00+01:00,2025-10-30,18,3,10,0,25361.575,25361.575,40004.375
2025-10-30 18:00:00+00:00,117.6725,64106.325,19536.45,3830.7,0.0,2025-10-30 19:00:00+01:00,2025-10-30,19,3,10,0,23367.15,23367.15,40739.174999999996
2025-10-30 19:00:00+00:00,105.2875,60774.95,18194.35,3342.975,0.0,2025-10-30 20:00:00+01:00,2025-10-30,20,3,10,0,21537.324999999997,21537.324999999997,39237.625
2025-10-30 20:00:00+00:00,98.035,57081.5,16610.3,3052.65,0.0,2025-10-30 21:00:00+01:00,2025-10-30,21,3,10,0,19662.95,19662.95,37418.55
2025-10-30 21:00:00+00:00,98.44,53694.1,15114.75,3026.45,0.0,2025-10-30 22:00:00+01:00,2025-10-30,22,3,10,0,18141.2,18141.2,35552.899999999994
2025-10-30 22:00:00+00:00,84.8325,50315.675,14390.475,3103.6,0.0,2025-10-30 23:00:00+01:00,2025-10-30,23,3,10,0,17494.075,17494.075,32821.600000000006
2025-10-30 23:00:00+00:00,87.74000000000001,45996.075,11795.575,2824.225,0.0,2025-10-31 00:00:00+01:00,2025-10-31,0,4,10,0,14619.800000000001,14619.800000000001,31376.274999999994
2025-10-31 00:00:00+00:00,78.1575,44432.175,11267.45,2936.525,0.0,2025-10-31 01:00:00+01:00,2025-10-31,1,4,10,0,14203.975,14203.975,30228.200000000004
2025-10-31 01:00:00+00:00,74.74,43876.625,11217.05,3268.4,0.0,2025-10-31 02:00:00+01:00,2025-10-31,2,4,10,0,14485.449999999999,14485.449999999999,29391.175000000003
2025-10-31 02:00:00+00:00,75.675,44340.925,11209.0,3681.725,0.0,2025-10-31 03:00:00+01:00,2025-10-31,3,4,10,0,14890.725,14890.725,29450.200000000004
2025-10-31 03:00:00+00:00,79.7625,45742.375,11275.325,4026.1,0.0,2025-10-31 04:00:00+01:00,2025-10-31,4,4,10,0,15301.425000000001,15301.425000000001,30440.949999999997
2025-10-31 04:00:00+00:00,91.825,49023.9,11522.3,4327.450000000001,0.0,2025-10-31 05:00:00+01:00,2025-10-31,5,4,10,0,15849.75,15849.75,33174.15
2025-10-31 05:00:00+00:00,120.385,54551.775,12022.35,4609.4,0.4,2025-10-31 06:00:00+01:00,2025-10-31,6,4,10,0,16631.75,16632.15,37919.625
2025-10-31 06:00:00+00:00,119.5725,59763.25,12451.8,4793.425,2014.1,2025-10-31 07:00:00+01:00,2025-10-31,7,4,10,0,17245.225,19259.324999999997,40503.925
2025-10-31 07:00:00+00:00,108.765,62561.3,12628.575,4869.25,9322.975,2025-10-31 08:00:00+01:00,2025-10-31,8,4,10,0,17497.825,26820.800000000003,35740.5
2025-10-31 08:00:00+00:00,83.0125,62803.7,12005.175,4829.175,17809.2,2025-10-31 09:00:00+01:00,2025-10-31,9,4,10,0,16834.35,34643.55,28160.149999999994
2025-10-31 09:00:00+00:00,75.67,63489.625,9974.775,4654.75,24443.1,2025-10-31 10:00:00+01:00,2025-10-31,10,4,10,0,14629.525,39072.625,24417.0
2025-10-31 10:00:00+00:00,74.0875,64199.274999999994,7744.349999999999,4344.05,28062.875,2025-10-31 11:00:00+01:00,2025-10-31,11,4,10,0,12088.4,40151.275,24047.999999999993
2025-10-31 11:00:00+00:00,75.99000000000001,63817.775,6836.35,4005.425,27987.45,2025-10-31 12:00:00+01:00,2025-10-31,12,4,10,0,10841.775000000001,38829.225000000006,24988.549999999996
2025-10-31 12:00:00+00:00,84.2075,62412.375,6874.875,3771.05,23966.4,2025-10-31 13:00:00+01:00,2025-10-31,13,4,10,0,10645.925,34612.325,27800.050000000003
2025-10-31 13:00:00+00:00,106.69999999999999,60790.475,7597.875,3673.825,16678.475,2025-10-31 14:00:00+01:00,2025-10-31,14,4,10,0,11271.7,27950.175,32840.3
2025-10-31 14:00:00+00:00,127.0775,59545.450000000004,9582.375,3871.525,8327.3,2025-10-31 15:00:00+01:00,2025-10-31,15,4,10,0,13453.9,21781.199999999997,37764.25000000001
2025-10-31 15:00:00+00:00,132.0475,60701.55,13103.175,4204.8,1653.475,2025-10-31 16:00:00+01:00,2025-10-31,16,4,10,0,17307.975,18961.449999999997,41740.100000000006
2025-10-31 16:00:00+00:00,122.17500000000001,61341.325,16751.8,4545.05,13.925,2025-10-31 17:00:00+01:00,2025-10-31,17,4,10,0,21296.85,21310.774999999998,40030.55
2025-10-31 17:00:00+00:00,107.28,61851.575,19298.85,4883.075,0.0,2025-10-31 18:00:00+01:00,2025-10-31,18,4,10,0,24181.925,24181.925,37669.649999999994
2025-10-31 18:00:00+00:00,90.005,60127.85,20501.65,5236.0,0.0,2025-10-31 19:00:00+01:00,2025-10-31,19,4,10,0,25737.65,25737.65,34390.2
2025-10-31 19:00:00+00:00,86.0475,56648.174999999996,20852.225,5454.425,0.0,2025-10-31 20:00:00+01:00,2025-10-31,20,4,10,0,26306.649999999998,26306.649999999998,30341.524999999998
2025-10-31 20:00:00+00:00,87.465,53044.675,20611.75,5531.95,0.0,2025-10-31 21:00:00+01:00,2025-10-31,21,4,10,0,26143.7,26143.7,26900.975000000002
2025-10-31 21:00:00+00:00,81.845,49764.65,19858.025,5517.7,0.0,2025-10-31 22:00:00+01:00,2025-10-31,22,4,10,0,25375.725000000002,25375.725000000002,24388.925
2025-10-31 22:00:00+00:00,67.60249999999999,46619.275,19296.275,5536.375,0.0,2025-10-31 23:00:00+01:00,2025-10-31,23,4,10,0,24832.65,24832.65,21786.625
2025-10-31 23:00:00+00:00,54.707499999999996,43511.3,18393.925,5519.275000000001,0.0,2025-11-01 00:00:00+01:00,2025-11-01,0,5,11,1,23913.2,23913.2,19598.100000000002
2025-11-01 00:00:00+00:00,38.115,41712.575,18040.625,5477.375,0.0,2025-11-01 01:00:00+01:00,2025-11-01,1,5,11,1,23518.0,23518.0,18194.574999999997
2025-11-01 01:00:00+00:00,28.2725,40752.325,17883.6,5421.225,0.0,2025-11-01 02:00:00+01:00,2025-11-01,2,5,11,1,23304.824999999997,23304.824999999997,17447.5
2025-11-01 02:00:00+00:00,29.9575,40223.825,18113.6,5373.8,0.0,2025-11-01 03:00:00+01:00,2025-11-01,3,5,11,1,23487.399999999998,23487.399999999998,16736.425
2025-11-01 03:00:00+00:00,19.9025,40204.775,18735.3,5352.5,0.0,2025-11-01 04:00:00+01:00,2025-11-01,4,5,11,1,24087.8,24087.8,16116.975000000002
2025-11-01 04:00:00+00:00,15.3275,39512.95,19788.925,5419.975,0.0,2025-11-01 05:00:00+01:00,2025-11-01,5,5,11,1,25208.9,25208.9,14304.049999999996
2025-11-01 05:00:00+00:00,11.6275,39501.85,21128.225,5606.275,0.1,2025-11-01 06:00:00+01:00,2025-11-01,6,5,11,1,26734.5,26734.6,12767.25
2025-11-01 06:00:00+00:00,17.605,41980.25,21701.9,5591.55,1622.725,2025-11-01 07:00:00+01:00,2025-11-01,7,5,11,1,27293.45,28916.175,13064.075
2025-11-01 07:00:00+00:00,29.95,45208.675,22138.35,5545.525000000001,7453.575,2025-11-01 08:00:00+01:00,2025-11-01,8,5,11,1,27683.875,35137.45,10071.225000000006
2025-11-01 08:00:00+00:00,27.045,48396.4,21845.75,5475.2,13325.85,2025-11-01 09:00:00+01:00,2025-11-01,9,5,11,1,27320.95,40646.8,7749.5999999999985
2025-11-01 09:00:00+00:00,18.299999999999997,50633.8,20678.675,5439.25,17124.65,2025-11-01 10:00:00+01:00,2025-11-01,10,5,11,1,26117.925,43242.575,7391.225000000006
2025-11-01 10:00:00+00:00,15.7575,51943.4,19417.95,5481.025,18190.0,2025-11-01 11:00:00+01:00,2025-11-01,11,5,11,1,24898.975,43088.975,8854.425000000003
2025-11-01 11:00:00+00:00,21.015,51806.9,19208.625,5550.325,16302.2,2025-11-01 12:00:00+01:00,2025-11-01,12,5,11,1,24758.95,41061.15,10745.75
2025-11-01 12:00:00+00:00,31.740000000000002,50197.425,20238.6,5686.275,12255.525,2025-11-01 13:00:00+01:00,2025-11-01,13,5,11,1,25924.875,38180.4,12017.025000000001
2025-11-01 13:00:00+00:00,54.0025,48589.075,21706.775,5850.5,7710.975,2025-11-01 14:00:00+01:00,2025-11-01,14,5,11,1,27557.275,35268.25,13320.824999999997
2025-11-01 14:00:00+00:00,59.0725,47816.225,22937.575,6063.975,3533.725,2025-11-01 15:00:00+01:00,2025-11-01,15,5,11,1,29001.550000000003,32535.275,15280.949999999997
2025-11-01 15:00:00+00:00,76.58500000000001,48441.6,23622.975,6253.799999999999,629.125,2025-11-01 16:00:00+01:00,2025-11-01,16,5,11,1,29876.774999999998,30505.899999999998,17935.7
2025-11-01 16:00:00+00:00,88.78999999999999,49993.05,23772.95,6391.975,9.675,2025-11-01 17:00:00+01:00,2025-11-01,17,5,11,1,30164.925000000003,30174.600000000002,19818.45
2025-11-01 17:00:00+00:00,89.055,51512.375,23598.05,6398.85,0.0,2025-11-01 18:00:00+01:00,2025-11-01,18,5,11,1,29996.9,29996.9,21515.475
2025-11-01 18:00:00+00:00,86.4,51323.3,23356.325,6360.45,0.0,2025-11-01 19:00:00+01:00,2025-11-01,19,5,11,1,29716.775,29716.775,21606.525
2025-11-01 19:00:00+00:00,86.1975,48916.175,23031.0,6284.65,0.0,2025-11-01 20:00:00+01:00,2025-11-01,20,5,11,1,29315.65,29315.65,19600.525
2025-11-01 20:00:00+00:00,83.2825,46766.275,22001.175,6021.15,0.0,2025-11-01 21:00:00+01:00,2025-11-01,21,5,11,1,28022.324999999997,28022.324999999997,18743.950000000004
2025-11-01 21:00:00+00:00,82.93,45162.675,20169.1,5620.575,0.0,2025-11-01 22:00:00+01:00,2025-11-01,22,5,11,1,25789.675,25789.675,19373.000000000004
2025-11-01 22:00:00+00:00,77.5075,42887.2,18647.375,5242.4,0.0,2025-11-01 23:00:00+01:00,2025-11-01,23,5,11,1,23889.775,23889.775,18997.424999999996
2025-11-01 23:00:00+00:00,64.285,41002.25,18165.525,5096.425,0.0,2025-11-02 00:00:00+01:00,2025-11-02,0,6,11,1,23261.95,23261.95,17740.3
2025-11-02 00:00:00+00:00,60.3275,39787.575,16940.05,4976.325,0.0,2025-11-02 01:00:00+01:00,2025-11-02,1,6,11,1,21916.375,21916.375,17871.199999999997
2025-11-02 01:00:00+00:00,60.9775,39462.925,16323.4,5058.15,0.0,2025-11-02 02:00:00+01:00,2025-11-02,2,6,11,1,21381.55,21381.55,18081.375000000004
2025-11-02 02:00:00+00:00,62.7325,39522.75,15967.375,5230.975,0.0,2025-11-02 03:00:00+01:00,2025-11-02,3,6,11,1,21198.35,21198.35,18324.4
2025-11-02 03:00:00+00:00,67.0175,40087.9,15650.5,5163.45,0.0,2025-11-02 04:00:00+01:00,2025-11-02,4,6,11,1,20813.95,20813.95,19273.95
2025-11-02 04:00:00+00:00,68.81,41752.975000000006,15500.7,4979.775,0.0,2025-11-02 05:00:00+01:00,2025-11-02,5,6,11,1,20480.475,20480.475,21272.500000000007
2025-11-02 05:00:00+00:00,70.3475,44011.075,15683.475,4889.5,0.0,2025-11-02 06:00:00+01:00,2025-11-02,6,6,11,1,20572.975,20572.975,23438.1
2025-11-02 06:00:00+00:00,75.53,46571.525,15362.3,4732.35,465.5,2025-11-02 07:00:00+01:00,2025-11-02,7,6,11,1,20094.65,20560.15,26011.375
2025-11-02 07:00:00+00:00,77.12,49304.525,14660.575,4409.55,2745.45,2025-11-02 08:00:00+01:00,2025-11-02,8,6,11,1,19070.125,21815.575,27488.95
2025-11-02 08:00:00+00:00,78.4575,51427.3,13447.275,4050.3500000000004,5749.7,2025-11-02 09:00:00+01:00,2025-11-02,9,6,11,1,17497.625,23247.325,28179.975000000002
2025-11-02 09:00:00+00:00,74.99,53260.25,12231.4,3791.8,8125.174999999999,2025-11-02 10:00:00+01:00,2025-11-02,10,6,11,1,16023.2,24148.375,29111.875
2025-11-02 10:00:00+00:00,74.97999999999999,54523.35,11289.95,3634.1,9323.6,2025-11-02 11:00:00+01:00,2025-11-02,11,6,11,1,14924.050000000001,24247.65,30275.699999999997
2025-11-02 11:00:00+00:00,75.2125,54800.6,10306.025,3471.55,9282.325,2025-11-02 12:00:00+01:00,2025-11-02,12,6,11,1,13777.575,23059.9,31740.699999999997
2025-11-02 12:00:00+00:00,83.1625,53536.5,9393.4,3223.8,8266.824999999999,2025-11-02 13:00:00+01:00,2025-11-02,13,6,11,1,12617.2,20884.025,32652.475
2025-11-02 13:00:00+00:00,92.55,52107.675,8321.025,3010.35,6197.7,2025-11-02 14:00:00+01:00,2025-11-02,14,6,11,1,11331.375,17529.075,34578.600000000006
2025-11-02 14:00:00+00:00,110.6525,52060.675,7568.424999999999,2931.5,3269.5750000000003,2025-11-02 15:00:00+01:00,2025-11-02,15,6,11,1,10499.925,13769.5,38291.175
2025-11-02 15:00:00+00:00,116.5025,53190.125,7706.7,3013.825,718.7,2025-11-02 16:00:00+01:00,2025-11-02,16,6,11,1,10720.525,11439.225,41750.9
2025-11-02 16:00:00+00:00,132.0725,55604.475,8738.35,3171.5,16.125,2025-11-02 17:00:00+01:00,2025-11-02,17,6,11,1,11909.85,11925.975,43678.5
2025-11-02 17:00:00+00:00,130.4075,56631.975000000006,10104.85,3222.625,0.0,2025-11-02 18:00:00+01:00,2025-11-02,18,6,11,1,13327.475,13327.475,43304.50000000001
2025-11-02 18:00:00+00:00,113.6075,55372.4,11563.4,3255.425,0.0,2025-11-02 19:00:00+01:00,2025-11-02,19,6,11,1,14818.825,14818.825,40553.575
2025-11-02 19:00:00+00:00,98.6,53144.35,13012.25,3195.075,0.0,2025-11-02 20:00:00+01:00,2025-11-02,20,6,11,1,16207.325,16207.325,36937.024999999994
2025-11-02 20:00:00+00:00,95.33,51260.1,14041.5,3036.925,0.0,2025-11-02 21:00:00+01:00,2025-11-02,21,6,11,1,17078.425,17078.425,34181.675
2025-11-02 21:00:00+00:00,93.17750000000001,49137.65,14660.625,2880.15,0.0,2025-11-02 22:00:00+01:00,2025-11-02,22,6,11,1,17540.775,17540.775,31596.875
2025-11-02 22:00:00+00:00,85.04249999999999,46407.925,15216.1,2949.3,0.0,2025-11-02 23:00:00+01:00,2025-11-02,23,6,11,1,18165.4,18165.4,28242.525
2025-11-02 23:00:00+00:00,82.44,43582.825,16549.9,3340.225,0.0,2025-11-03 00:00:00+01:00,2025-11-03,0,0,11,0,19890.125,19890.125,23692.699999999997
2025-11-03 00:00:00+00:00,80.105,42371.2,16944.4,3487.05,0.0,2025-11-03 01:00:00+01:00,2025-11-03,1,0,11,0,20431.45,20431.45,21939.749999999996
2025-11-03 01:00:00+00:00,74.9975,42030.275,17218.6,3703.25,0.0,2025-11-03 02:00:00+01:00,2025-11-03,2,0,11,0,20921.85,20921.85,21108.425000000003
2025-11-03 02:00:00+00:00,73.14,42232.225,17363.55,4057.125,0.0,2025-11-03 03:00:00+01:00,2025-11-03,3,0,11,0,21420.675,21420.675,20811.55
2025-11-03 03:00:00+00:00,74.9725,43614.175,17413.6,4360.05,0.0,2025-11-03 04:00:00+01:00,2025-11-03,4,0,11,0,21773.649999999998,21773.649999999998,21840.525000000005
2025-11-03 04:00:00+00:00,75.0,47698.775,17456.325,4722.425,0.0,2025-11-03 05:00:00+01:00,2025-11-03,5,0,11,0,22178.75,22178.75,25520.025
2025-11-03 05:00:00+00:00,95.33,54969.95,18031.0,5164.95,0.0,2025-11-03 06:00:00+01:00,2025-11-03,6,0,11,0,23195.95,23195.95,31773.999999999996
2025-11-03 06:00:00+00:00,117.255,60399.3,18460.65,5573.724999999999,1122.0,2025-11-03 07:00:00+01:00,2025-11-03,7,0,11,0,24034.375,25156.375,35242.925
2025-11-03 07:00:00+00:00,105.0,63554.475000000006,18836.575,5892.775,6462.950000000001,2025-11-03 08:00:00+01:00,2025-11-03,8,0,11,0,24729.35,31192.3,32362.175000000007
2025-11-03 08:00:00+00:00,85.7625,64733.275,19042.025,6059.975,12953.5,2025-11-03 09:00:00+01:00,2025-11-03,9,0,11,0,25102.0,38055.5,26677.775
2025-11-03 09:00:00+00:00,75.44500000000001,65616.55,19369.05,6121.7,17725.85,2025-11-03 10:00:00+01:00,2025-11-03,10,0,11,0,25490.75,43216.6,22399.950000000004
2025-11-03 10:00:00+00:00,71.675,66152.825,19936.75,6146.825,19695.0,2025-11-03 11:00:00+01:00,2025-11-03,11,0,11,0,26083.575,45778.575,20374.25
2025-11-03 11:00:00+00:00,67.99000000000001,65437.725,20628.675,6159.85,19095.8,2025-11-03 12:00:00+01:00,2025-11-03,12,0,11,0,26788.525,45884.325,19553.4
2025-11-03 12:00:00+00:00,71.925,64639.424999999996,21305.625,6135.175,16361.075,2025-11-03 13:00:00+01:00,2025-11-03,13,0,11,0,27440.8,43801.875,20837.549999999996
2025-11-03 13:00:00+00:00,74.975,63415.925,21493.575,6020.775,11783.5,2025-11-03 14:00:00+01:00,2025-11-03,14,0,11,0,27514.35,39297.85,24118.075000000004
2025-11-03 14:00:00+00:00,82.60499999999999,62543.9,21651.1,5873.425,6003.675,2025-11-03 15:00:00+01:00,2025-11-03,15,0,11,0,27524.524999999998,33528.2,29015.700000000004
2025-11-03 15:00:00+00:00,92.735,62831.8,22806.9,5866.549999999999,1084.35,2025-11-03 16:00:00+01:00,2025-11-03,16,0,11,0,28673.45,29757.8,33074.0
2025-11-03 16:00:00+00:00,92.52,64439.975,24768.55,5887.825,5.575,2025-11-03 17:00:00+01:00,2025-11-03,17,0,11,0,30656.375,30661.95,33778.024999999994
2025-11-03 17:00:00+00:00,90.555,64763.225,26738.5,5921.725,0.0,2025-11-03 18:00:00+01:00,2025-11-03,18,0,11,0,32660.225,32660.225,32103.0
2025-11-03 18:00:00+00:00,81.57499999999999,63055.15,28040.775,5971.225,0.0,2025-11-03 19:00:00+01:00,2025-11-03,19,0,11,0,34012.0,34012.0,29043.15
2025-11-03 19:00:00+00:00,71.63250000000001,60008.025,28762.325,5976.725,0.0,2025-11-03 20:00:00+01:00,2025-11-03,20,0,11,0,34739.05,34739.05,25268.975
2025-11-03 20:00:00+00:00,60.00749999999999,56582.85,28483.575,5967.775,0.0,2025-11-03 21:00:00+01:00,2025-11-03,21,0,11,0,34451.35,34451.35,22131.5
2025-11-03 21:00:00+00:00,52.7125,52996.825,27322.625,5978.1,0.0,2025-11-03 22:00:00+01:00,2025-11-03,22,0,11,0,33300.725,33300.725,19696.1
2025-11-03 22:00:00+00:00,28.715,49371.125,26324.275,6020.375,0.0,2025-11-03 23:00:00+01:00,2025-11-03,23,0,11,0,32344.65,32344.65,17026.475
2025-11-03 23:00:00+00:00,16.53,46655.825,26488.6,6046.975,0.0,2025-11-04 00:00:00+01:00,2025-11-04,0,1,11,0,32535.574999999997,32535.574999999997,14120.25
2025-11-04 00:00:00+00:00,7.2575,45179.9,25127.025,6086.225,0.0,2025-11-04 01:00:00+01:00,2025-11-04,1,1,11,0,31213.25,31213.25,13966.650000000001
2025-11-04 01:00:00+00:00,4.925,44757.25,24159.975,6117.05,0.0,2025-11-04 02:00:00+01:00,2025-11-04,2,1,11,0,30277.024999999998,30277.024999999998,14480.225000000002
2025-11-04 02:00:00+00:00,6.3125,44939.275,23491.775,6138.05,0.0,2025-11-04 03:00:00+01:00,2025-11-04,3,1,11,0,29629.825,29629.825,15309.45
2025-11-04 03:00:00+00:00,21.197499999999998,46159.675,22872.925,6173.75,0.0,2025-11-04 04:00:00+01:00,2025-11-04,4,1,11,0,29046.675,29046.675,17113.000000000004
2025-11-04 04:00:00+00:00,58.4325,49737.2,22198.85,6213.625,0.0,2025-11-04 05:00:00+01:00,2025-11-04,5,1,11,0,28412.475,28412.475,21324.725
2025-11-04 05:00:00+00:00,81.0375,55729.1,21766.825,6268.525000000001,0.0,2025-11-04 06:00:00+01:00,2025-11-04,6,1,11,0,28035.350000000002,28035.350000000002,27693.749999999996
2025-11-04 06:00:00+00:00,114.3075,60302.9,20742.75,6326.35,1476.125,2025-11-04 07:00:00+01:00,2025-11-04,7,1,11,0,27069.1,28545.225,31757.675000000003
2025-11-04 07:00:00+00:00,110.0,62855.975,19420.875,6336.7,7967.5,2025-11-04 08:00:00+01:00,2025-11-04,8,1,11,0,25757.575,33725.075,29130.9
2025-11-04 08:00:00+00:00,80.8475,64024.675,17334.125,6371.8,15711.15,2025-11-04 09:00:00+01:00,2025-11-04,9,1,11,0,23705.925,39417.075,24607.600000000006
2025-11-04 09:00:00+00:00,60.6475,64745.05,15337.175,6368.275,22137.05,2025-11-04 10:00:00+01:00,2025-11-04,10,1,11,0,21705.449999999997,43842.5,20902.550000000003
2025-11-04 10:00:00+00:00,52.87,65231.0,14283.325,6286.125,25892.85,2025-11-04 11:00:00+01:00,2025-11-04,11,1,11,0,20569.45,46462.3,18768.699999999997
2025-11-04 11:00:00+00:00,50.1525,64410.75,13435.525,6222.925,26479.075,2025-11-04 12:00:00+01:00,2025-11-04,12,1,11,0,19658.45,46137.525,18273.225
2025-11-04 12:00:00+00:00,66.9375,63015.25,12787.45,6162.125,23662.8,2025-11-04 13:00:00+01:00,2025-11-04,13,1,11,0,18949.575,42612.375,20402.875
2025-11-04 13:00:00+00:00,81.05,61804.3,11813.25,6068.225,17425.9,2025-11-04 14:00:00+01:00,2025-11-04,14,1,11,0,17881.475,35307.375,26496.925000000003
2025-11-04 14:00:00+00:00,116.265,61099.1,11383.05,5883.925,8709.35,2025-11-04 15:00:00+01:00,2025-11-04,15,1,11,0,17266.975,25976.324999999997,35122.775
2025-11-04 15:00:00+00:00,127.475,61384.125,12483.625,5705.15,1553.65,2025-11-04 16:00:00+01:00,2025-11-04,16,1,11,0,18188.775,19742.425000000003,41641.7
2025-11-04 16:00:00+00:00,129.1,62740.9,14678.125,5602.325,10.575,2025-11-04 17:00:00+01:00,2025-11-04,17,1,11,0,20280.45,20291.025,42449.875
2025-11-04 17:00:00+00:00,122.7625,63403.65,16781.4,5652.675,0.0,2025-11-04 18:00:00+01:00,2025-11-04,18,1,11,0,22434.075,22434.075,40969.575
2025-11-04 18:00:00+00:00,106.6975,62029.8,18176.25,5800.45,0.0,2025-11-04 19:00:00+01:00,2025-11-04,19,1,11,0,23976.7,23976.7,38053.100000000006
2025-11-04 19:00:00+00:00,96.7525,58985.05,19093.6,5853.25,0.0,2025-11-04 20:00:00+01:00,2025-11-04,20,1,11,0,24946.85,24946.85,34038.200000000004
2025-11-04 20:00:00+00:00,91.36500000000001,55604.125,19607.05,5879.15,0.0,2025-11-04 21:00:00+01:00,2025-11-04,21,1,11,0,25486.199999999997,25486.199999999997,30117.925000000003
2025-11-04 21:00:00+00:00,86.2375,52092.225,19694.2,5763.25,0.0,2025-11-04 22:00:00+01:00,2025-11-04,22,1,11,0,25457.45,25457.45,26634.774999999998
2025-11-04 22:00:00+00:00,76.1225,48837.975,19943.675,5736.175,0.0,2025-11-04 23:00:00+01:00,2025-11-04,23,1,11,0,25679.85,25679.85,23158.125
2025-11-04 23:00:00+00:00,77.33,46200.4,19852.4,5733.75,0.0,2025-11-05 00:00:00+01:00,2025-11-05,0,2,11,0,25586.15,25586.15,20614.25
2025-11-05 00:00:00+00:00,75.8225,45060.375,19430.9,5723.85,0.0,2025-11-05 01:00:00+01:00,2025-11-05,1,2,11,0,25154.75,25154.75,19905.625
2025-11-05 01:00:00+00:00,74.35499999999999,44541.05,18959.625,5718.55,0.0,2025-11-05 02:00:00+01:00,2025-11-05,2,2,11,0,24678.175,24678.175,19862.875000000004
2025-11-05 02:00:00+00:00,74.6825,44788.125,18663.1,5725.95,0.0,2025-11-05 03:00:00+01:00,2025-11-05,3,2,11,0,24389.05,24389.05,20399.075
2025-11-05 03:00:00+00:00,78.885,46224.225,18771.15,5737.65,0.0,2025-11-05 04:00:00+01:00,2025-11-05,4,2,11,0,24508.800000000003,24508.800000000003,21715.424999999996
2025-11-05 04:00:00+00:00,85.0,49605.1,19121.85,5683.825,0.0,2025-11-05 05:00:00+01:00,2025-11-05,5,2,11,0,24805.675,24805.675,24799.425
2025-11-05 05:00:00+00:00,91.3625,55948.1,19705.9,5637.825,0.0,2025-11-05 06:00:00+01:00,2025-11-05,6,2,11,0,25343.725000000002,25343.725000000002,30604.374999999996
2025-11-05 06:00:00+00:00,115.9,61113.25,19305.45,5548.05,1541.25,2025-11-05 07:00:00+01:00,2025-11-05,7,2,11,0,24853.5,26394.75,34718.5
2025-11-05 07:00:00+00:00,107.115,64021.7,18639.55,5504.625,9337.0,2025-11-05 08:00:00+01:00,2025-11-05,8,2,11,0,24144.175,33481.175,30540.524999999994
2025-11-05 08:00:00+00:00,74.54,64721.825,17171.15,5378.85,18466.425,2025-11-05 09:00:00+01:00,2025-11-05,9,2,11,0,22550.0,41016.425,23705.399999999994
2025-11-05 09:00:00+00:00,62.8825,64955.100000000006,13939.9,5174.175,25649.275,2025-11-05 10:00:00+01:00,2025-11-05,10,2,11,0,19114.075,44763.350000000006,20191.75
2025-11-05 10:00:00+00:00,62.0075,65125.675,10070.325,4893.65,29442.625,2025-11-05 11:00:00+01:00,2025-11-05,11,2,11,0,14963.975,44406.6,20719.075000000004
2025-11-05 11:00:00+00:00,62.07,63953.7,7844.15,4506.65,29657.15,2025-11-05 12:00:00+01:00,2025-11-05,12,2,11,0,12350.8,42007.95,21945.75
2025-11-05 12:00:00+00:00,77.3325,62553.2,6709.599999999999,4010.7,26158.2,2025-11-05 13:00:00+01:00,2025-11-05,13,2,11,0,10720.3,36878.5,25674.699999999997
2025-11-05 13:00:00+00:00,96.1925,61535.25,6632.05,3537.85,18942.45,2025-11-05 14:00:00+01:00,2025-11-05,14,2,11,0,10169.9,29112.35,32422.9
2025-11-05 14:00:00+00:00,115.39500000000001,60563.475,7576.225,3130.425,9290.125,2025-11-05 15:00:00+01:00,2025-11-05,15,2,11,0,10706.650000000001,19996.775,40566.7
2025-11-05 15:00:00+00:00,141.3825,60683.2,9323.2,2889.725,1516.075,2025-11-05 16:00:00+01:00,2025-11-05,16,2,11,0,12212.925000000001,13729.000000000002,46954.2
2025-11-05 16:00:00+00:00,147.4175,62684.725,11547.225,2989.225,5.9,2025-11-05 17:00:00+01:00,2025-11-05,17,2,11,0,14536.45,14542.35,48142.375
2025-11-05 17:00:00+00:00,127.58,64015.6,13237.474999999999,3228.65,0.0,2025-11-05 18:00:00+01:00,2025-11-05,18,2,11,0,16466.125,16466.125,47549.475
2025-11-05 18:00:00+00:00,114.755,62333.525,14338.875,3465.35,0.0,2025-11-05 19:00:00+01:00,2025-11-05,19,2,11,0,17804.225,17804.225,44529.3
2025-11-05 19:00:00+00:00,104.79,59279.625,15200.3,3530.225,0.0,2025-11-05 20:00:00+01:00,2025-11-05,20,2,11,0,18730.524999999998,18730.524999999998,40549.100000000006
2025-11-05 20:00:00+00:00,98.9175,55895.674999999996,15423.375,3400.5,0.0,2025-11-05 21:00:00+01:00,2025-11-05,21,2,11,0,18823.875,18823.875,37071.799999999996
2025-11-05 21:00:00+00:00,88.8475,52344.275,14950.275,3164.425,0.0,2025-11-05 22:00:00+01:00,2025-11-05,22,2,11,0,18114.7,18114.7,34229.575
2025-11-05 22:00:00+00:00,87.7,48713.425,14333.75,2909.075,0.0,2025-11-05 23:00:00+01:00,2025-11-05,23,2,11,0,17242.825,17242.825,31470.600000000002
2025-11-05 23:00:00+00:00,93.3725,47584.025,12727.675,2455.4,0.0,2025-11-06 00:00:00+01:00,2025-11-06,0,3,11,0,15183.074999999999,15183.074999999999,32400.950000000004
2025-11-06 00:00:00+00:00,90.83,46116.85,12253.9,2163.65,0.0,2025-11-06 01:00:00+01:00,2025-11-06,1,3,11,0,14417.55,14417.55,31699.3
2025-11-06 01:00:00+00:00,91.39750000000001,45767.225,12102.375,1932.5,0.0,2025-11-06 02:00:00+01:00,2025-11-06,2,3,11,0,14034.875,14034.875,31732.35
2025-11-06 02:00:00+00:00,90.505,45801.85,11971.825,1727.0,0.0,2025-11-06 03:00:00+01:00,2025-11-06,3,3,11,0,13698.825,13698.825,32103.024999999998
2025-11-06 03:00:00+00:00,91.9,46526.15,11719.05,1585.85,0.0,2025-11-06 04:00:00+01:00,2025-11-06,4,3,11,0,13304.9,13304.9,33221.25
2025-11-06 04:00:00+00:00,92.17,49773.275,11296.7,1482.875,0.0,2025-11-06 05:00:00+01:00,2025-11-06,5,3,11,0,12779.575,12779.575,36993.7
2025-11-06 05:00:00+00:00,118.35,56278.75,10974.175,1393.7,0.0,2025-11-06 06:00:00+01:00,2025-11-06,6,3,11,0,12367.875,12367.875,43910.875
2025-11-06 06:00:00+00:00,130.2325,61363.35,10491.325,1346.65,1288.9250000000002,2025-11-06 07:00:00+01:00,2025-11-06,7,3,11,0,11837.975,13126.900000000001,48236.45
2025-11-06 07:00:00+00:00,119.68,64466.025,9996.025,1319.775,8338.275,2025-11-06 08:00:00+01:00,2025-11-06,8,3,11,0,11315.8,19654.074999999997,44811.950000000004
2025-11-06 08:00:00+00:00,93.2125,64822.9,8802.95,1273.975,16853.775,2025-11-06 09:00:00+01:00,2025-11-06,9,3,11,0,10076.925000000001,26930.700000000004,37892.2
2025-11-06 09:00:00+00:00,85.1575,64967.8,6557.325,1205.95,23675.05,2025-11-06 10:00:00+01:00,2025-11-06,10,3,11,0,7763.275,31438.324999999997,33529.475000000006
2025-11-06 10:00:00+00:00,83.7,65070.325,4319.425,1108.5,27508.1,2025-11-06 11:00:00+01:00,2025-11-06,11,3,11,0,5427.925,32936.025,32134.299999999996
2025-11-06 11:00:00+00:00,83.9925,64212.8,3173.7,1015.9,28400.95,2025-11-06 12:00:00+01:00,2025-11-06,12,3,11,0,4189.599999999999,32590.55,31622.250000000004
2025-11-06 12:00:00+00:00,87.17999999999999,63626.575,2749.275,973.55,25513.1,2025-11-06 13:00:00+01:00,2025-11-06,13,3,11,0,3722.825,29235.925,34390.649999999994
2025-11-06 13:00:00+00:00,99.485,62167.75,3051.125,996.1,18493.225,2025-11-06 14:00:00+01:00,2025-11-06,14,3,11,0,4047.225,22540.449999999997,39627.3
2025-11-06 14:00:00+00:00,128.24,61167.075,4143.225,1112.475,8922.475,2025-11-06 15:00:00+01:00,2025-11-06,15,3,11,0,5255.700000000001,14178.175000000001,46988.899999999994
2025-11-06 15:00:00+00:00,147.495,61873.625,6191.275,1317.475,1370.7250000000001,2025-11-06 16:00:00+01:00,2025-11-06,16,3,11,0,7508.75,8879.475,52994.15
2025-11-06 16:00:00+00:00,154.255,64108.1,8703.075,1580.05,4.375,2025-11-06 17:00:00+01:00,2025-11-06,17,3,11,0,10283.125,10287.5,53820.6
2025-11-06 17:00:00+00:00,137.4475,65315.05,10481.65,1853.9,0.0,2025-11-06 18:00:00+01:00,2025-11-06,18,3,11,0,12335.55,12335.55,52979.5
2025-11-06 18:00:00+00:00,126.4625,63833.8,11169.05,2032.525,0.0,2025-11-06 19:00:00+01:00,2025-11-06,19,3,11,0,13201.574999999999,13201.574999999999,50632.225000000006
2025-11-06 19:00:00+00:00,114.97,60184.7,11161.95,2022.8999999999999,0.0,2025-11-06 20:00:00+01:00,2025-11-06,20,3,11,0,13184.85,13184.85,46999.85
2025-11-06 20:00:00+00:00,100.98,56710.175,10705.575,1859.65,0.0,2025-11-06 21:00:00+01:00,2025-11-06,21,3,11,0,12565.225,12565.225,44144.950000000004
2025-11-06 21:00:00+00:00,97.485,53129.175,9886.225,1590.325,0.0,2025-11-06 22:00:00+01:00,2025-11-06,22,3,11,0,11476.550000000001,11476.550000000001,41652.625
2025-11-06 22:00:00+00:00,90.55250000000001,49549.725000000006,9171.9,1329.75,0.0,2025-11-06 23:00:00+01:00,2025-11-06,23,3,11,0,10501.65,10501.65,39048.075000000004
2025-11-06 23:00:00+00:00,90.1775,48740.925,8258.675,1318.05,0.0,2025-11-07 00:00:00+01:00,2025-11-07,0,4,11,0,9576.724999999999,9576.724999999999,39164.200000000004
2025-11-07 00:00:00+00:00,88.8225,47480.35,7895.0,1190.45,0.0,2025-11-07 01:00:00+01:00,2025-11-07,1,4,11,0,9085.45,9085.45,38394.899999999994
2025-11-07 01:00:00+00:00,89.6,47086.025,7724.95,1146.375,0.0,2025-11-07 02:00:00+01:00,2025-11-07,2,4,11,0,8871.325,8871.325,38214.7
2025-11-07 02:00:00+00:00,89.61250000000001,47482.875,7551.4,1134.825,0.0,2025-11-07 03:00:00+01:00,2025-11-07,3,4,11,0,8686.225,8686.225,38796.65
2025-11-07 03:00:00+00:00,90.41,48749.525,7262.3,1126.95,0.0,2025-11-07 04:00:00+01:00,2025-11-07,4,4,11,0,8389.25,8389.25,40360.275
2025-11-07 04:00:00+00:00,94.21000000000001,52456.65,6915.75,1125.825,0.0,2025-11-07 05:00:00+01:00,2025-11-07,5,4,11,0,8041.575,8041.575,44415.075000000004
2025-11-07 05:00:00+00:00,112.265,58869.65,6604.475,1100.525,0.0,2025-11-07 06:00:00+01:00,2025-11-07,6,4,11,0,7705.0,7705.0,51164.65
2025-11-07 06:00:00+00:00,133.8825,64094.425,6218.4,1043.525,886.525,2025-11-07 07:00:00+01:00,2025-11-07,7,4,11,0,7261.924999999999,8148.449999999999,55945.975000000006
2025-11-07 07:00:00+00:00,128.0475,66891.375,5586.925,966.525,6015.075,2025-11-07 08:00:00+01:00,2025-11-07,8,4,11,0,6553.45,12568.525,54322.85
2025-11-07 08:00:00+00:00,108.10499999999999,67290.45,4475.9,887.875,12502.625,2025-11-07 09:00:00+01:00,2025-11-07,9,4,11,0,5363.775,17866.4,49424.049999999996
2025-11-07 09:00:00+00:00,93.38,67568.425,3096.875,777.725,17924.4,2025-11-07 10:00:00+01:00,2025-11-07,10,4,11,0,3874.6,21799.0,45769.425
2025-11-07 10:00:00+00:00,89.9875,67410.42499999999,2116.75,644.9,21390.425,2025-11-07 11:00:00+01:00,2025-11-07,11,4,11,0,2761.65,24152.075,43258.34999999999
2025-11-07 11:00:00+00:00,88.80250000000001,66820.675,1651.775,510.15000000000003,22343.875,2025-11-07 12:00:00+01:00,2025-11-07,12,4,11,0,2161.925,24505.8,42314.875
2025-11-07 12:00:00+00:00,92.05250000000001,64943.55,1439.925,417.8,20135.1,2025-11-07 13:00:00+01:00,2025-11-07,13,4,11,0,1857.725,21992.824999999997,42950.725000000006
2025-11-07 13:00:00+00:00,103.1,63228.2,1367.55,371.525,14621.05,2025-11-07 14:00:00+01:00,2025-11-07,14,4,11,0,1739.0749999999998,16360.125,46868.075
2025-11-07 14:00:00+00:00,129.6225,62253.825,1492.2749999999999,351.15,6981.05,2025-11-07 15:00:00+01:00,2025-11-07,15,4,11,0,1843.4249999999997,8824.475,53429.35
2025-11-07 15:00:00+00:00,165.1225,63256.175,2010.625,377.675,1071.225,2025-11-07 16:00:00+01:00,2025-11-07,16,4,11,0,2388.3,3459.525,59796.65
2025-11-07 16:00:00+00:00,178.5375,65230.65,2688.825,443.475,4.725,2025-11-07 17:00:00+01:00,2025-11-07,17,4,11,0,3132.2999999999997,3137.0249999999996,62093.625
2025-11-07 17:00:00+00:00,145.6825,65751.075,3167.45,518.825,0.0,2025-11-07 18:00:00+01:00,2025-11-07,18,4,11,0,3686.2749999999996,3686.2749999999996,62064.799999999996
2025-11-07 18:00:00+00:00,131.4825,63933.975,3399.15,567.05,0.0,2025-11-07 19:00:00+01:00,2025-11-07,19,4,11,0,3966.2,3966.2,59967.775
2025-11-07 19:00:00+00:00,119.42750000000001,59947.45,3430.175,565.65,0.0,2025-11-07 20:00:00+01:00,2025-11-07,20,4,11,0,3995.8250000000003,3995.8250000000003,55951.625
2025-11-07 20:00:00+00:00,106.6525,56075.825,3298.4,518.375,0.0,2025-11-07 21:00:00+01:00,2025-11-07,21,4,11,0,3816.775,3816.775,52259.049999999996
2025-11-07 21:00:00+00:00,98.275,52829.175,3135.5,433.725,0.0,2025-11-07 22:00:00+01:00,2025-11-07,22,4,11,0,3569.225,3569.225,49259.950000000004
2025-11-07 22:00:00+00:00,92.0525,49441.9,3017.575,350.225,0.0,2025-11-07 23:00:00+01:00,2025-11-07,23,4,11,0,3367.7999999999997,3367.7999999999997,46074.1
2025-11-07 23:00:00+00:00,96.53,46716.625,2665.275,101.025,0.0,2025-11-08 00:00:00+01:00,2025-11-08,0,5,11,1,2766.3,2766.3,43950.325
2025-11-08 00:00:00+00:00,96.325,44665.375,2545.15,84.475,0.0,2025-11-08 01:00:00+01:00,2025-11-08,1,5,11,1,2629.625,2629.625,42035.75
2025-11-08 01:00:00+00:00,93.9975,43662.3,2355.05,84.45,0.0,2025-11-08 02:00:00+01:00,2025-11-08,2,5,11,1,2439.5,2439.5,41222.8
2025-11-08 02:00:00+00:00,93.9725,43391.825,2133.775,92.35,0.0,2025-11-08 03:00:00+01:00,2025-11-08,3,5,11,1,2226.125,2226.125,41165.7
2025-11-08 03:00:00+00:00,95.0375,43314.5,1957.775,113.7,0.0,2025-11-08 04:00:00+01:00,2025-11-08,4,5,11,1,2071.475,2071.475,41243.025
2025-11-08 04:00:00+00:00,94.195,44805.525,1894.825,137.3,0.0,2025-11-08 05:00:00+01:00,2025-11-08,5,5,11,1,2032.125,2032.125,42773.4
2025-11-08 05:00:00+00:00,95.2775,47220.975,1907.225,155.375,0.0,2025-11-08 06:00:00+01:00,2025-11-08,6,5,11,1,2062.6,2062.6,45158.375
2025-11-08 06:00:00+00:00,103.8425,50002.2,1883.575,167.9,568.875,2025-11-08 07:00:00+01:00,2025-11-08,7,5,11,1,2051.475,2620.35,47381.85
2025-11-08 07:00:00+00:00,105.5,53324.625,1618.7,160.2,3674.4750000000004,2025-11-08 08:00:00+01:00,2025-11-08,8,5,11,1,1778.9,5453.375,47871.25
2025-11-08 08:00:00+00:00,103.62,55867.625,1163.05,137.3,7713.75,2025-11-08 09:00:00+01:00,2025-11-08,9,5,11,1,1300.35,9014.1,46853.525
2025-11-08 09:00:00+00:00,102.1775,57733.425,762.4,117.85,11014.2,2025-11-08 10:00:00+01:00,2025-11-08,10,5,11,1,880.25,11894.45,45838.975000000006
2025-11-08 10:00:00+00:00,96.94749999999999,58886.075,542.95,99.67500000000001,13069.95,2025-11-08 11:00:00+01:00,2025-11-08,11,5,11,1,642.625,13712.575,45173.5
2025-11-08 11:00:00+00:00,95.16,58443.45,423.725,81.225,13334.05,2025-11-08 12:00:00+01:00,2025-11-08,12,5,11,1,504.95000000000005,13839.0,44604.45
2025-11-08 12:00:00+00:00,95.9125,56585.575000000004,378.875,67.55,11652.775,2025-11-08 13:00:00+01:00,2025-11-08,13,5,11,1,446.425,12099.199999999999,44486.37500000001
2025-11-08 13:00:00+00:00,101.54249999999999,54355.4,403.125,67.1,8166.475,2025-11-08 14:00:00+01:00,2025-11-08,14,5,11,1,470.225,8636.7,45718.7
2025-11-08 14:00:00+00:00,117.6175,53611.175,484.625,75.075,3741.05,2025-11-08 15:00:00+01:00,2025-11-08,15,5,11,1,559.7,4300.75,49310.425
2025-11-08 15:00:00+00:00,124.63499999999999,54287.325,626.875,89.275,579.65,2025-11-08 16:00:00+01:00,2025-11-08,16,5,11,1,716.15,1295.8,52991.524999999994
2025-11-08 16:00:00+00:00,134.915,56218.475,789.7,105.375,6.075,2025-11-08 17:00:00+01:00,2025-11-08,17,5,11,1,895.075,901.1500000000001,55317.325
2025-11-08 17:00:00+00:00,136.5325,57898.225,927.85,119.575,0.0,2025-11-08 18:00:00+01:00,2025-11-08,18,5,11,1,1047.425,1047.425,56850.799999999996
2025-11-08 18:00:00+00:00,131.98000000000002,56217.7,1008.525,126.75,0.0,2025-11-08 19:00:00+01:00,2025-11-08,19,5,11,1,1135.275,1135.275,55082.424999999996
2025-11-08 19:00:00+00:00,122.9675,53410.725,1026.175,120.525,0.0,2025-11-08 20:00:00+01:00,2025-11-08,20,5,11,1,1146.7,1146.7,52264.025
2025-11-08 20:00:00+00:00,113.305,50849.85,1104.725,104.8,0.0,2025-11-08 21:00:00+01:00,2025-11-08,21,5,11,1,1209.5249999999999,1209.5249999999999,49640.325
2025-11-08 21:00:00+00:00,106.26,48780.025,1246.775,90.05,0.0,2025-11-08 22:00:00+01:00,2025-11-08,22,5,11,1,1336.825,1336.825,47443.200000000004
2025-11-08 22:00:00+00:00,96.905,46097.45,1420.45,79.1,0.0,2025-11-08 23:00:00+01:00,2025-11-08,23,5,11,1,1499.55,1499.55,44597.899999999994
2025-11-08 23:00:00+00:00,96.345,43859.05,1518.9,62.1,0.0,2025-11-09 00:00:00+01:00,2025-11-09,0,6,11,1,1581.0,1581.0,42278.05
2025-11-09 00:00:00+00:00,94.555,42311.125,1613.85,62.25,0.0,2025-11-09 01:00:00+01:00,2025-11-09,1,6,11,1,1676.1,1676.1,40635.025
2025-11-09 01:00:00+00:00,92.8325,41709.125,1719.875,70.0,0.0,2025-11-09 02:00:00+01:00,2025-11-09,2,6,11,1,1789.875,1789.875,39919.25
2025-11-09 02:00:00+00:00,91.1325,41365.625,1875.9,83.17500000000001,0.0,2025-11-09 03:00:00+01:00,2025-11-09,3,6,11,1,1959.075,1959.075,39406.55
2025-11-09 03:00:00+00:00,91.64750000000001,41318.45,2066.175,101.25,0.0,2025-11-09 04:00:00+01:00,2025-11-09,4,6,11,1,2167.425,2167.425,39151.024999999994
2025-11-09 04:00:00+00:00,91.685,42069.025,2262.75,121.25,0.0,2025-11-09 05:00:00+01:00,2025-11-09,5,6,11,1,2384.0,2384.0,39685.025
2025-11-09 05:00:00+00:00,89.9375,44254.45,2472.225,143.075,0.0,2025-11-09 06:00:00+01:00,2025-11-09,6,6,11,1,2615.2999999999997,2615.2999999999997,41639.149999999994
2025-11-09 06:00:00+00:00,88.615,46827.225,2637.375,181.9,241.7,2025-11-09 07:00:00+01:00,2025-11-09,7,6,11,1,2819.275,3060.975,43766.25
2025-11-09 07:00:00+00:00,97.27250000000001,49957.975000000006,2617.6000000000004,231.975,1733.775,2025-11-09 08:00:00+01:00,2025-11-09,8,6,11,1,2849.5750000000003,4583.35,45374.62500000001
2025-11-09 08:00:00+00:00,97.6175,52622.45,2439.075,287.65,4009.4,2025-11-09 09:00:00+01:00,2025-11-09,9,6,11,1,2726.725,6736.125,45886.325
2025-11-09 09:00:00+00:00,97.0325,55011.5,2197.825,360.175,6007.95,2025-11-09 10:00:00+01:00,2025-11-09,10,6,11,1,2558.0,8565.95,46445.55
2025-11-09 10:00:00+00:00,97.305,56141.55,2059.075,435.075,7259.475,2025-11-09 11:00:00+01:00,2025-11-09,11,6,11,1,2494.1499999999996,9753.625,46387.925
2025-11-09 11:00:00+00:00,97.8375,55638.675,2066.675,488.65,7387.275,2025-11-09 12:00:00+01:00,2025-11-09,12,6,11,1,2555.3250000000003,9942.6,45696.075000000004
2025-11-09 12:00:00+00:00,96.4025,54404.375,2087.1,564.225,6504.475,2025-11-09 13:00:00+01:00,2025-11-09,13,6,11,1,2651.325,9155.8,45248.575
2025-11-09 13:00:00+00:00,97.315,52979.3,2073.95,645.45,4745.5,2025-11-09 14:00:00+01:00,2025-11-09,14,6,11,1,2719.3999999999996,7464.9,45514.4
2025-11-09 14:00:00+00:00,97.795,52933.275,2156.875,670.25,2274.175,2025-11-09 15:00:00+01:00,2025-11-09,15,6,11,1,2827.125,5101.3,47831.975
2025-11-09 15:00:00+00:00,109.8475,54364.35,2489.175,637.925,388.75,2025-11-09 16:00:00+01:00,2025-11-09,16,6,11,1,3127.1000000000004,3515.8500000000004,50848.5
2025-11-09 16:00:00+00:00,125.1,57026.225,3000.75,571.075,0.0,2025-11-09 17:00:00+01:00,2025-11-09,17,6,11,1,3571.825,3571.825,53454.4
2025-11-09 17:00:00+00:00,126.1,57464.2,3418.7,488.1,0.0,2025-11-09 18:00:00+01:00,2025-11-09,18,6,11,1,3906.7999999999997,3906.7999999999997,53557.399999999994
2025-11-09 18:00:00+00:00,117.955,56093.725,3535.825,420.1,0.0,2025-11-09 19:00:00+01:00,2025-11-09,19,6,11,1,3955.9249999999997,3955.9249999999997,52137.799999999996
2025-11-09 19:00:00+00:00,106.0,53635.025,3409.0,394.5,0.0,2025-11-09 20:00:00+01:00,2025-11-09,20,6,11,1,3803.5,3803.5,49831.525
2025-11-09 20:00:00+00:00,93.5375,51522.625,3304.625,427.9,0.0,2025-11-09 21:00:00+01:00,2025-11-09,21,6,11,1,3732.525,3732.525,47790.1
2025-11-09 21:00:00+00:00,92.315,49301.2,3209.3999999999996,494.5,0.0,2025-11-09 22:00:00+01:00,2025-11-09,22,6,11,1,3703.8999999999996,3703.8999999999996,45597.299999999996
2025-11-09 22:00:00+00:00,89.93,46385.975,3213.85,574.0749999999999,0.0,2025-11-09 23:00:00+01:00,2025-11-09,23,6,11,1,3787.9249999999997,3787.9249999999997,42598.049999999996
2025-11-09 23:00:00+00:00,88.98,43150.95,2722.1,800.325,0.0,2025-11-10 00:00:00+01:00,2025-11-10,0,0,11,0,3522.425,3522.425,39628.524999999994
2025-11-10 00:00:00+00:00,87.63499999999999,42118.725,2740.425,890.25,0.0,2025-11-10 01:00:00+01:00,2025-11-10,1,0,11,0,3630.675,3630.675,38488.049999999996
2025-11-10 01:00:00+00:00,88.9025,41702.100000000006,2799.15,944.75,0.0,2025-11-10 02:00:00+01:00,2025-11-10,2,0,11,0,3743.9,3743.9,37958.200000000004
2025-11-10 02:00:00+00:00,87.5225,41977.0,2845.475,977.125,0.0,2025-11-10 03:00:00+01:00,2025-11-10,3,0,11,0,3822.6,3822.6,38154.4
2025-11-10 03:00:00+00:00,87.1775,43917.05,2868.55,1006.675,0.0,2025-11-10 04:00:00+01:00,2025-11-10,4,0,11,0,3875.2250000000004,3875.2250000000004,40041.825000000004
2025-11-10 04:00:00+00:00,92.3125,50378.0,2868.525,1084.425,0.0,2025-11-10 05:00:00+01:00,2025-11-10,5,0,11,0,3952.95,3952.95,46425.05
2025-11-10 05:00:00+00:00,113.4525,58778.275,2891.175,1212.225,0.0,2025-11-10 06:00:00+01:00,2025-11-10,6,0,11,0,4103.4,4103.4,54674.875
2025-11-10 06:00:00+00:00,142.995,64378.85,3037.25,1403.575,253.6,2025-11-10 07:00:00+01:00,2025-11-10,7,0,11,0,4440.825,4694.425,59684.424999999996
2025-11-10 07:00:00+00:00,157.875,66594.85,3058.15,1674.725,2420.825,2025-11-10 08:00:00+01:00,2025-11-10,8,0,11,0,4732.875,7153.7,59441.15000000001
2025-11-10 08:00:00+00:00,144.29749999999999,67073.075,2800.05,2022.1999999999998,5938.0,2025-11-10 09:00:00+01:00,2025-11-10,9,0,11,0,4822.25,10760.25,56312.825
2025-11-10 09:00:00+00:00,126.27250000000001,68195.825,2409.05,2367.1,9108.075,2025-11-10 10:00:00+01:00,2025-11-10,10,0,11,0,4776.15,13884.225,54311.6
2025-11-10 10:00:00+00:00,115.245,68523.3,2313.95,2638.85,11297.625,2025-11-10 11:00:00+01:00,2025-11-10,11,0,11,0,4952.799999999999,16250.425,52272.875
2025-11-10 11:00:00+00:00,105.9225,67977.22499999999,2418.525,2810.6,11892.95,2025-11-10 12:00:00+01:00,2025-11-10,12,0,11,0,5229.125,17122.075,50855.149999999994
2025-11-10 12:00:00+00:00,108.41,67372.5,2488.525,2917.4,10731.25,2025-11-10 13:00:00+01:00,2025-11-10,13,0,11,0,5405.925,16137.175,51235.325
2025-11-10 13:00:00+00:00,115.565,65949.25,2596.9,2992.075,7963.85,2025-11-10 14:00:00+01:00,2025-11-10,14,0,11,0,5588.975,13552.825,52396.425
2025-11-10 14:00:00+00:00,126.2525,65223.125,2955.6,3099.3,3798.45,2025-11-10 15:00:00+01:00,2025-11-10,15,0,11,0,6054.9,9853.349999999999,55369.775
2025-11-10 15:00:00+00:00,133.35500000000002,65558.6,3928.275,3289.6,534.825,2025-11-10 16:00:00+01:00,2025-11-10,16,0,11,0,7217.875,7752.7,57805.90000000001
2025-11-10 16:00:00+00:00,139.4025,67556.75,5342.375,3610.875,0.0,2025-11-10 17:00:00+01:00,2025-11-10,17,0,11,0,8953.25,8953.25,58603.5
2025-11-10 17:00:00+00:00,120.725,67756.85,6930.3,3971.175,0.0,2025-11-10 18:00:00+01:00,2025-11-10,18,0,11,0,10901.475,10901.475,56855.37500000001
2025-11-10 18:00:00+00:00,103.6625,65752.925,8392.675,4255.2,0.0,2025-11-10 19:00:00+01:00,2025-11-10,19,0,11,0,12647.875,12647.875,53105.05
2025-11-10 19:00:00+00:00,90.11,62371.55,9772.3,4458.725,0.0,2025-11-10 20:00:00+01:00,2025-11-10,20,0,11,0,14231.025,14231.025,48140.525
2025-11-10 20:00:00+00:00,88.9875,59262.775,11170.2,4535.85,0.0,2025-11-10 21:00:00+01:00,2025-11-10,21,0,11,0,15706.050000000001,15706.050000000001,43556.725
2025-11-10 21:00:00+00:00,88.39250000000001,55507.875,11937.975,4544.0,0.0,2025-11-10 22:00:00+01:00,2025-11-10,22,0,11,0,16481.975,16481.975,39025.9
2025-11-10 22:00:00+00:00,83.87,52001.3,12658.35,4629.175,0.0,2025-11-10 23:00:00+01:00,2025-11-10,23,0,11,0,17287.525,17287.525,34713.775
2025-11-10 23:00:00+00:00,83.19,48908.975,15049.0,4201.125,0.0,2025-11-11 00:00:00+01:00,2025-11-11,0,1,11,0,19250.125,19250.125,29658.85
2025-11-11 00:00:00+00:00,79.9825,47465.925,15602.225,4356.725,0.0,2025-11-11 01:00:00+01:00,2025-11-11,1,1,11,0,19958.95,19958.95,27506.975000000002
2025-11-11 01:00:00+00:00,75.80250000000001,46482.925,16099.675,4441.2,0.0,2025-11-11 02:00:00+01:00,2025-11-11,2,1,11,0,20540.875,20540.875,25942.050000000003
2025-11-11 02:00:00+00:00,74.87,46856.925,16431.65,4635.075,0.0,2025-11-11 03:00:00+01:00,2025-11-11,3,1,11,0,21066.725000000002,21066.725000000002,25790.2
2025-11-11 03:00:00+00:00,75.495,48160.525,16634.225,4765.375,0.0,2025-11-11 04:00:00+01:00,2025-11-11,4,1,11,0,21399.6,21399.6,26760.925000000003
2025-11-11 04:00:00+00:00,77.07249999999999,51322.85,16780.325,4716.9,0.0,2025-11-11 05:00:00+01:00,2025-11-11,5,1,11,0,21497.225,21497.225,29825.625
2025-11-11 05:00:00+00:00,86.7875,57773.15,17042.325,4696.725,0.0,2025-11-11 06:00:00+01:00,2025-11-11,6,1,11,0,21739.050000000003,21739.050000000003,36034.1
2025-11-11 06:00:00+00:00,105.21,63141.9,16819.550000000003,4742.875,339.55,2025-11-11 07:00:00+01:00,2025-11-11,7,1,11,0,21562.425000000003,21901.975000000002,41239.925
2025-11-11 07:00:00+00:00,113.7975,65944.275,16447.85,4762.5,3081.325,2025-11-11 08:00:00+01:00,2025-11-11,8,1,11,0,21210.35,24291.675,41652.59999999999
2025-11-11 08:00:00+00:00,103.11500000000001,66554.675,15946.45,4647.775,7246.525,2025-11-11 09:00:00+01:00,2025-11-11,9,1,11,0,20594.225,27840.75,38713.925
2025-11-11 09:00:00+00:00,91.4725,67138.225,15726.325,4540.45,11361.1,2025-11-11 10:00:00+01:00,2025-11-11,10,1,11,0,20266.775,31627.875,35510.350000000006
2025-11-11 10:00:00+00:00,87.9225,67321.6,15426.35,4352.025,14230.675,2025-11-11 11:00:00+01:00,2025-11-11,11,1,11,0,19778.375,34009.05,33312.55
2025-11-11 11:00:00+00:00,86.66,66935.775,14391.075,4123.475,15086.625,2025-11-11 12:00:00+01:00,2025-11-11,12,1,11,0,18514.550000000003,33601.175,33334.59999999999
2025-11-11 12:00:00+00:00,89.93,65817.3,12606.675,3911.25,14008.025,2025-11-11 13:00:00+01:00,2025-11-11,13,1,11,0,16517.925,30525.949999999997,35291.350000000006
2025-11-11 13:00:00+00:00,101.235,64136.6,10074.425,3727.875,10678.5,2025-11-11 14:00:00+01:00,2025-11-11,14,1,11,0,13802.3,24480.8,39655.8
2025-11-11 14:00:00+00:00,124.275,63793.35,8103.75,3636.55,5070.0,2025-11-11 15:00:00+01:00,2025-11-11,15,1,11,0,11740.3,16810.3,46983.05
2025-11-11 15:00:00+00:00,143.0725,64464.775,7912.275,3783.275,679.875,2025-11-11 16:00:00+01:00,2025-11-11,16,1,11,0,11695.55,12375.425,52089.350000000006
2025-11-11 16:00:00+00:00,143.2575,66805.475,8919.775,4227.875,0.0,2025-11-11 17:00:00+01:00,2025-11-11,17,1,11,0,13147.65,13147.65,53657.825000000004
2025-11-11 17:00:00+00:00,114.9975,66340.925,10282.425,4756.05,0.0,2025-11-11 18:00:00+01:00,2025-11-11,18,1,11,0,15038.474999999999,15038.474999999999,51302.450000000004
2025-11-11 18:00:00+00:00,105.0325,64660.175,11356.75,5193.85,0.0,2025-11-11 19:00:00+01:00,2025-11-11,19,1,11,0,16550.6,16550.6,48109.575000000004
2025-11-11 19:00:00+00:00,98.17500000000001,61109.05,12378.875,5366.4,0.0,2025-11-11 20:00:00+01:00,2025-11-11,20,1,11,0,17745.275,17745.275,43363.775
2025-11-11 20:00:00+00:00,96.3825,57569.1,13021.775,5387.425,0.0,2025-11-11 21:00:00+01:00,2025-11-11,21,1,11,0,18409.2,18409.2,39159.899999999994
2025-11-11 21:00:00+00:00,92.06,54100.100000000006,13293.825,5378.4,0.0,2025-11-11 22:00:00+01:00,2025-11-11,22,1,11,0,18672.225,18672.225,35427.87500000001
2025-11-11 22:00:00+00:00,75.5,50680.775,13747.175,5443.925,0.0,2025-11-11 23:00:00+01:00,2025-11-11,23,1,11,0,19191.1,19191.1,31489.675000000003
2025-11-11 23:00:00+00:00,74.9775,47680.025,14391.25,5557.4,0.0,2025-11-12 00:00:00+01:00,2025-11-12,0,2,11,0,19948.65,19948.65,27731.375
2025-11-12 00:00:00+00:00,68.315,46495.5,15065.575,5517.7,0.0,2025-11-12 01:00:00+01:00,2025-11-12,1,2,11,0,20583.275,20583.275,25912.225
2025-11-12 01:00:00+00:00,64.41,46011.375,16221.9,5482.775,0.0,2025-11-12 02:00:00+01:00,2025-11-12,2,2,11,0,21704.675,21704.675,24306.7
2025-11-12 02:00:00+00:00,62.4,46532.625,17511.45,5540.45,0.0,2025-11-12 03:00:00+01:00,2025-11-12,3,2,11,0,23051.9,23051.9,23480.725
2025-11-12 03:00:00+00:00,62.3,48042.7,18577.375,5630.475,0.0,2025-11-12 04:00:00+01:00,2025-11-12,4,2,11,0,24207.85,24207.85,23834.85
2025-11-12 04:00:00+00:00,69.30000000000001,51483.05,19926.325,5700.25,0.0,2025-11-12 05:00:00+01:00,2025-11-12,5,2,11,0,25626.575,25626.575,25856.475000000002
2025-11-12 05:00:00+00:00,76.9975,57948.975,21727.125,5726.7,0.0,2025-11-12 06:00:00+01:00,2025-11-12,6,2,11,0,27453.825,27453.825,30495.149999999998
2025-11-12 06:00:00+00:00,107.25999999999999,64171.825,22549.275,5827.475,589.65,2025-11-12 07:00:00+01:00,2025-11-12,7,2,11,0,28376.75,28966.4,35205.424999999996
2025-11-12 07:00:00+00:00,100.7225,66784.2,22807.825,5921.225,5705.55,2025-11-12 08:00:00+01:00,2025-11-12,8,2,11,0,28729.050000000003,34434.600000000006,32349.59999999999
2025-11-12 08:00:00+00:00,78.1125,66821.225,22319.4,5993.725,13031.6,2025-11-12 09:00:00+01:00,2025-11-12,9,2,11,0,28313.125,41344.725,25476.500000000007
2025-11-12 09:00:00+00:00,71.5275,66944.35,20692.475,6056.575,19514.0,2025-11-12 10:00:00+01:00,2025-11-12,10,2,11,0,26749.05,46263.05,20681.300000000003
2025-11-12 10:00:00+00:00,60.005,67449.4,18183.1,6130.35,23809.925,2025-11-12 11:00:00+01:00,2025-11-12,11,2,11,0,24313.449999999997,48123.375,19326.024999999994
2025-11-12 11:00:00+00:00,59.135,66983.325,16212.85,6172.95,24645.65,2025-11-12 12:00:00+01:00,2025-11-12,12,2,11,0,22385.8,47031.45,19951.875
2025-11-12 12:00:00+00:00,73.7675,65662.85,15865.25,6178.275,21482.3,2025-11-12 13:00:00+01:00,2025-11-12,13,2,11,0,22043.525,43525.825,22137.02500000001
2025-11-12 13:00:00+00:00,80.425,63990.775,16943.075,6170.75,14974.725,2025-11-12 14:00:00+01:00,2025-11-12,14,2,11,0,23113.825,38088.55,25902.225
2025-11-12 14:00:00+00:00,104.97,63318.95,19183.525,6200.05,6665.7,2025-11-12 15:00:00+01:00,2025-11-12,15,2,11,0,25383.575,32049.275,31269.674999999996
2025-11-12 15:00:00+00:00,113.625,63779.65,21984.625,6156.05,820.275,2025-11-12 16:00:00+01:00,2025-11-12,16,2,11,0,28140.675,28960.95,34818.7
2025-11-12 16:00:00+00:00,115.395,65937.325,24893.4,6104.5,0.0,2025-11-12 17:00:00+01:00,2025-11-12,17,2,11,0,30997.9,30997.9,34939.424999999996
2025-11-12 17:00:00+00:00,104.8675,66536.25,26861.425,6088.6,0.0,2025-11-12 18:00:00+01:00,2025-11-12,18,2,11,0,32950.025,32950.025,33586.225
2025-11-12 18:00:00+00:00,88.9275,64622.975,27949.375,6118.225,0.0,2025-11-12 19:00:00+01:00,2025-11-12,19,2,11,0,34067.6,34067.6,30555.375
2025-11-12 19:00:00+00:00,80.945,61117.275,28805.825,6163.5,0.0,2025-11-12 20:00:00+01:00,2025-11-12,20,2,11,0,34969.325,34969.325,26147.950000000004
2025-11-12 20:00:00+00:00,76.905,57471.6,29200.65,6190.775,0.0,2025-11-12 21:00:00+01:00,2025-11-12,21,2,11,0,35391.425,35391.425,22080.174999999996
2025-11-12 21:00:00+00:00,75.545,53780.6,28985.55,6151.95,0.0,2025-11-12 22:00:00+01:00,2025-11-12,22,2,11,0,35137.5,35137.5,18643.1
2025-11-12 22:00:00+00:00,56.934999999999995,50083.875,29147.825,6126.275,0.0,2025-11-12 23:00:00+01:00,2025-11-12,23,2,11,0,35274.1,35274.1,14809.775000000001
2025-11-12 23:00:00+00:00,32.917500000000004,47341.375,29251.45,6146.225,0.0,2025-11-13 00:00:00+01:00,2025-11-13,0,3,11,0,35397.675,35397.675,11943.699999999997
2025-11-13 00:00:00+00:00,18.9725,45769.625,29344.75,6132.075000000001,0.0,2025-11-13 01:00:00+01:00,2025-11-13,1,3,11,0,35476.825,35476.825,10292.800000000003
2025-11-13 01:00:00+00:00,11.1875,45196.0,29562.325,6091.7,0.0,2025-11-13 02:00:00+01:00,2025-11-13,2,3,11,0,35654.025,35654.025,9541.974999999999
2025-11-13 02:00:00+00:00,7.78,45571.850000000006,29677.2,6091.95,0.0,2025-11-13 03:00:00+01:00,2025-11-13,3,3,11,0,35769.15,35769.15,9802.700000000004
2025-11-13 03:00:00+00:00,6.0,46516.75,29712.5,6147.875,0.0,2025-11-13 04:00:00+01:00,2025-11-13,4,3,11,0,35860.375,35860.375,10656.375
2025-11-13 04:00:00+00:00,25.9725,49844.025,30029.025,6243.025,0.0,2025-11-13 05:00:00+01:00,2025-11-13,5,3,11,0,36272.05,36272.05,13571.974999999999
2025-11-13 05:00:00+00:00,50.885000000000005,56504.925,31131.225,6242.725,0.0,2025-11-13 06:00:00+01:00,2025-11-13,6,3,11,0,37373.95,37373.95,19130.975000000006
2025-11-13 06:00:00+00:00,76.845,62057.2,31276.0,6282.474999999999,720.45,2025-11-13 07:00:00+01:00,2025-11-13,7,3,11,0,37558.475,38278.924999999996,23778.275
2025-11-13 07:00:00+00:00,66.0825,65352.049999999996,31435.525,6189.825,6873.65,2025-11-13 08:00:00+01:00,2025-11-13,8,3,11,0,37625.35,44499.0,20853.049999999996
2025-11-13 08:00:00+00:00,53.61,66395.375,30864.95,5939.525,15430.724999999999,2025-11-13 09:00:00+01:00,2025-11-13,9,3,11,0,36804.475,52235.2,14160.175000000003
2025-11-13 09:00:00+00:00,50.3225,67349.725,29606.075,5685.475,22123.9,2025-11-13 10:00:00+01:00,2025-11-13,10,3,11,0,35291.55,57415.450000000004,9934.275000000001
2025-11-13 10:00:00+00:00,42.96,67495.75,27924.0,5565.225,25594.5,2025-11-13 11:00:00+01:00,2025-11-13,11,3,11,0,33489.225,59083.725,8412.025000000001
2025-11-13 11:00:00+00:00,48.089999999999996,66893.55,26123.05,5486.575,25288.5,2025-11-13 12:00:00+01:00,2025-11-13,12,3,11,0,31609.625,56898.125,9995.425000000003
2025-11-13 12:00:00+00:00,60.5725,66193.65,25548.949999999997,5424.25,21404.05,2025-11-13 13:00:00+01:00,2025-11-13,13,3,11,0,30973.199999999997,52377.25,13816.399999999994
2025-11-13 13:00:00+00:00,77.33500000000001,64638.0,25285.6,5354.025,14624.6,2025-11-13 14:00:00+01:00,2025-11-13,14,3,11,0,30639.625,45264.225,19373.775
2025-11-13 14:00:00+00:00,101.66499999999999,63313.0,24930.825,5218.4,6300.65,2025-11-13 15:00:00+01:00,2025-11-13,15,3,11,0,30149.225,36449.875,26863.125
2025-11-13 15:00:00+00:00,111.5125,63744.0,24452.949999999997,4831.575,696.45,2025-11-13 16:00:00+01:00,2025-11-13,16,3,11,0,29284.524999999998,29980.975,33763.025
2025-11-13 16:00:00+00:00,130.1,66173.225,23600.6,3982.95,0.0,2025-11-13 17:00:00+01:00,2025-11-13,17,3,11,0,27583.55,27583.55,38589.675
2025-11-13 17:00:00+00:00,131.8025,66910.1,22317.05,3094.425,0.0,2025-11-13 18:00:00+01:00,2025-11-13,18,3,11,0,25411.475,25411.475,41498.62500000001
2025-11-13 18:00:00+00:00,129.8875,65172.200000000004,20650.574999999997,2460.35,0.0,2025-11-13 19:00:00+01:00,2025-11-13,19,3,11,0,23110.924999999996,23110.924999999996,42061.27500000001
2025-11-13 19:00:00+00:00,111.845,61026.875,18940.925000000003,2029.675,0.0,2025-11-13 20:00:00+01:00,2025-11-13,20,3,11,0,20970.600000000002,20970.600000000002,40056.274999999994
2025-11-13 20:00:00+00:00,116.60749999999999,57181.675,16703.625,1795.5,0.0,2025-11-13 21:00:00+01:00,2025-11-13,21,3,11,0,18499.125,18499.125,38682.55
2025-11-13 21:00:00+00:00,110.58500000000001,53351.0,14348.8,1676.025,0.0,2025-11-13 22:00:00+01:00,2025-11-13,22,3,11,0,16024.824999999999,16024.824999999999,37326.175
2025-11-13 22:00:00+00:00,102.77250000000001,49590.325,12569.5,1546.1,0.0,2025-11-13 23:00:00+01:00,2025-11-13,23,3,11,0,14115.6,14115.6,35474.725
2025-11-13 23:00:00+00:00,98.4425,47120.35,11838.875,1510.525,0.0,2025-11-14 00:00:00+01:00,2025-11-14,0,4,11,0,13349.4,13349.4,33770.95
2025-11-14 00:00:00+00:00,95.8025,45783.125,10718.225,1301.425,0.0,2025-11-14 01:00:00+01:00,2025-11-14,1,4,11,0,12019.65,12019.65,33763.475
2025-11-14 01:00:00+00:00,94.9325,45274.8,9871.949999999999,1172.775,0.0,2025-11-14 02:00:00+01:00,2025-11-14,2,4,11,0,11044.724999999999,11044.724999999999,34230.075000000004
2025-11-14 02:00:00+00:00,91.53,45638.95,9303.075,1179.225,0.0,2025-11-14 03:00:00+01:00,2025-11-14,3,4,11,0,10482.300000000001,10482.300000000001,35156.649999999994
2025-11-14 03:00:00+00:00,92.13,46993.525,8928.525,1232.525,0.0,2025-11-14 04:00:00+01:00,2025-11-14,4,4,11,0,10161.05,10161.05,36832.475000000006
2025-11-14 04:00:00+00:00,91.60249999999999,50396.0,9039.5,1351.175,0.0,2025-11-14 05:00:00+01:00,2025-11-14,5,4,11,0,10390.675,10390.675,40005.325
2025-11-14 05:00:00+00:00,112.7775,57085.375,9775.2,1554.375,0.0,2025-11-14 06:00:00+01:00,2025-11-14,6,4,11,0,11329.575,11329.575,45755.8
2025-11-14 06:00:00+00:00,138.3475,62367.525,10399.875,1790.525,521.45,2025-11-14 07:00:00+01:00,2025-11-14,7,4,11,0,12190.4,12711.85,49655.675
2025-11-14 07:00:00+00:00,136.385,65592.575,11058.75,2023.875,4521.2,2025-11-14 08:00:00+01:00,2025-11-14,8,4,11,0,13082.625,17603.825,47988.75
2025-11-14 08:00:00+00:00,120.9025,66887.375,11469.55,2202.025,10075.1,2025-11-14 09:00:00+01:00,2025-11-14,9,4,11,0,13671.574999999999,23746.675,43140.7
2025-11-14 09:00:00+00:00,112.0275,67518.625,11383.125,2340.125,14517.425,2025-11-14 10:00:00+01:00,2025-11-14,10,4,11,0,13723.25,28240.675,39277.95
2025-11-14 10:00:00+00:00,106.035,67318.525,10678.85,2573.6,17114.925,2025-11-14 11:00:00+01:00,2025-11-14,11,4,11,0,13252.45,30367.375,36951.149999999994
2025-11-14 11:00:00+00:00,101.225,66431.175,9586.15,2904.9,17302.725,2025-11-14 12:00:00+01:00,2025-11-14,12,4,11,0,12491.05,29793.774999999998,36637.40000000001
2025-11-14 12:00:00+00:00,105.4225,64527.375,8974.675,3274.525,14886.725,2025-11-14 13:00:00+01:00,2025-11-14,13,4,11,0,12249.199999999999,27135.925,37391.45
2025-11-14 13:00:00+00:00,107.0625,63090.6,8953.475,3585.725,10066.95,2025-11-14 14:00:00+01:00,2025-11-14,14,4,11,0,12539.2,22606.15,40484.45
2025-11-14 14:00:00+00:00,115.3925,62597.3,9439.125,3826.375,4253.475,2025-11-14 15:00:00+01:00,2025-11-14,15,4,11,0,13265.5,17518.975,45078.325000000004
2025-11-14 15:00:00+00:00,115.965,63037.575,10159.3,3977.625,476.5,2025-11-14 16:00:00+01:00,2025-11-14,16,4,11,0,14136.925,14613.425,48424.149999999994
2025-11-14 16:00:00+00:00,131.57,65330.25,10796.7,4069.475,0.0,2025-11-14 17:00:00+01:00,2025-11-14,17,4,11,0,14866.175000000001,14866.175000000001,50464.075
2025-11-14 17:00:00+00:00,119.81,65521.275,11450.175,4155.275,0.0,2025-11-14 18:00:00+01:00,2025-11-14,18,4,11,0,15605.449999999999,15605.449999999999,49915.825000000004
2025-11-14 18:00:00+00:00,106.49,63251.675,12158.55,4300.1,0.0,2025-11-14 19:00:00+01:00,2025-11-14,19,4,11,0,16458.65,16458.65,46793.025
2025-11-14 19:00:00+00:00,98.91499999999999,59413.875,12992.475,4482.3,0.0,2025-11-14 20:00:00+01:00,2025-11-14,20,4,11,0,17474.775,17474.775,41939.1
2025-11-14 20:00:00+00:00,93.1625,55657.775,13844.175,4722.425,0.0,2025-11-14 21:00:00+01:00,2025-11-14,21,4,11,0,18566.6,18566.6,37091.175
2025-11-14 21:00:00+00:00,97.015,52470.275,14457.375,5043.425,0.0,2025-11-14 22:00:00+01:00,2025-11-14,22,4,11,0,19500.8,19500.8,32969.475000000006
2025-11-14 22:00:00+00:00,78.65,49080.25,15362.2,5328.825,0.0,2025-11-14 23:00:00+01:00,2025-11-14,23,4,11,0,20691.025,20691.025,28389.225
2025-11-14 23:00:00+00:00,77.3775,46709.875,17873.525,5826.5,0.0,2025-11-15 00:00:00+01:00,2025-11-15,0,5,11,1,23700.025,23700.025,23009.85
2025-11-15 00:00:00+00:00,77.95,44567.075,18104.5,5806.875,0.0,2025-11-15 01:00:00+01:00,2025-11-15,1,5,11,1,23911.375,23911.375,20655.699999999997
2025-11-15 01:00:00+00:00,74.7175,43493.3,18599.925,5717.475,0.0,2025-11-15 02:00:00+01:00,2025-11-15,2,5,11,1,24317.4,24317.4,19175.9
2025-11-15 02:00:00+00:00,73.03,43199.875,19261.7,5622.775,0.0,2025-11-15 03:00:00+01:00,2025-11-15,3,5,11,1,24884.475,24884.475,18315.4
2025-11-15 03:00:00+00:00,72.2,43106.125,19942.85,5568.95,0.0,2025-11-15 04:00:00+01:00,2025-11-15,4,5,11,1,25511.8,25511.8,17594.325
2025-11-15 04:00:00+00:00,70.615,44339.275,20466.925,5595.025,0.0,2025-11-15 05:00:00+01:00,2025-11-15,5,5,11,1,26061.949999999997,26061.949999999997,18277.325000000004
2025-11-15 05:00:00+00:00,68.1575,46373.8,21006.525,5700.8,0.0,2025-11-15 06:00:00+01:00,2025-11-15,6,5,11,1,26707.325,26707.325,19666.475000000002
2025-11-15 06:00:00+00:00,77.055,49276.125,20732.025,5725.3,215.125,2025-11-15 07:00:00+01:00,2025-11-15,7,5,11,1,26457.325,26672.45,22603.675
2025-11-15 07:00:00+00:00,80.065,53102.425,20475.25,5621.7,1818.125,2025-11-15 08:00:00+01:00,2025-11-15,8,5,11,1,26096.95,27915.075,25187.350000000002
2025-11-15 08:00:00+00:00,85.235,55962.625,20096.35,5470.85,4669.3,2025-11-15 09:00:00+01:00,2025-11-15,9,5,11,1,25567.199999999997,30236.499999999996,25726.125000000004
2025-11-15 09:00:00+00:00,85.6125,57781.675,19511.45,5385.05,7550.9,2025-11-15 10:00:00+01:00,2025-11-15,10,5,11,1,24896.5,32447.4,25334.275
2025-11-15 10:00:00+00:00,85.4225,59056.225,18733.125,5242.175,9580.85,2025-11-15 11:00:00+01:00,2025-11-15,11,5,11,1,23975.3,33556.15,25500.074999999997
2025-11-15 11:00:00+00:00,84.1925,58722.325,17715.65,5163.5,10103.75,2025-11-15 12:00:00+01:00,2025-11-15,12,5,11,1,22879.15,32982.9,25739.424999999996
2025-11-15 12:00:00+00:00,90.6675,56968.325,16843.875,5179.15,8871.4,2025-11-15 13:00:00+01:00,2025-11-15,13,5,11,1,22023.025,30894.425000000003,26073.899999999994
2025-11-15 13:00:00+00:00,94.6525,55346.775,15821.275,5219.275,6036.475,2025-11-15 14:00:00+01:00,2025-11-15,14,5,11,1,21040.55,27077.025,28269.75
2025-11-15 14:00:00+00:00,101.1925,54559.5,15325.875,5238.424999999999,2526.325,2025-11-15 15:00:00+01:00,2025-11-15,15,5,11,1,20564.3,23090.625,31468.875
2025-11-15 15:00:00+00:00,109.7925,55469.35,15001.2,5195.125,300.875,2025-11-15 16:00:00+01:00,2025-11-15,16,5,11,1,20196.325,20497.2,34972.149999999994
2025-11-15 16:00:00+00:00,121.8,57212.975,15262.3,5158.225,0.0,2025-11-15 17:00:00+01:00,2025-11-15,17,5,11,1,20420.525,20420.525,36792.45
2025-11-15 17:00:00+00:00,121.52250000000001,57929.125,15324.025,5108.525,0.0,2025-11-15 18:00:00+01:00,2025-11-15,18,5,11,1,20432.55,20432.55,37496.575
2025-11-15 18:00:00+00:00,114.065,56302.600000000006,14880.725,5024.875,0.0,2025-11-15 19:00:00+01:00,2025-11-15,19,5,11,1,19905.6,19905.6,36397.00000000001
2025-11-15 19:00:00+00:00,109.125,53399.05,14198.7,4968.6,0.0,2025-11-15 20:00:00+01:00,2025-11-15,20,5,11,1,19167.300000000003,19167.300000000003,34231.75
2025-11-15 20:00:00+00:00,102.885,50883.775,13101.099999999999,4655.15,0.0,2025-11-15 21:00:00+01:00,2025-11-15,21,5,11,1,17756.25,17756.25,33127.525
2025-11-15 21:00:00+00:00,101.7175,48759.55,11397.9,4311.275,0.0,2025-11-15 22:00:00+01:00,2025-11-15,22,5,11,1,15709.175,15709.175,33050.375
2025-11-15 22:00:00+00:00,97.8675,46031.1,9753.775,3849.5,0.0,2025-11-15 23:00:00+01:00,2025-11-15,23,5,11,1,13603.275,13603.275,32427.824999999997
2025-11-15 23:00:00+00:00,93.7475,44185.825,10376.025,3834.65,0.0,2025-11-16 00:00:00+01:00,2025-11-16,0,6,11,1,14210.675,14210.675,29975.149999999998
2025-11-16 00:00:00+00:00,95.0,42602.475,9162.8,3508.45,0.0,2025-11-16 01:00:00+01:00,2025-11-16,1,6,11,1,12671.25,12671.25,29931.225
2025-11-16 01:00:00+00:00,93.35,41721.725,8338.525,3396.85,0.0,2025-11-16 02:00:00+01:00,2025-11-16,2,6,11,1,11735.375,11735.375,29986.35
2025-11-16 02:00:00+00:00,91.45,41322.8,7961.9,3470.975,0.0,2025-11-16 03:00:00+01:00,2025-11-16,3,6,11,1,11432.875,11432.875,29889.925000000003
2025-11-16 03:00:00+00:00,88.215,41582.5,8102.8,3600.725,0.0,2025-11-16 04:00:00+01:00,2025-11-16,4,6,11,1,11703.525,11703.525,29878.975
2025-11-16 04:00:00+00:00,91.13,42534.125,8572.975,3679.175,0.0,2025-11-16 05:00:00+01:00,2025-11-16,5,6,11,1,12252.150000000001,12252.150000000001,30281.975
2025-11-16 05:00:00+00:00,85.6725,44649.875,8859.825,3599.625,0.0,2025-11-16 06:00:00+01:00,2025-11-16,6,6,11,1,12459.45,12459.45,32190.425
2025-11-16 06:00:00+00:00,92.4875,47357.675,8550.975,3283.25,310.525,2025-11-16 07:00:00+01:00,2025-11-16,7,6,11,1,11834.225,12144.75,35212.925
2025-11-16 07:00:00+00:00,98.49,50575.75,7936.15,2741.825,3009.0,2025-11-16 08:00:00+01:00,2025-11-16,8,6,11,1,10677.974999999999,13686.974999999999,36888.775
2025-11-16 08:00:00+00:00,101.185,53185.8,6923.375,2118.6,7060.0,2025-11-16 09:00:00+01:00,2025-11-16,9,6,11,1,9041.975,16101.975,37083.825000000004
2025-11-16 09:00:00+00:00,99.2775,55342.625,5795.125,1606.225,10414.175000000001,2025-11-16 10:00:00+01:00,2025-11-16,10,6,11,1,7401.35,17815.525,37527.1
2025-11-16 10:00:00+00:00,102.5675,56524.425,4980.05,1308.925,12276.675,2025-11-16 11:00:00+01:00,2025-11-16,11,6,11,1,6288.975,18565.65,37958.775
2025-11-16 11:00:00+00:00,102.4675,56160.0,4647.025,1276.85,12035.625,2025-11-16 12:00:00+01:00,2025-11-16,12,6,11,1,5923.875,17959.5,38200.5
2025-11-16 12:00:00+00:00,103.9975,55056.55,4511.825,1469.025,9743.25,2025-11-16 13:00:00+01:00,2025-11-16,13,6,11,1,5980.85,15724.1,39332.450000000004
2025-11-16 13:00:00+00:00,109.265,53714.75,4472.0,1816.325,6288.625,2025-11-16 14:00:00+01:00,2025-11-16,14,6,11,1,6288.325,12576.95,41137.8
2025-11-16 14:00:00+00:00,116.72,53832.975000000006,4671.174999999999,2220.5,2593.8,2025-11-16 15:00:00+01:00,2025-11-16,15,6,11,1,6891.674999999999,9485.474999999999,44347.50000000001
2025-11-16 15:00:00+00:00,124.495,55414.075,5119.2,2566.4,295.75,2025-11-16 16:00:00+01:00,2025-11-16,16,6,11,1,7685.6,7981.35,47432.725
2025-11-16 16:00:00+00:00,129.3725,58145.9,5592.1,2976.55,0.0,2025-11-16 17:00:00+01:00,2025-11-16,17,6,11,1,8568.650000000001,8568.650000000001,49577.25
2025-11-16 17:00:00+00:00,125.21,58734.65,6094.775,3471.05,0.0,2025-11-16 18:00:00+01:00,2025-11-16,18,6,11,1,9565.825,9565.825,49168.825
2025-11-16 18:00:00+00:00,115.33,57141.625,6941.275,4062.775,0.0,2025-11-16 19:00:00+01:00,2025-11-16,19,6,11,1,11004.05,11004.05,46137.575
2025-11-16 19:00:00+00:00,102.7175,54590.575,8074.674999999999,4604.675,0.0,2025-11-16 20:00:00+01:00,2025-11-16,20,6,11,1,12679.349999999999,12679.349999999999,41911.225
2025-11-16 20:00:00+00:00,91.41,52240.2,9195.05,5097.975,0.0,2025-11-16 21:00:00+01:00,2025-11-16,21,6,11,1,14293.025,14293.025,37947.174999999996
2025-11-16 21:00:00+00:00,94.38499999999999,50212.225,10202.95,5496.55,0.0,2025-11-16 22:00:00+01:00,2025-11-16,22,6,11,1,15699.5,15699.5,34512.725
2025-11-16 22:00:00+00:00,86.5275,47366.600000000006,11187.1,5793.075000000001,0.0,2025-11-16 23:00:00+01:00,2025-11-16,23,6,11,1,16980.175000000003,16980.175000000003,30386.425000000003
2025-11-16 23:00:00+00:00,88.29,45623.5,12757.05,6145.225,0.0,2025-11-17 00:00:00+01:00,2025-11-17,0,0,11,0,18902.275,18902.275,26721.225
2025-11-17 00:00:00+00:00,80.5575,44385.5,13553.875,6158.925,0.0,2025-11-17 01:00:00+01:00,2025-11-17,1,0,11,0,19712.8,19712.8,24672.7
2025-11-17 01:00:00+00:00,74.0875,44098.7,14390.3,6129.6,0.0,2025-11-17 02:00:00+01:00,2025-11-17,2,0,11,0,20519.9,20519.9,23578.799999999996
2025-11-17 02:00:00+00:00,71.32249999999999,44425.775,15212.975,6084.125,0.0,2025-11-17 03:00:00+01:00,2025-11-17,3,0,11,0,21297.1,21297.1,23128.675000000003
2025-11-17 03:00:00+00:00,74.095,45992.175,15655.55,6001.925,0.0,2025-11-17 04:00:00+01:00,2025-11-17,4,0,11,0,21657.475,21657.475,24334.700000000004
2025-11-17 04:00:00+00:00,83.6,50683.25,15685.599999999999,5868.275,0.0,2025-11-17 05:00:00+01:00,2025-11-17,5,0,11,0,21553.875,21553.875,29129.375
2025-11-17 05:00:00+00:00,89.59,58596.075,15586.0,5700.4,0.0,2025-11-17 06:00:00+01:00,2025-11-17,6,0,11,0,21286.4,21286.4,37309.674999999996
2025-11-17 06:00:00+00:00,114.8675,64606.175,15027.15,5231.6,119.15,2025-11-17 07:00:00+01:00,2025-11-17,7,0,11,0,20258.75,20377.9,44228.275
2025-11-17 07:00:00+00:00,126.9925,67143.1,14794.25,5203.625,1719.575,2025-11-17 08:00:00+01:00,2025-11-17,8,0,11,0,19997.875,21717.45,45425.65000000001
2025-11-17 08:00:00+00:00,121.6875,67417.6,15138.65,4966.575000000001,5045.25,2025-11-17 09:00:00+01:00,2025-11-17,9,0,11,0,20105.225,25150.475,42267.12500000001
2025-11-17 09:00:00+00:00,105.215,68427.375,16282.15,4844.525,8281.35,2025-11-17 10:00:00+01:00,2025-11-17,10,0,11,0,21126.675,29408.025,39019.35
2025-11-17 10:00:00+00:00,84.3925,68847.45,17872.925,4846.125,10805.025,2025-11-17 11:00:00+01:00,2025-11-17,11,0,11,0,22719.05,33524.075,35323.375
2025-11-17 11:00:00+00:00,77.805,67928.225,19969.6,4877.6,11922.45,2025-11-17 12:00:00+01:00,2025-11-17,12,0,11,0,24847.199999999997,36769.649999999994,31158.57500000001
2025-11-17 12:00:00+00:00,77.785,66931.975,21390.5,4926.0,11050.275,2025-11-17 13:00:00+01:00,2025-11-17,13,0,11,0,26316.5,37366.775,29565.200000000004
2025-11-17 13:00:00+00:00,87.035,65793.725,21004.875,5075.25,8099.9,2025-11-17 14:00:00+01:00,2025-11-17,14,0,11,0,26080.125,34180.025,31613.700000000004
2025-11-17 14:00:00+00:00,97.52,65284.75,19699.725,5309.2,3467.675,2025-11-17 15:00:00+01:00,2025-11-17,15,0,11,0,25008.925,28476.6,36808.15
2025-11-17 15:00:00+00:00,107.32000000000001,66110.875,18572.625,5577.9,383.125,2025-11-17 16:00:00+01:00,2025-11-17,16,0,11,0,24150.525,24533.65,41577.225
2025-11-17 16:00:00+00:00,117.355,67789.1,18237.475,5669.25,0.0,2025-11-17 17:00:00+01:00,2025-11-17,17,0,11,0,23906.725,23906.725,43882.37500000001
2025-11-17 17:00:00+00:00,116.49249999999999,67977.125,18228.699999999997,5631.475,0.0,2025-11-17 18:00:00+01:00,2025-11-17,18,0,11,0,23860.174999999996,23860.174999999996,44116.950000000004
2025-11-17 18:00:00+00:00,110.7025,66113.575,18318.775,5539.325000000001,0.0,2025-11-17 19:00:00+01:00,2025-11-17,19,0,11,0,23858.100000000002,23858.100000000002,42255.47499999999
2025-11-17 19:00:00+00:00,102.89,62541.65,18398.8,5406.2,0.0,2025-11-17 20:00:00+01:00,2025-11-17,20,0,11,0,23805.0,23805.0,38736.65
2025-11-17 20:00:00+00:00,92.69749999999999,59125.225,18351.525,5338.35,0.0,2025-11-17 21:00:00+01:00,2025-11-17,21,0,11,0,23689.875,23689.875,35435.35
2025-11-17 21:00:00+00:00,89.7075,55349.725,18197.75,5317.275,0.0,2025-11-17 22:00:00+01:00,2025-11-17,22,0,11,0,23515.025,23515.025,31834.699999999997
2025-11-17 22:00:00+00:00,81.14,51322.125,18380.1,5318.9,0.0,2025-11-17 23:00:00+01:00,2025-11-17,23,0,11,0,23699.0,23699.0,27623.125
2025-11-17 23:00:00+00:00,84.88499999999999,48897.425,17852.975,5365.15,0.0,2025-11-18 00:00:00+01:00,2025-11-18,0,1,11,0,23218.125,23218.125,25679.300000000003
2025-11-18 00:00:00+00:00,82.83,47112.575,18560.15,5322.6,0.0,2025-11-18 01:00:00+01:00,2025-11-18,1,1,11,0,23882.75,23882.75,23229.824999999997
2025-11-18 01:00:00+00:00,79.0375,46729.5,18850.275,5275.0,0.0,2025-11-18 02:00:00+01:00,2025-11-18,2,1,11,0,24125.275,24125.275,22604.225
2025-11-18 02:00:00+00:00,77.7175,46942.425,19044.1,5170.0,0.0,2025-11-18 03:00:00+01:00,2025-11-18,3,1,11,0,24214.1,24214.1,22728.325000000004
2025-11-18 03:00:00+00:00,80.5125,48162.1,19005.825,4953.375,0.0,2025-11-18 04:00:00+01:00,2025-11-18,4,1,11,0,23959.2,23959.2,24202.899999999998
2025-11-18 04:00:00+00:00,83.4725,51776.775,18798.6,4742.0,0.0,2025-11-18 05:00:00+01:00,2025-11-18,5,1,11,0,23540.6,23540.6,28236.175000000003
2025-11-18 05:00:00+00:00,91.0475,58097.125,18852.9,4409.225,0.0,2025-11-18 06:00:00+01:00,2025-11-18,6,1,11,0,23262.125,23262.125,34835.0
2025-11-18 06:00:00+00:00,104.735,63341.225,18428.575,3959.125,239.79999999999998,2025-11-18 07:00:00+01:00,2025-11-18,7,1,11,0,22387.7,22627.5,40713.725
2025-11-18 07:00:00+00:00,119.84,66156.65,18007.825,3535.1499999999996,3207.15,2025-11-18 08:00:00+01:00,2025-11-18,8,1,11,0,21542.975,24750.125,41406.524999999994
2025-11-18 08:00:00+00:00,107.45,66897.95,17489.824999999997,3086.05,8233.625,2025-11-18 09:00:00+01:00,2025-11-18,9,1,11,0,20575.874999999996,28809.499999999996,38088.45
2025-11-18 09:00:00+00:00,92.1275,68121.475,17308.625,2755.925,12281.275,2025-11-18 10:00:00+01:00,2025-11-18,10,1,11,0,20064.55,32345.824999999997,35775.65000000001
2025-11-18 10:00:00+00:00,88.7975,68770.025,17382.3,2487.4,14609.575,2025-11-18 11:00:00+01:00,2025-11-18,11,1,11,0,19869.7,34479.275,34290.74999999999
2025-11-18 11:00:00+00:00,89.2,68417.9,17573.5,2301.6,14808.025000000001,2025-11-18 12:00:00+01:00,2025-11-18,12,1,11,0,19875.1,34683.125,33734.774999999994
2025-11-18 12:00:00+00:00,90.6,67457.575,17799.525,2093.675,12953.375,2025-11-18 13:00:00+01:00,2025-11-18,13,1,11,0,19893.2,32846.575,34611.0
2025-11-18 13:00:00+00:00,96.575,66136.225,17242.3,1863.575,9133.6,2025-11-18 14:00:00+01:00,2025-11-18,14,1,11,0,19105.875,28239.475,37896.75000000001
2025-11-18 14:00:00+00:00,120.595,66104.125,16496.375,1657.125,3930.475,2025-11-18 15:00:00+01:00,2025-11-18,15,1,11,0,18153.5,22083.975,44020.15
2025-11-18 15:00:00+00:00,141.9125,66627.5,16479.375,1483.75,436.475,2025-11-18 16:00:00+01:00,2025-11-18,16,1,11,0,17963.125,18399.6,48227.9
2025-11-18 16:00:00+00:00,151.66,68034.35,17005.725,1309.5,0.0,2025-11-18 17:00:00+01:00,2025-11-18,17,1,11,0,18315.225,18315.225,49719.12500000001
2025-11-18 17:00:00+00:00,143.8025,67832.9,18011.95,1213.475,0.0,2025-11-18 18:00:00+01:00,2025-11-18,18,1,11,0,19225.425,19225.425,48607.47499999999
2025-11-18 18:00:00+00:00,131.15,66465.65,18689.2,1097.1,0.0,2025-11-18 19:00:00+01:00,2025-11-18,19,1,11,0,19786.3,19786.3,46679.34999999999
2025-11-18 19:00:00+00:00,107.13,62754.575,18954.0,989.675,0.0,2025-11-18 20:00:00+01:00,2025-11-18,20,1,11,0,19943.675,19943.675,42810.899999999994
2025-11-18 20:00:00+00:00,94.6425,58894.4,18828.5,884.3,0.0,2025-11-18 21:00:00+01:00,2025-11-18,21,1,11,0,19712.8,19712.8,39181.600000000006
2025-11-18 21:00:00+00:00,97.4825,55414.3,18266.9,800.95,0.0,2025-11-18 22:00:00+01:00,2025-11-18,22,1,11,0,19067.850000000002,19067.850000000002,36346.45
2025-11-18 22:00:00+00:00,89.9625,51731.125,17988.85,786.125,0.0,2025-11-18 23:00:00+01:00,2025-11-18,23,1,11,0,18774.975,18774.975,32956.15
2025-11-18 23:00:00+00:00,87.3775,48805.975000000006,18984.0,849.65,0.0,2025-11-19 00:00:00+01:00,2025-11-19,0,2,11,0,19833.65,19833.65,28972.325000000004
2025-11-19 00:00:00+00:00,86.225,47366.475,18546.225,1022.15,0.0,2025-11-19 01:00:00+01:00,2025-11-19,1,2,11,0,19568.375,19568.375,27798.1
2025-11-19 01:00:00+00:00,84.1675,46738.425,18144.7,1240.25,0.0,2025-11-19 02:00:00+01:00,2025-11-19,2,2,11,0,19384.95,19384.95,27353.475000000002
2025-11-19 02:00:00+00:00,83.185,47064.175,17740.575,1376.9,0.0,2025-11-19 03:00:00+01:00,2025-11-19,3,2,11,0,19117.475000000002,19117.475000000002,27946.7
2025-11-19 03:00:00+00:00,84.3925,48400.2,17349.525,1405.425,0.0,2025-11-19 04:00:00+01:00,2025-11-19,4,2,11,0,18754.95,18754.95,29645.249999999996
2025-11-19 04:00:00+00:00,87.0025,50341.625,17237.725,1430.45,0.0,2025-11-19 05:00:00+01:00,2025-11-19,5,2,11,0,18668.175,18668.175,31673.45
2025-11-19 05:00:00+00:00,99.03,54063.375,17646.475,1540.1,0.0,2025-11-19 06:00:00+01:00,2025-11-19,6,2,11,0,19186.574999999997,19186.574999999997,34876.8
2025-11-19 06:00:00+00:00,127.03,58646.325,17719.8,1749.45,332.125,2025-11-19 07:00:00+01:00,2025-11-19,7,2,11,0,19469.25,19801.375,38844.95
2025-11-19 07:00:00+00:00,136.67000000000002,62427.600000000006,17839.95,1965.125,3898.7999999999997,2025-11-19 08:00:00+01:00,2025-11-19,8,2,11,0,19805.075,23703.875,38723.725000000006
2025-11-19 08:00:00+00:00,115.1625,64049.149999999994,17285.1,2241.1,9092.25,2025-11-19 09:00:00+01:00,2025-11-19,9,2,11,0,19526.199999999997,28618.449999999997,35430.7
2025-11-19 09:00:00+00:00,97.52250000000001,64830.05,16146.925,2617.5,12836.9,2025-11-19 10:00:00+01:00,2025-11-19,10,2,11,0,18764.425,31601.324999999997,33228.725000000006
2025-11-19 10:00:00+00:00,91.62,65294.05,15471.425,2931.7,14144.3,2025-11-19 11:00:00+01:00,2025-11-19,11,2,11,0,18403.125,32547.425,32746.625000000004
2025-11-19 11:00:00+00:00,89.59,64432.1,15153.4,3265.9,12904.55,2025-11-19 12:00:00+01:00,2025-11-19,12,2,11,0,18419.3,31323.85,33108.25
2025-11-19 12:00:00+00:00,93.5975,63395.375,15018.3,3605.125,9974.6,2025-11-19 13:00:00+01:00,2025-11-19,13,2,11,0,18623.425,28598.025,34797.35
2025-11-19 13:00:00+00:00,104.62,61881.15,14907.55,3954.6,6265.725,2025-11-19 14:00:00+01:00,2025-11-19,14,2,11,0,18862.149999999998,25127.875,36753.275
2025-11-19 14:00:00+00:00,113.05,61901.8,15106.3,4253.85,2409.975,2025-11-19 15:00:00+01:00,2025-11-19,15,2,11,0,19360.15,21770.125,40131.675
2025-11-19 15:00:00+00:00,117.8075,63151.825000000004,15601.2,4269.0,235.25,2025-11-19 16:00:00+01:00,2025-11-19,16,2,11,0,19870.2,20105.45,43046.375
2025-11-19 16:00:00+00:00,127.5675,65312.0,16066.25,4426.425,0.0,2025-11-19 17:00:00+01:00,2025-11-19,17,2,11,0,20492.675,20492.675,44819.325
2025-11-19 17:00:00+00:00,119.19,65312.024999999994,16345.8,4567.6,0.0,2025-11-19 18:00:00+01:00,2025-11-19,18,2,11,0,20913.4,20913.4,44398.62499999999
2025-11-19 18:00:00+00:00,119.05,63602.075,16108.775000000001,4322.4,0.0,2025-11-19 19:00:00+01:00,2025-11-19,19,2,11,0,20431.175000000003,20431.175000000003,43170.899999999994
2025-11-19 19:00:00+00:00,105.6875,60482.45,15735.625,4001.225,0.0,2025-11-19 20:00:00+01:00,2025-11-19,20,2,11,0,19736.85,19736.85,40745.6
2025-11-19 20:00:00+00:00,100.225,56998.075,15262.075,3583.3,0.0,2025-11-19 21:00:00+01:00,2025-11-19,21,2,11,0,18845.375,18845.375,38152.7
2025-11-19 21:00:00+00:00,99.17,54127.875,14667.7,3200.5,0.0,2025-11-19 22:00:00+01:00,2025-11-19,22,2,11,0,17868.2,17868.2,36259.675
2025-11-19 22:00:00+00:00,91.885,50934.675,14223.375,2828.625,0.0,2025-11-19 23:00:00+01:00,2025-11-19,23,2,11,0,17052.0,17052.0,33882.675
2025-11-19 23:00:00+00:00,90.6275,48232.625,15861.175,3684.875,0.0,2025-11-20 00:00:00+01:00,2025-11-20,0,3,11,0,19546.05,19546.05,28686.575
2025-11-20 00:00:00+00:00,88.0925,46924.45,15977.0,3355.05,0.0,2025-11-20 01:00:00+01:00,2025-11-20,1,3,11,0,19332.05,19332.05,27592.399999999998
2025-11-20 01:00:00+00:00,87.0325,46447.55,16054.575,3040.825,0.0,2025-11-20 02:00:00+01:00,2025-11-20,2,3,11,0,19095.4,19095.4,27352.15
2025-11-20 02:00:00+00:00,86.795,46678.875,16242.875,2721.2749999999996,0.0,2025-11-20 03:00:00+01:00,2025-11-20,3,3,11,0,18964.15,18964.15,27714.725
2025-11-20 03:00:00+00:00,87.125,47921.7,16241.75,2382.8,0.0,2025-11-20 04:00:00+01:00,2025-11-20,4,3,11,0,18624.55,18624.55,29297.149999999998
2025-11-20 04:00:00+00:00,90.5025,53019.325,16056.425,2087.6,0.0,2025-11-20 05:00:00+01:00,2025-11-20,5,3,11,0,18144.024999999998,18144.024999999998,34875.3
2025-11-20 05:00:00+00:00,103.6825,60555.05,15984.925,1829.4,0.0,2025-11-20 06:00:00+01:00,2025-11-20,6,3,11,0,17814.325,17814.325,42740.725000000006
2025-11-20 06:00:00+00:00,144.4075,66235.35,15441.5,1577.175,94.875,2025-11-20 07:00:00+01:00,2025-11-20,7,3,11,0,17018.675,17113.55,49121.8
2025-11-20 07:00:00+00:00,155.715,68677.65,14753.9,1389.475,1712.125,2025-11-20 08:00:00+01:00,2025-11-20,8,3,11,0,16143.375,17855.5,50822.149999999994
2025-11-20 08:00:00+00:00,153.655,69012.9,13955.225,1230.3,5334.775,2025-11-20 09:00:00+01:00,2025-11-20,9,3,11,0,15185.525,20520.3,48492.59999999999
2025-11-20 09:00:00+00:00,141.27,69787.125,13203.6,1115.65,8813.5,2025-11-20 10:00:00+01:00,2025-11-20,10,3,11,0,14319.25,23132.75,46654.375
2025-11-20 10:00:00+00:00,129.3025,70329.475,12651.475,1072.325,11191.15,2025-11-20 11:00:00+01:00,2025-11-20,11,3,11,0,13723.800000000001,24914.95,45414.52500000001
2025-11-20 11:00:00+00:00,125.055,69718.45000000001,12271.025,1053.65,11984.325,2025-11-20 12:00:00+01:00,2025-11-20,12,3,11,0,13324.675,25309.0,44409.45000000001
2025-11-20 12:00:00+00:00,126.1,68256.625,12015.625,1129.075,10805.05,2025-11-20 13:00:00+01:00,2025-11-20,13,3,11,0,13144.7,23949.75,44306.875
2025-11-20 13:00:00+00:00,134.2025,66605.35,11318.075,1327.225,7720.4,2025-11-20 14:00:00+01:00,2025-11-20,14,3,11,0,12645.300000000001,20365.7,46239.65000000001
2025-11-20 14:00:00+00:00,149.685,66185.3,10560.4,1570.575,3264.35,2025-11-20 15:00:00+01:00,2025-11-20,15,3,11,0,12130.975,15395.325,50789.975000000006
2025-11-20 15:00:00+00:00,175.82999999999998,67215.05,10317.275,1823.65,321.6,2025-11-20 16:00:00+01:00,2025-11-20,16,3,11,0,12140.925,12462.525,54752.525
2025-11-20 16:00:00+00:00,175.4725,69032.05,10338.6,2071.875,0.0,2025-11-20 17:00:00+01:00,2025-11-20,17,3,11,0,12410.475,12410.475,56621.575000000004
2025-11-20 17:00:00+00:00,163.25,69340.925,10159.175,2215.9,0.0,2025-11-20 18:00:00+01:00,2025-11-20,18,3,11,0,12375.074999999999,12375.074999999999,56965.850000000006
2025-11-20 18:00:00+00:00,156.01749999999998,67694.725,9619.7,2334.975,0.0,2025-11-20 19:00:00+01:00,2025-11-20,19,3,11,0,11954.675000000001,11954.675000000001,55740.05
2025-11-20 19:00:00+00:00,137.1025,64085.225,9005.375,2435.625,0.0,2025-11-20 20:00:00+01:00,2025-11-20,20,3,11,0,11441.0,11441.0,52644.225
2025-11-20 20:00:00+00:00,120.7525,60362.55,8366.2,2443.575,0.0,2025-11-20 21:00:00+01:00,2025-11-20,21,3,11,0,10809.775000000001,10809.775000000001,49552.775
2025-11-20 21:00:00+00:00,108.235,57053.5,7690.975,2302.3,0.0,2025-11-20 22:00:00+01:00,2025-11-20,22,3,11,0,9993.275000000001,9993.275000000001,47060.225
2025-11-20 22:00:00+00:00,93.7625,53412.8,7159.85,2145.325,0.0,2025-11-20 23:00:00+01:00,2025-11-20,23,3,11,0,9305.175,9305.175,44107.625
2025-11-20 23:00:00+00:00,101.5525,51247.8,5973.35,1737.975,0.0,2025-11-21 00:00:00+01:00,2025-11-21,0,4,11,0,7711.325000000001,7711.325000000001,43536.475000000006
2025-11-21 00:00:00+00:00,94.14,49719.85,5646.25,1689.3,0.0,2025-11-21 01:00:00+01:00,2025-11-21,1,4,11,0,7335.55,7335.55,42384.299999999996
2025-11-21 01:00:00+00:00,90.2825,49191.1,5337.425,1659.925,0.0,2025-11-21 02:00:00+01:00,2025-11-21,2,4,11,0,6997.35,6997.35,42193.75
2025-11-21 02:00:00+00:00,90.185,49652.825,5112.9,1634.375,0.0,2025-11-21 03:00:00+01:00,2025-11-21,3,4,11,0,6747.275,6747.275,42905.549999999996
2025-11-21 03:00:00+00:00,93.625,50980.525,4933.125,1618.3,0.0,2025-11-21 04:00:00+01:00,2025-11-21,4,4,11,0,6551.425,6551.425,44429.1
2025-11-21 04:00:00+00:00,101.865,54626.65,4821.45,1653.25,0.0,2025-11-21 05:00:00+01:00,2025-11-21,5,4,11,0,6474.7,6474.7,48151.950000000004
2025-11-21 05:00:00+00:00,133.525,60787.95,4851.575,1672.475,0.0,2025-11-21 06:00:00+01:00,2025-11-21,6,4,11,0,6524.049999999999,6524.049999999999,54263.899999999994
2025-11-21 06:00:00+00:00,180.42000000000002,66522.45,4850.625,1646.725,152.225,2025-11-21 07:00:00+01:00,2025-11-21,7,4,11,0,6497.35,6649.575000000001,59872.875
2025-11-21 07:00:00+00:00,205.3825,68727.875,4740.65,1543.625,3384.075,2025-11-21 08:00:00+01:00,2025-11-21,8,4,11,0,6284.275,9668.349999999999,59059.525
2025-11-21 08:00:00+00:00,181.82999999999998,68519.7,4298.200000000001,1403.975,9935.225,2025-11-21 09:00:00+01:00,2025-11-21,9,4,11,0,5702.175000000001,15637.400000000001,52882.299999999996
2025-11-21 09:00:00+00:00,151.015,69117.05,3534.1,1226.85,15847.625,2025-11-21 10:00:00+01:00,2025-11-21,10,4,11,0,4760.95,20608.575,48508.475000000006
2025-11-21 10:00:00+00:00,137.72,69448.07500000001,3076.4,1105.925,19524.6,2025-11-21 11:00:00+01:00,2025-11-21,11,4,11,0,4182.325,23706.925,45741.15000000001
2025-11-21 11:00:00+00:00,130.3425,68947.525,3097.5,1077.6,19838.925,2025-11-21 12:00:00+01:00,2025-11-21,12,4,11,0,4175.1,24014.025,44933.49999999999
2025-11-21 12:00:00+00:00,135.57500000000002,67416.475,3239.625,1079.05,16795.975,2025-11-21 13:00:00+01:00,2025-11-21,13,4,11,0,4318.675,21114.649999999998,46301.82500000001
2025-11-21 13:00:00+00:00,153.7525,65488.65,3500.25,1097.5,11201.875,2025-11-21 14:00:00+01:00,2025-11-21,14,4,11,0,4597.75,15799.625,49689.025
2025-11-21 14:00:00+00:00,196.8375,64648.225000000006,4099.8,1115.075,4445.075,2025-11-21 15:00:00+01:00,2025-11-21,15,4,11,0,5214.875,9659.95,54988.27500000001
2025-11-21 15:00:00+00:00,251.87,66086.9,5283.925,1153.25,381.425,2025-11-21 16:00:00+01:00,2025-11-21,16,4,11,0,6437.175,6818.6,59268.299999999996
2025-11-21 16:00:00+00:00,250.0075,67371.225,6639.0,1137.65,0.0,2025-11-21 17:00:00+01:00,2025-11-21,17,4,11,0,7776.65,7776.65,59594.575000000004
2025-11-21 17:00:00+00:00,205.0875,67707.2,7481.75,1036.325,0.0,2025-11-21 18:00:00+01:00,2025-11-21,18,4,11,0,8518.075,8518.075,59189.125
2025-11-21 18:00:00+00:00,171.3675,65741.9,7756.05,943.95,0.0,2025-11-21 19:00:00+01:00,2025-11-21,19,4,11,0,8700.0,8700.0,57041.899999999994
2025-11-21 19:00:00+00:00,141.95,62213.55,7804.825,945.225,0.0,2025-11-21 20:00:00+01:00,2025-11-21,20,4,11,0,8750.05,8750.05,53463.5
2025-11-21 20:00:00+00:00,117.3075,58579.85,7801.9,1002.95,0.0,2025-11-21 21:00:00+01:00,2025-11-21,21,4,11,0,8804.85,8804.85,49775.0
2025-11-21 21:00:00+00:00,104.9,55390.925,7908.125,1190.0,0.0,2025-11-21 22:00:00+01:00,2025-11-21,22,4,11,0,9098.125,9098.125,46292.8
2025-11-21 22:00:00+00:00,95.0325,52014.35,8326.975,1475.375,0.0,2025-11-21 23:00:00+01:00,2025-11-21,23,4,11,0,9802.35,9802.35,42212.0
2025-11-21 23:00:00+00:00,102.2475,49622.8,7225.6,2022.75,0.0,2025-11-22 00:00:00+01:00,2025-11-22,0,5,11,1,9248.35,9248.35,40374.450000000004
2025-11-22 00:00:00+00:00,94.6,47493.4,7501.5,2546.75,0.0,2025-11-22 01:00:00+01:00,2025-11-22,1,5,11,1,10048.25,10048.25,37445.15
2025-11-22 01:00:00+00:00,88.44,46516.825,7754.05,3128.525,0.0,2025-11-22 02:00:00+01:00,2025-11-22,2,5,11,1,10882.575,10882.575,35634.25
2025-11-22 02:00:00+00:00,85.2775,46177.7,8146.0,3666.95,0.0,2025-11-22 03:00:00+01:00,2025-11-22,3,5,11,1,11812.95,11812.95,34364.75
2025-11-22 03:00:00+00:00,86.0975,46002.125,8541.925,4231.55,0.0,2025-11-22 04:00:00+01:00,2025-11-22,4,5,11,1,12773.474999999999,12773.474999999999,33228.65
2025-11-22 04:00:00+00:00,85.2775,46901.575,8819.025,4868.35,0.0,2025-11-22 05:00:00+01:00,2025-11-22,5,5,11,1,13687.375,13687.375,33214.2
2025-11-22 05:00:00+00:00,90.52250000000001,48574.925,9179.8,5379.05,0.0,2025-11-22 06:00:00+01:00,2025-11-22,6,5,11,1,14558.849999999999,14558.849999999999,34016.075000000004
2025-11-22 06:00:00+00:00,106.7475,51212.8,9425.475,5684.475,160.25,2025-11-22 07:00:00+01:00,2025-11-22,7,5,11,1,15109.95,15270.2,35942.600000000006
2025-11-22 07:00:00+00:00,104.21000000000001,54406.875,9950.075,5645.875,3960.6749999999997,2025-11-22 08:00:00+01:00,2025-11-22,8,5,11,1,15595.95,19556.625,34850.25
2025-11-22 08:00:00+00:00,89.1175,56999.275,10494.0,5674.525,11801.225,2025-11-22 09:00:00+01:00,2025-11-22,9,5,11,1,16168.525,27969.75,29029.525
2025-11-22 09:00:00+00:00,82.00999999999999,58598.375,10133.825,5721.9,18348.95,2025-11-22 10:00:00+01:00,2025-11-22,10,5,11,1,15855.725,34204.675,24393.699999999997
2025-11-22 10:00:00+00:00,78.58,59510.825,9153.3,5749.325,22128.825,2025-11-22 11:00:00+01:00,2025-11-22,11,5,11,1,14902.625,37031.45,22479.375
2025-11-22 11:00:00+00:00,76.2825,58932.125,8812.75,5806.625,22587.425,2025-11-22 12:00:00+01:00,2025-11-22,12,5,11,1,14619.375,37206.8,21725.324999999997
2025-11-22 12:00:00+00:00,75.3675,57423.2,9200.7,5839.5,19292.125,2025-11-22 13:00:00+01:00,2025-11-22,13,5,11,1,15040.2,34332.325,23090.875
2025-11-22 13:00:00+00:00,81.645,56111.85,10241.425,5841.675,13091.075,2025-11-22 14:00:00+01:00,2025-11-22,14,5,11,1,16083.099999999999,29174.175,26937.675
2025-11-22 14:00:00+00:00,88.965,55901.15,11746.525,5862.225,5331.5,2025-11-22 15:00:00+01:00,2025-11-22,15,5,11,1,17608.75,22940.25,32960.9
2025-11-22 15:00:00+00:00,105.0,57546.95,13692.175,5862.475,417.2,2025-11-22 16:00:00+01:00,2025-11-22,16,5,11,1,19554.65,19971.850000000002,37575.09999999999
2025-11-22 16:00:00+00:00,114.455,59829.375,15844.95,5870.425,0.0,2025-11-22 17:00:00+01:00,2025-11-22,17,5,11,1,21715.375,21715.375,38114.0
2025-11-22 17:00:00+00:00,109.2525,60559.899999999994,17485.875,5897.425,0.0,2025-11-22 18:00:00+01:00,2025-11-22,18,5,11,1,23383.3,23383.3,37176.59999999999
2025-11-22 18:00:00+00:00,98.33,58892.7,18640.925,5919.75,0.0,2025-11-22 19:00:00+01:00,2025-11-22,19,5,11,1,24560.675,24560.675,34332.024999999994
2025-11-22 19:00:00+00:00,86.61,56105.45,19585.574999999997,5936.875,0.0,2025-11-22 20:00:00+01:00,2025-11-22,20,5,11,1,25522.449999999997,25522.449999999997,30583.0
2025-11-22 20:00:00+00:00,89.2475,53553.175,20348.0,5922.825,0.0,2025-11-22 21:00:00+01:00,2025-11-22,21,5,11,1,26270.825,26270.825,27282.350000000002
2025-11-22 21:00:00+00:00,89.4275,51751.4,20268.6,5922.85,0.0,2025-11-22 22:00:00+01:00,2025-11-22,22,5,11,1,26191.449999999997,26191.449999999997,25559.950000000004
2025-11-22 22:00:00+00:00,82.23,49121.0,20357.175,5919.325,0.0,2025-11-22 23:00:00+01:00,2025-11-22,23,5,11,1,26276.5,26276.5,22844.5
2025-11-22 23:00:00+00:00,81.5275,47159.175,19103.875,5860.925,0.0,2025-11-23 00:00:00+01:00,2025-11-23,0,6,11,1,24964.8,24964.8,22194.375000000004
2025-11-23 00:00:00+00:00,74.35249999999999,45482.1,18934.625,5672.0,0.0,2025-11-23 01:00:00+01:00,2025-11-23,1,6,11,1,24606.625,24606.625,20875.475
2025-11-23 01:00:00+00:00,70.44,44914.375,18844.625,5680.375,0.0,2025-11-23 02:00:00+01:00,2025-11-23,2,6,11,1,24525.0,24525.0,20389.375
2025-11-23 02:00:00+00:00,63.230000000000004,44479.975,18876.9,5680.55,0.0,2025-11-23 03:00:00+01:00,2025-11-23,3,6,11,1,24557.45,24557.45,19922.524999999998
2025-11-23 03:00:00+00:00,60.885,44515.8,19131.975,5694.975,0.0,2025-11-23 04:00:00+01:00,2025-11-23,4,6,11,1,24826.949999999997,24826.949999999997,19688.850000000006
2025-11-23 04:00:00+00:00,64.21,44958.45,19696.45,5724.200000000001,0.0,2025-11-23 05:00:00+01:00,2025-11-23,5,6,11,1,25420.65,25420.65,19537.799999999996
2025-11-23 05:00:00+00:00,62.03,46768.8,20798.425,5763.150000000001,0.0,2025-11-23 06:00:00+01:00,2025-11-23,6,6,11,1,26561.575,26561.575,20207.225000000002
2025-11-23 06:00:00+00:00,67.9825,49420.425,21234.2,5776.675,252.05,2025-11-23 07:00:00+01:00,2025-11-23,7,6,11,1,27010.875,27262.925,22157.500000000004
2025-11-23 07:00:00+00:00,67.8325,52465.05,21597.6,5764.975,4657.95,2025-11-23 08:00:00+01:00,2025-11-23,8,6,11,1,27362.574999999997,32020.524999999998,20444.525000000005
2025-11-23 08:00:00+00:00,65.96,54919.775,21355.5,5715.25,12347.2,2025-11-23 09:00:00+01:00,2025-11-23,9,6,11,1,27070.75,39417.95,15501.825000000004
2025-11-23 09:00:00+00:00,65.985,56817.2,19832.3,5646.25,18245.225,2025-11-23 10:00:00+01:00,2025-11-23,10,6,11,1,25478.55,43723.774999999994,13093.425000000003
2025-11-23 10:00:00+00:00,66.69,58066.8,18284.175,5568.075,21269.125,2025-11-23 11:00:00+01:00,2025-11-23,11,6,11,1,23852.25,45121.375,12945.425000000003
2025-11-23 11:00:00+00:00,67.8625,58015.075,18053.425,5506.5,20918.725,2025-11-23 12:00:00+01:00,2025-11-23,12,6,11,1,23559.925,44478.649999999994,13536.425000000003
2025-11-23 12:00:00+00:00,65.45750000000001,56760.725,19034.9,5489.7,17159.25,2025-11-23 13:00:00+01:00,2025-11-23,13,6,11,1,24524.600000000002,41683.850000000006,15076.874999999993
2025-11-23 13:00:00+00:00,69.42750000000001,55289.55,21389.425,5515.425,10899.125,2025-11-23 14:00:00+01:00,2025-11-23,14,6,11,1,26904.85,37803.975,17485.575000000004
2025-11-23 14:00:00+00:00,77.28999999999999,55323.525,24849.5,5730.375,3943.0,2025-11-23 15:00:00+01:00,2025-11-23,15,6,11,1,30579.875,34522.875,20800.65
2025-11-23 15:00:00+00:00,77.8875,56887.7,28558.0,5758.8,236.55,2025-11-23 16:00:00+01:00,2025-11-23,16,6,11,1,34316.8,34553.350000000006,22334.34999999999
2025-11-23 16:00:00+00:00,80.84,59745.675,31346.45,5773.6,0.0,2025-11-23 17:00:00+01:00,2025-11-23,17,6,11,1,37120.05,37120.05,22625.625
2025-11-23 17:00:00+00:00,82.54249999999999,60463.9,32429.825,5777.375,0.0,2025-11-23 18:00:00+01:00,2025-11-23,18,6,11,1,38207.2,38207.2,22256.700000000004
2025-11-23 18:00:00+00:00,83.7975,59216.9,32331.4,6079.275,0.0,2025-11-23 19:00:00+01:00,2025-11-23,19,6,11,1,38410.675,38410.675,20806.225
2025-11-23 19:00:00+00:00,77.4125,56829.45,31689.525,6170.675,0.0,2025-11-23 20:00:00+01:00,2025-11-23,20,6,11,1,37860.200000000004,37860.200000000004,18969.249999999993
2025-11-23 20:00:00+00:00,74.16,54217.775,30297.475,6034.2,0.0,2025-11-23 21:00:00+01:00,2025-11-23,21,6,11,1,36331.674999999996,36331.674999999996,17886.100000000006
2025-11-23 21:00:00+00:00,75.1675,52211.825,28050.725,5906.725,0.0,2025-11-23 22:00:00+01:00,2025-11-23,22,6,11,1,33957.45,33957.45,18254.375
2025-11-23 22:00:00+00:00,71.2625,49458.6,26354.75,5532.725,0.0,2025-11-23 23:00:00+01:00,2025-11-23,23,6,11,1,31887.475,31887.475,17571.125
2025-11-23 23:00:00+00:00,72.4575,46973.45,24692.75,5476.875,0.0,2025-11-24 00:00:00+01:00,2025-11-24,0,0,11,0,30169.625,30169.625,16803.824999999997
2025-11-24 00:00:00+00:00,70.0625,45670.8,23234.25,5479.9,0.0,2025-11-24 01:00:00+01:00,2025-11-24,1,0,11,0,28714.15,28714.15,16956.65
2025-11-24 01:00:00+00:00,72.255,45292.9,22239.2,5476.3,0.0,2025-11-24 02:00:00+01:00,2025-11-24,2,0,11,0,27715.5,27715.5,17577.4
2025-11-24 02:00:00+00:00,73.275,45666.675,21600.4,5381.575,0.0,2025-11-24 03:00:00+01:00,2025-11-24,3,0,11,0,26981.975000000002,26981.975000000002,18684.7
2025-11-24 03:00:00+00:00,73.755,47126.525,21185.025,5230.05,0.0,2025-11-24 04:00:00+01:00,2025-11-24,4,0,11,0,26415.075,26415.075,20711.45
2025-11-24 04:00:00+00:00,80.065,52659.925,20945.425,5026.8,0.0,2025-11-24 05:00:00+01:00,2025-11-24,5,0,11,0,25972.225,25972.225,26687.700000000004
2025-11-24 05:00:00+00:00,90.3075,61684.625,21036.6,4896.75,0.0,2025-11-24 06:00:00+01:00,2025-11-24,6,0,11,0,25933.35,25933.35,35751.275
2025-11-24 06:00:00+00:00,104.3925,68199.475,20399.725,4703.275,40.55,2025-11-24 07:00:00+01:00,2025-11-24,7,0,11,0,25103.0,25143.55,43055.925
2025-11-24 07:00:00+00:00,107.785,70715.475,19666.525,4510.075000000001,772.6999999999999,2025-11-24 08:00:00+01:00,2025-11-24,8,0,11,0,24176.600000000002,24949.300000000003,45766.175
2025-11-24 08:00:00+00:00,110.25999999999999,71027.1,18334.85,4248.325,2606.4,2025-11-24 09:00:00+01:00,2025-11-24,9,0,11,0,22583.175,25189.575,45837.52500000001
2025-11-24 09:00:00+00:00,117.44749999999999,71461.125,16192.925,3992.25,4418.575,2025-11-24 10:00:00+01:00,2025-11-24,10,0,11,0,20185.175,24603.75,46857.375
2025-11-24 10:00:00+00:00,128.0375,71959.95,14173.075,3666.5,5463.475,2025-11-24 11:00:00+01:00,2025-11-24,11,0,11,0,17839.575,23303.050000000003,48656.899999999994
2025-11-24 11:00:00+00:00,134.235,71088.425,12669.275,3252.175,5542.275,2025-11-24 12:00:00+01:00,2025-11-24,12,0,11,0,15921.45,21463.725,49624.700000000004
2025-11-24 12:00:00+00:00,149.9925,69934.25,11583.075,2701.875,4661.4,2025-11-24 13:00:00+01:00,2025-11-24,13,0,11,0,14284.95,18946.35,50987.9
2025-11-24 13:00:00+00:00,173.5375,68903.05,10831.0,2205.525,2960.025,2025-11-24 14:00:00+01:00,2025-11-24,14,0,11,0,13036.525,15996.55,52906.5
2025-11-24 14:00:00+00:00,195.8125,68175.0,10471.05,1851.6,1047.4,2025-11-24 15:00:00+01:00,2025-11-24,15,0,11,0,12322.65,13370.05,54804.95
2025-11-24 15:00:00+00:00,225.775,69006.775,10536.625,1628.25,121.25,2025-11-24 16:00:00+01:00,2025-11-24,16,0,11,0,12164.875,12286.125,56720.649999999994
2025-11-24 16:00:00+00:00,263.4825,70846.625,10576.025,1498.625,0.0,2025-11-24 17:00:00+01:00,2025-11-24,17,0,11,0,12074.65,12074.65,58771.975
2025-11-24 17:00:00+00:00,230.5875,71658.8,10348.375,1368.1750000000002,0.0,2025-11-24 18:00:00+01:00,2025-11-24,18,0,11,0,11716.55,11716.55,59942.25
2025-11-24 18:00:00+00:00,188.305,69487.25,9835.775,1238.85,0.0,2025-11-24 19:00:00+01:00,2025-11-24,19,0,11,0,11074.625,11074.625,58412.625
2025-11-24 19:00:00+00:00,151.185,65976.825,9190.925,1079.4,0.0,2025-11-24 20:00:00+01:00,2025-11-24,20,0,11,0,10270.324999999999,10270.324999999999,55706.5
2025-11-24 20:00:00+00:00,135.235,62231.425,8272.425,940.9,0.0,2025-11-24 21:00:00+01:00,2025-11-24,21,0,11,0,9213.324999999999,9213.324999999999,53018.100000000006
2025-11-24 21:00:00+00:00,123.035,58891.35,7220.925,841.875,0.0,2025-11-24 22:00:00+01:00,2025-11-24,22,0,11,0,8062.8,8062.8,50828.549999999996
2025-11-24 22:00:00+00:00,105.405,54839.575,6329.6,803.5,0.0,2025-11-24 23:00:00+01:00,2025-11-24,23,0,11,0,7133.1,7133.1,47706.475
2025-11-24 23:00:00+00:00,100.9,51988.45,4664.65,1998.25,0.0,2025-11-25 00:00:00+01:00,2025-11-25,0,1,11,0,6662.9,6662.9,45325.549999999996
2025-11-25 00:00:00+00:00,99.1525,50479.925,3938.075,2203.575,0.0,2025-11-25 01:00:00+01:00,2025-11-25,1,1,11,0,6141.65,6141.65,44338.275
2025-11-25 01:00:00+00:00,97.5875,49865.225,3337.3,2440.65,0.0,2025-11-25 02:00:00+01:00,2025-11-25,2,1,11,0,5777.950000000001,5777.950000000001,44087.274999999994
2025-11-25 02:00:00+00:00,96.0975,50064.3,2755.8250000000003,2663.125,0.0,2025-11-25 03:00:00+01:00,2025-11-25,3,1,11,0,5418.950000000001,5418.950000000001,44645.350000000006
2025-11-25 03:00:00+00:00,99.50999999999999,51549.575,2184.475,2845.675,0.0,2025-11-25 04:00:00+01:00,2025-11-25,4,1,11,0,5030.15,5030.15,46519.424999999996
2025-11-25 04:00:00+00:00,106.72999999999999,55465.625,1779.8,2997.1,0.0,2025-11-25 05:00:00+01:00,2025-11-25,5,1,11,0,4776.9,4776.9,50688.725
2025-11-25 05:00:00+00:00,122.4075,61901.275,1594.925,3096.05,0.0,2025-11-25 06:00:00+01:00,2025-11-25,6,1,11,0,4690.975,4690.975,57210.3
2025-11-25 06:00:00+00:00,291.02,67509.525,1473.175,3142.975,33.475,2025-11-25 07:00:00+01:00,2025-11-25,7,1,11,0,4616.15,4649.625,62859.899999999994
2025-11-25 07:00:00+00:00,333.275,69954.55,1406.075,3131.275,677.9,2025-11-25 08:00:00+01:00,2025-11-25,8,1,11,0,4537.35,5215.25,64739.3
2025-11-25 08:00:00+00:00,292.65,70567.0,1359.6,3052.6,2348.225,2025-11-25 09:00:00+01:00,2025-11-25,9,1,11,0,4412.2,6760.424999999999,63806.575
2025-11-25 09:00:00+00:00,273.085,71084.75,1253.725,2917.325,4039.75,2025-11-25 10:00:00+01:00,2025-11-25,10,1,11,0,4171.049999999999,8210.8,62873.95
2025-11-25 10:00:00+00:00,326.6275,71574.325,1153.125,2716.35,5055.2,2025-11-25 11:00:00+01:00,2025-11-25,11,1,11,0,3869.475,8924.675,62649.649999999994
2025-11-25 11:00:00+00:00,351.0,71229.7,1139.625,2530.25,5066.225,2025-11-25 12:00:00+01:00,2025-11-25,12,1,11,0,3669.875,8736.1,62493.6
2025-11-25 12:00:00+00:00,317.65250000000003,69913.2,1283.45,2333.5,4164.375,2025-11-25 13:00:00+01:00,2025-11-25,13,1,11,0,3616.95,7781.325,62131.875
2025-11-25 13:00:00+00:00,300.0,68753.15,1596.175,2179.525,2614.35,2025-11-25 14:00:00+01:00,2025-11-25,14,1,11,0,3775.7,6390.049999999999,62363.09999999999
2025-11-25 14:00:00+00:00,309.995,68226.15,2166.95,2113.7000000000003,954.6,2025-11-25 15:00:00+01:00,2025-11-25,15,1,11,0,4280.65,5235.25,62990.899999999994
2025-11-25 15:00:00+00:00,325.0825,69391.15,2921.7,2164.6,119.32499999999999,2025-11-25 16:00:00+01:00,2025-11-25,16,1,11,0,5086.299999999999,5205.624999999999,64185.524999999994
2025-11-25 16:00:00+00:00,373.3125,71609.025,3612.375,2237.45,0.0,2025-11-25 17:00:00+01:00,2025-11-25,17,1,11,0,5849.825,5849.825,65759.2
2025-11-25 17:00:00+00:00,297.905,71700.375,4169.675,2235.525,0.0,2025-11-25 18:00:00+01:00,2025-11-25,18,1,11,0,6405.200000000001,6405.200000000001,65295.175
2025-11-25 18:00:00+00:00,249.3725,69807.65,4538.9,2114.675,0.0,2025-11-25 19:00:00+01:00,2025-11-25,19,1,11,0,6653.575,6653.575,63154.075
2025-11-25 19:00:00+00:00,172.835,66101.85,4658.125,1938.0,0.0,2025-11-25 20:00:00+01:00,2025-11-25,20,1,11,0,6596.125,6596.125,59505.725000000006
2025-11-25 20:00:00+00:00,135.02,62145.25,4556.125,1778.15,0.0,2025-11-25 21:00:00+01:00,2025-11-25,21,1,11,0,6334.275,6334.275,55810.975
2025-11-25 21:00:00+00:00,119.155,59013.85,4392.7,1630.35,0.0,2025-11-25 22:00:00+01:00,2025-11-25,22,1,11,0,6023.049999999999,6023.049999999999,52990.8
2025-11-25 22:00:00+00:00,102.035,55252.925,4347.775,1467.5,0.0,2025-11-25 23:00:00+01:00,2025-11-25,23,1,11,0,5815.275,5815.275,49437.65
2025-11-25 23:00:00+00:00,92.85499999999999,51936.175,4470.4,818.6,0.0,2025-11-26 00:00:00+01:00,2025-11-26,0,2,11,0,5289.0,5289.0,46647.175
2025-11-26 00:00:00+00:00,89.94999999999999,50233.1,4598.55,686.825,0.0,2025-11-26 01:00:00+01:00,2025-11-26,1,2,11,0,5285.375,5285.375,44947.725
2025-11-26 01:00:00+00:00,88.325,49457.4,4617.0,605.5,0.0,2025-11-26 02:00:00+01:00,2025-11-26,2,2,11,0,5222.5,5222.5,44234.9
2025-11-26 02:00:00+00:00,89.435,49842.775,4701.8,572.0749999999999,0.0,2025-11-26 03:00:00+01:00,2025-11-26,3,2,11,0,5273.875,5273.875,44568.9
2025-11-26 03:00:00+00:00,89.80250000000001,51278.225000000006,4834.625,575.15,0.0,2025-11-26 04:00:00+01:00,2025-11-26,4,2,11,0,5409.775,5409.775,45868.450000000004
2025-11-26 04:00:00+00:00,97.25,54513.125,4939.7,588.35,0.0,2025-11-26 05:00:00+01:00,2025-11-26,5,2,11,0,5528.05,5528.05,48985.075
2025-11-26 05:00:00+00:00,129.8225,60796.55,5096.9,570.325,0.0,2025-11-26 06:00:00+01:00,2025-11-26,6,2,11,0,5667.224999999999,5667.224999999999,55129.325000000004
2025-11-26 06:00:00+00:00,191.17,67070.425,5091.275,508.4,43.875,2025-11-26 07:00:00+01:00,2025-11-26,7,2,11,0,5599.674999999999,5643.549999999999,61426.875
2025-11-26 07:00:00+00:00,237.2225,69628.95000000001,4855.4,434.7,852.725,2025-11-26 08:00:00+01:00,2025-11-26,8,2,11,0,5290.099999999999,6142.825,63486.125000000015
2025-11-26 08:00:00+00:00,211.8475,69752.275,4430.375,366.7,3061.325,2025-11-26 09:00:00+01:00,2025-11-26,9,2,11,0,4797.075,7858.4,61893.87499999999
2025-11-26 09:00:00+00:00,197.1375,70000.15,3975.1499999999996,304.875,5270.1,2025-11-26 10:00:00+01:00,2025-11-26,10,2,11,0,4280.025,9550.125,60450.024999999994
2025-11-26 10:00:00+00:00,170.4975,70481.75,3699.25,266.8,6572.8,2025-11-26 11:00:00+01:00,2025-11-26,11,2,11,0,3966.05,10538.85,59942.9
2025-11-26 11:00:00+00:00,164.6825,69888.4,3583.975,247.2,6669.4,2025-11-26 12:00:00+01:00,2025-11-26,12,2,11,0,3831.1749999999997,10500.574999999999,59387.825
2025-11-26 12:00:00+00:00,168.2375,68782.9,3692.25,251.8,5526.575000000001,2025-11-26 13:00:00+01:00,2025-11-26,13,2,11,0,3944.05,9470.625,59312.274999999994
2025-11-26 13:00:00+00:00,184.49,67683.9,3969.175,273.1,3477.575,2025-11-26 14:00:00+01:00,2025-11-26,14,2,11,0,4242.275000000001,7719.85,59964.049999999996
2025-11-26 14:00:00+00:00,223.7225,67165.6,4437.525,302.025,1194.8999999999999,2025-11-26 15:00:00+01:00,2025-11-26,15,2,11,0,4739.549999999999,5934.449999999999,61231.15000000001
2025-11-26 15:00:00+00:00,294.3775,68107.825,5116.1,338.92499999999995,98.375,2025-11-26 16:00:00+01:00,2025-11-26,16,2,11,0,5455.025000000001,5553.400000000001,62554.424999999996
2025-11-26 16:00:00+00:00,294.61,69572.475,5688.724999999999,379.675,0.0,2025-11-26 17:00:00+01:00,2025-11-26,17,2,11,0,6068.4,6068.4,63504.075000000004
2025-11-26 17:00:00+00:00,228.93,69871.875,5920.425,460.2,0.0,2025-11-26 18:00:00+01:00,2025-11-26,18,2,11,0,6380.625,6380.625,63491.25
2025-11-26 18:00:00+00:00,183.675,67995.9,5937.825000000001,639.025,0.0,2025-11-26 19:00:00+01:00,2025-11-26,19,2,11,0,6576.85,6576.85,61419.049999999996
2025-11-26 19:00:00+00:00,141.26,64814.4,5938.975,929.975,0.0,2025-11-26 20:00:00+01:00,2025-11-26,20,2,11,0,6868.950000000001,6868.950000000001,57945.45
2025-11-26 20:00:00+00:00,114.9475,61291.75,5889.5,1360.05,0.0,2025-11-26 21:00:00+01:00,2025-11-26,21,2,11,0,7249.55,7249.55,54042.2
2025-11-26 21:00:00+00:00,101.9925,58019.8,5899.125,1875.6,0.0,2025-11-26 22:00:00+01:00,2025-11-26,22,2,11,0,7774.725,7774.725,50245.075000000004
2025-11-26 22:00:00+00:00,90.1875,54500.25,6175.0,2514.475,0.0,2025-11-26 23:00:00+01:00,2025-11-26,23,2,11,0,8689.475,8689.475,45810.775
2025-11-26 23:00:00+00:00,89.945,50890.675,7582.825,4208.3,0.0,2025-11-27 00:00:00+01:00,2025-11-27,0,3,11,0,11791.125,11791.125,39099.55
2025-11-27 00:00:00+00:00,84.275,49255.025,8249.3,4919.025,0.0,2025-11-27 01:00:00+01:00,2025-11-27,1,3,11,0,13168.324999999999,13168.324999999999,36086.700000000004
2025-11-27 01:00:00+00:00,79.9475,48712.8,9144.800000000001,5202.525,0.0,2025-11-27 02:00:00+01:00,2025-11-27,2,3,11,0,14347.325,14347.325,34365.475000000006
2025-11-27 02:00:00+00:00,77.3425,48877.55,10311.5,5343.675,0.0,2025-11-27 03:00:00+01:00,2025-11-27,3,3,11,0,15655.175,15655.175,33222.375
2025-11-27 03:00:00+00:00,79.94749999999999,50366.175,11596.55,5401.35,0.0,2025-11-27 04:00:00+01:00,2025-11-27,4,3,11,0,16997.9,16997.9,33368.275
2025-11-27 04:00:00+00:00,82.0775,53749.325,12815.975,5357.525,0.0,2025-11-27 05:00:00+01:00,2025-11-27,5,3,11,0,18173.5,18173.5,35575.825
2025-11-27 05:00:00+00:00,112.22,59891.075,14233.825,5249.05,0.0,2025-11-27 06:00:00+01:00,2025-11-27,6,3,11,0,19482.875,19482.875,40408.2
2025-11-27 06:00:00+00:00,122.0,65507.175,15319.775,5246.0,40.074999999999996,2025-11-27 07:00:00+01:00,2025-11-27,7,3,11,0,20565.775,20605.850000000002,44901.325
2025-11-27 07:00:00+00:00,123.10499999999999,68026.1,16618.425,5249.325,1652.6499999999999,2025-11-27 08:00:00+01:00,2025-11-27,8,3,11,0,21867.75,23520.4,44505.700000000004
2025-11-27 08:00:00+00:00,106.9525,68757.375,17715.9,5177.475,5468.55,2025-11-27 09:00:00+01:00,2025-11-27,9,3,11,0,22893.375,28361.925,40395.45
2025-11-27 09:00:00+00:00,90.9475,69461.9,18318.175,5156.599999999999,8992.35,2025-11-27 10:00:00+01:00,2025-11-27,10,3,11,0,23474.774999999998,32467.125,36994.774999999994
2025-11-27 10:00:00+00:00,88.66499999999999,70068.7,18941.875,5149.475,11017.825,2025-11-27 11:00:00+01:00,2025-11-27,11,3,11,0,24091.35,35109.175,34959.524999999994
2025-11-27 11:00:00+00:00,87.0625,69571.2,19988.35,5195.85,10853.325,2025-11-27 12:00:00+01:00,2025-11-27,12,3,11,0,25184.199999999997,36037.524999999994,33533.675
2025-11-27 12:00:00+00:00,85.75999999999999,68324.175,21243.1,5305.0,8760.05,2025-11-27 13:00:00+01:00,2025-11-27,13,3,11,0,26548.1,35308.149999999994,33016.02500000001
2025-11-27 13:00:00+00:00,89.2475,67223.0,22390.325,5473.05,5483.3,2025-11-27 14:00:00+01:00,2025-11-27,14,3,11,0,27863.375,33346.675,33876.325
2025-11-27 14:00:00+00:00,90.6,66765.25,23681.1,5617.225,1915.825,2025-11-27 15:00:00+01:00,2025-11-27,15,3,11,0,29298.324999999997,31214.149999999998,35551.100000000006
2025-11-27 15:00:00+00:00,90.42999999999999,67904.725,25323.4,5736.675,144.67499999999998,2025-11-27 16:00:00+01:00,2025-11-27,16,3,11,0,31060.075,31204.75,36699.975000000006
2025-11-27 16:00:00+00:00,97.5075,69569.7,26659.725,5820.425,0.0,2025-11-27 17:00:00+01:00,2025-11-27,17,3,11,0,32480.149999999998,32480.149999999998,37089.55
2025-11-27 17:00:00+00:00,101.3925,69651.55,27357.375,5892.625,0.0,2025-11-27 18:00:00+01:00,2025-11-27,18,3,11,0,33250.0,33250.0,36401.55
2025-11-27 18:00:00+00:00,88.27,67739.3,27684.925,5887.775,0.0,2025-11-27 19:00:00+01:00,2025-11-27,19,3,11,0,33572.7,33572.7,34166.600000000006
2025-11-27 19:00:00+00:00,85.39750000000001,64324.4,27892.075,5854.4,0.0,2025-11-27 20:00:00+01:00,2025-11-27,20,3,11,0,33746.475,33746.475,30577.925000000003
2025-11-27 20:00:00+00:00,80.625,60803.05,27777.4,5816.5,0.0,2025-11-27 21:00:00+01:00,2025-11-27,21,3,11,0,33593.9,33593.9,27209.15
2025-11-27 21:00:00+00:00,85.105,57510.575,27033.85,5855.625,0.0,2025-11-27 22:00:00+01:00,2025-11-27,22,3,11,0,32889.475,32889.475,24621.1
2025-11-27 22:00:00+00:00,69.45750000000001,53909.149999999994,26711.825,5806.35,0.0,2025-11-27 23:00:00+01:00,2025-11-27,23,3,11,0,32518.175000000003,32518.175000000003,21390.97499999999
2025-11-27 23:00:00+00:00,60.84,52288.775,27362.6,5714.2,0.0,2025-11-28 00:00:00+01:00,2025-11-28,0,4,11,0,33076.799999999996,33076.799999999996,19211.975000000006
2025-11-28 00:00:00+00:00,55.0,50723.175,26888.45,5712.275,0.0,2025-11-28 01:00:00+01:00,2025-11-28,1,4,11,0,32600.725,32600.725,18122.450000000004
2025-11-28 01:00:00+00:00,52.93,50300.325,26460.875,5742.625,0.0,2025-11-28 02:00:00+01:00,2025-11-28,2,4,11,0,32203.5,32203.5,18096.824999999997
2025-11-28 02:00:00+00:00,47.8825,50707.025,26155.35,5758.175,0.0,2025-11-28 03:00:00+01:00,2025-11-28,3,4,11,0,31913.524999999998,31913.524999999998,18793.500000000004
2025-11-28 03:00:00+00:00,58.375,52081.75,25918.925,5766.95,0.0,2025-11-28 04:00:00+01:00,2025-11-28,4,4,11,0,31685.875,31685.875,20395.875
2025-11-28 04:00:00+00:00,61.04,55577.65,25612.075,5781.775,0.0,2025-11-28 05:00:00+01:00,2025-11-28,5,4,11,0,31393.85,31393.85,24183.800000000003
2025-11-28 05:00:00+00:00,82.8625,61611.375,25611.925,5829.1,0.0,2025-11-28 06:00:00+01:00,2025-11-28,6,4,11,0,31441.025,31441.025,30170.35
2025-11-28 06:00:00+00:00,87.82,67289.35,24669.25,5891.775,51.175000000000004,2025-11-28 07:00:00+01:00,2025-11-28,7,4,11,0,30561.025,30612.2,36677.15000000001
2025-11-28 07:00:00+00:00,100.475,69799.25,23643.75,5818.85,1287.55,2025-11-28 08:00:00+01:00,2025-11-28,8,4,11,0,29462.6,30750.149999999998,39049.100000000006
2025-11-28 08:00:00+00:00,103.4,70593.4,22399.05,5555.7,3955.375,2025-11-28 09:00:00+01:00,2025-11-28,9,4,11,0,27954.75,31910.125,38683.274999999994
2025-11-28 09:00:00+00:00,97.845,71186.775,20816.125,5538.525,6468.45,2025-11-28 10:00:00+01:00,2025-11-28,10,4,11,0,26354.65,32823.1,38363.674999999996
2025-11-28 10:00:00+00:00,102.82,71611.125,19263.85,5649.4,8106.2,2025-11-28 11:00:00+01:00,2025-11-28,11,4,11,0,24913.25,33019.45,38591.675
2025-11-28 11:00:00+00:00,98.7125,70921.2,18086.55,5697.075000000001,8414.6,2025-11-28 12:00:00+01:00,2025-11-28,12,4,11,0,23783.625,32198.225,38722.975
2025-11-28 12:00:00+00:00,99.44999999999999,69392.95,17550.7,5789.3,7089.875,2025-11-28 13:00:00+01:00,2025-11-28,13,4,11,0,23340.0,30429.875,38963.075
2025-11-28 13:00:00+00:00,98.78999999999999,68171.35,17335.075,5797.15,4479.85,2025-11-28 14:00:00+01:00,2025-11-28,14,4,11,0,23132.225,27612.074999999997,40559.27500000001
2025-11-28 14:00:00+00:00,104.67,67638.35,17655.225,5921.275,1596.025,2025-11-28 15:00:00+01:00,2025-11-28,15,4,11,0,23576.5,25172.525,42465.825000000004
2025-11-28 15:00:00+00:00,103.4,68974.475,18769.275,5940.45,140.05,2025-11-28 16:00:00+01:00,2025-11-28,16,4,11,0,24709.725000000002,24849.775,44124.700000000004
2025-11-28 16:00:00+00:00,96.1575,70037.54999999999,20208.8,5933.125,0.0,2025-11-28 17:00:00+01:00,2025-11-28,17,4,11,0,26141.925,26141.925,43895.624999999985
2025-11-28 17:00:00+00:00,98.125,69659.375,21463.0,5925.375,0.0,2025-11-28 18:00:00+01:00,2025-11-28,18,4,11,0,27388.375,27388.375,42271.0
2025-11-28 18:00:00+00:00,93.32,67183.15,22505.175,5886.175,0.0,2025-11-28 19:00:00+01:00,2025-11-28,19,4,11,0,28391.35,28391.35,38791.799999999996
2025-11-28 19:00:00+00:00,88.45750000000001,63595.325,23612.449999999997,5712.875,0.0,2025-11-28 20:00:00+01:00,2025-11-28,20,4,11,0,29325.324999999997,29325.324999999997,34270.0
2025-11-28 20:00:00+00:00,85.41,59805.35,24456.8,5563.1,0.0,2025-11-28 21:00:00+01:00,2025-11-28,21,4,11,0,30019.9,30019.9,29785.449999999997
2025-11-28 21:00:00+00:00,85.545,56704.8,24660.025,5534.525,0.0,2025-11-28 22:00:00+01:00,2025-11-28,22,4,11,0,30194.550000000003,30194.550000000003,26510.25
2025-11-28 22:00:00+00:00,77.83,53359.025,24896.725000000002,5521.15,0.0,2025-11-28 23:00:00+01:00,2025-11-28,23,4,11,0,30417.875,30417.875,22941.15
2025-11-28 23:00:00+00:00,81.72999999999999,49102.2,22506.4,5343.175,0.0,2025-11-29 00:00:00+01:00,2025-11-29,0,5,11,1,27849.575,27849.575,21252.624999999996
2025-11-29 00:00:00+00:00,80.89750000000001,47126.975,21226.325,5638.4,0.0,2025-11-29 01:00:00+01:00,2025-11-29,1,5,11,1,26864.725,26864.725,20262.25
2025-11-29 01:00:00+00:00,81.33500000000001,46050.95,19318.075,5658.325,0.0,2025-11-29 02:00:00+01:00,2025-11-29,2,5,11,1,24976.4,24976.4,21074.549999999996
2025-11-29 02:00:00+00:00,82.5575,45595.1,17365.6,5545.925,0.0,2025-11-29 03:00:00+01:00,2025-11-29,3,5,11,1,22911.524999999998,22911.524999999998,22683.575
2025-11-29 03:00:00+00:00,85.6975,45408.7,15724.825,5364.825,0.0,2025-11-29 04:00:00+01:00,2025-11-29,4,5,11,1,21089.65,21089.65,24319.049999999996
2025-11-29 04:00:00+00:00,89.9975,47126.35,14400.65,5166.5,0.0,2025-11-29 05:00:00+01:00,2025-11-29,5,5,11,1,19567.15,19567.15,27559.199999999997
2025-11-29 05:00:00+00:00,90.8875,49519.4,13619.475,5042.25,0.0,2025-11-29 06:00:00+01:00,2025-11-29,6,5,11,1,18661.725,18661.725,30857.675000000003
2025-11-29 06:00:00+00:00,96.175,52519.1,12691.425,5021.7,27.9,2025-11-29 07:00:00+01:00,2025-11-29,7,5,11,1,17713.125,17741.025,34778.075
2025-11-29 07:00:00+00:00,89.15,55845.4,12179.625,5107.125,701.9,2025-11-29 08:00:00+01:00,2025-11-29,8,5,11,1,17286.75,17988.65,37856.75
2025-11-29 08:00:00+00:00,101.58250000000001,58305.65,11875.75,5142.225,2769.85,2025-11-29 09:00:00+01:00,2025-11-29,9,5,11,1,17017.975,19787.824999999997,38517.825000000004
2025-11-29 09:00:00+00:00,101.44,59929.7,11492.5,5334.6,5144.325,2025-11-29 10:00:00+01:00,2025-11-29,10,5,11,1,16827.1,21971.425,37958.274999999994
2025-11-29 10:00:00+00:00,95.2625,60768.35,11209.425,5309.475,6950.725,2025-11-29 11:00:00+01:00,2025-11-29,11,5,11,1,16518.9,23469.625,37298.725
2025-11-29 11:00:00+00:00,86.0975,60241.675,11192.375,5286.2,7486.625,2025-11-29 12:00:00+01:00,2025-11-29,12,5,11,1,16478.575,23965.2,36276.475000000006
2025-11-29 12:00:00+00:00,87.9575,58336.55,11499.275,5411.825,6536.575,2025-11-29 13:00:00+01:00,2025-11-29,13,5,11,1,16911.1,23447.675,34888.875
2025-11-29 13:00:00+00:00,91.72749999999999,56793.875,11962.0,5322.075,4230.325,2025-11-29 14:00:00+01:00,2025-11-29,14,5,11,1,17284.075,21514.4,35279.475
2025-11-29 14:00:00+00:00,102.7225,56714.05,13045.025,5344.35,1522.725,2025-11-29 15:00:00+01:00,2025-11-29,15,5,11,1,18389.375,19912.1,36801.950000000004
2025-11-29 15:00:00+00:00,102.645,58527.675,15110.275,5329.425,166.325,2025-11-29 16:00:00+01:00,2025-11-29,16,5,11,1,20439.7,20606.025,37921.65
2025-11-29 16:00:00+00:00,107.08500000000001,60870.625,17420.625,5281.55,0.0,2025-11-29 17:00:00+01:00,2025-11-29,17,5,11,1,22702.175,22702.175,38168.45
2025-11-29 17:00:00+00:00,98.13,61320.475,19141.45,5115.525,0.0,2025-11-29 18:00:00+01:00,2025-11-29,18,5,11,1,24256.975,24256.975,37063.5
2025-11-29 18:00:00+00:00,88.43,59398.075,20331.425,5435.625,0.0,2025-11-29 19:00:00+01:00,2025-11-29,19,5,11,1,25767.05,25767.05,33631.024999999994
2025-11-29 19:00:00+00:00,81.1125,56479.475,21293.5,5403.5,0.0,2025-11-29 20:00:00+01:00,2025-11-29,20,5,11,1,26697.0,26697.0,29782.475
2025-11-29 20:00:00+00:00,80.8,54068.125,21817.525,5334.95,0.0,2025-11-29 21:00:00+01:00,2025-11-29,21,5,11,1,27152.475000000002,27152.475000000002,26915.649999999998
2025-11-29 21:00:00+00:00,83.49000000000001,52165.975,21705.55,5263.375,0.0,2025-11-29 22:00:00+01:00,2025-11-29,22,5,11,1,26968.925,26968.925,25197.05
2025-11-29 22:00:00+00:00,77.72749999999999,49490.375,22101.05,5286.75,0.0,2025-11-29 23:00:00+01:00,2025-11-29,23,5,11,1,27387.8,27387.8,22102.575
2025-11-29 23:00:00+00:00,75.9725,47178.6,22426.25,5578.225,0.0,2025-11-30 00:00:00+01:00,2025-11-30,0,6,11,1,28004.475,28004.475,19174.125
2025-11-30 00:00:00+00:00,69.7825,45602.875,22616.9,5583.15,0.0,2025-11-30 01:00:00+01:00,2025-11-30,1,6,11,1,28200.050000000003,28200.050000000003,17402.824999999997
2025-11-30 01:00:00+00:00,67.4375,44813.2,22585.125,5632.6,0.0,2025-11-30 02:00:00+01:00,2025-11-30,2,6,11,1,28217.725,28217.725,16595.475
2025-11-30 02:00:00+00:00,65.355,44504.35,22226.65,5715.25,0.0,2025-11-30 03:00:00+01:00,2025-11-30,3,6,11,1,27941.9,27941.9,16562.449999999997
2025-11-30 03:00:00+00:00,67.0,44672.775,21549.100000000002,5747.425,0.0,2025-11-30 04:00:00+01:00,2025-11-30,4,6,11,1,27296.525,27296.525,17376.25
2025-11-30 04:00:00+00:00,74.2925,46022.925,20625.0,5768.4,0.0,2025-11-30 05:00:00+01:00,2025-11-30,5,6,11,1,26393.4,26393.4,19629.525
2025-11-30 05:00:00+00:00,75.5775,48441.95,20090.5,5758.875,0.0,2025-11-30 06:00:00+01:00,2025-11-30,6,6,11,1,25849.375,25849.375,22592.574999999997
2025-11-30 06:00:00+00:00,75.975,50981.075,19309.225,5733.775,42.050000000000004,2025-11-30 07:00:00+01:00,2025-11-30,7,6,11,1,25043.0,25085.05,25896.024999999998
2025-11-30 07:00:00+00:00,79.84,53922.1,19161.075,5702.6,1440.95,2025-11-30 08:00:00+01:00,2025-11-30,8,6,11,1,24863.675000000003,26304.625000000004,27617.474999999995
2025-11-30 08:00:00+00:00,80.65,56308.575,18840.2,5600.475,4869.85,2025-11-30 09:00:00+01:00,2025-11-30,9,6,11,1,24440.675000000003,29310.525,26998.049999999996
2025-11-30 09:00:00+00:00,84.4225,58040.6,17953.2,5365.975,7915.0,2025-11-30 10:00:00+01:00,2025-11-30,10,6,11,1,23319.175000000003,31234.175000000003,26806.424999999996
2025-11-30 10:00:00+00:00,81.5425,59455.625,17150.75,5168.125,9318.9,2025-11-30 11:00:00+01:00,2025-11-30,11,6,11,1,22318.875,31637.775,27817.85
2025-11-30 11:00:00+00:00,80.695,59480.175,16783.6,4936.375,8828.675,2025-11-30 12:00:00+01:00,2025-11-30,12,6,11,1,21719.975,30548.649999999998,28931.525000000005
2025-11-30 12:00:00+00:00,82.5175,58354.65,16862.1,4754.35,6895.575,2025-11-30 13:00:00+01:00,2025-11-30,13,6,11,1,21616.449999999997,28512.024999999998,29842.625000000004
2025-11-30 13:00:00+00:00,87.5475,56792.875,16893.0,4681.625,4099.375,2025-11-30 14:00:00+01:00,2025-11-30,14,6,11,1,21574.625,25674.0,31118.875
2025-11-30 14:00:00+00:00,93.5775,56696.35,17027.45,4720.425,1314.475,2025-11-30 15:00:00+01:00,2025-11-30,15,6,11,1,21747.875,23062.35,33634.0
2025-11-30 15:00:00+00:00,92.81,58392.975,17586.175,4802.875,91.175,2025-11-30 16:00:00+01:00,2025-11-30,16,6,11,1,22389.05,22480.225,35912.75
2025-11-30 16:00:00+00:00,104.0475,60252.675,18185.8,4943.975,0.0,2025-11-30 17:00:00+01:00,2025-11-30,17,6,11,1,23129.775,23129.775,37122.9
2025-11-30 17:00:00+00:00,106.2125,61098.375,18615.475,5041.4,0.0,2025-11-30 18:00:00+01:00,2025-11-30,18,6,11,1,23656.875,23656.875,37441.5
2025-11-30 18:00:00+00:00,104.1275,59741.8,18834.175,5109.525,0.0,2025-11-30 19:00:00+01:00,2025-11-30,19,6,11,1,23943.699999999997,23943.699999999997,35798.100000000006
2025-11-30 19:00:00+00:00,97.525,57352.675,18748.275,5156.05,0.0,2025-11-30 20:00:00+01:00,2025-11-30,20,6,11,1,23904.325,23904.325,33448.350000000006
2025-11-30 20:00:00+00:00,92.93,55270.325,18217.85,5098.45,0.0,2025-11-30 21:00:00+01:00,2025-11-30,21,6,11,1,23316.3,23316.3,31954.024999999998
2025-11-30 21:00:00+00:00,92.5975,53439.1,17056.05,5048.725,0.0,2025-11-30 22:00:00+01:00,2025-11-30,22,6,11,1,22104.775,22104.775,31334.324999999997
2025-11-30 22:00:00+00:00,87.1275,50557.05,16027.825,4931.575,0.0,2025-11-30 23:00:00+01:00,2025-11-30,23,6,11,1,20959.4,20959.4,29597.65
2025-11-30 23:00:00+00:00,87.995,47937.675,15777.325,4916.950000000001,0.0,2025-12-01 00:00:00+01:00,2025-12-01,0,0,12,0,20694.275,20694.275,27243.4
2025-12-01 00:00:00+00:00,86.02250000000001,46569.1,14589.35,5064.175,0.0,2025-12-01 01:00:00+01:00,2025-12-01,1,0,12,0,19653.525,19653.525,26915.574999999997
2025-12-01 01:00:00+00:00,81.34,46128.55,13873.95,5415.675,0.0,2025-12-01 02:00:00+01:00,2025-12-01,2,0,12,0,19289.625,19289.625,26838.925000000003
2025-12-01 02:00:00+00:00,85.14,46214.425,13527.35,5754.825,0.0,2025-12-01 03:00:00+01:00,2025-12-01,3,0,12,0,19282.175,19282.175,26932.250000000004
2025-12-01 03:00:00+00:00,80.2575,47371.975,13235.1,5963.1,0.0,2025-12-01 04:00:00+01:00,2025-12-01,4,0,12,0,19198.2,19198.2,28173.774999999998
2025-12-01 04:00:00+00:00,88.745,52409.7,13293.8,6060.4,0.0,2025-12-01 05:00:00+01:00,2025-12-01,5,0,12,0,19354.199999999997,19354.199999999997,33055.5
2025-12-01 05:00:00+00:00,88.625,61045.675,13985.0,6123.35,0.0,2025-12-01 06:00:00+01:00,2025-12-01,6,0,12,0,20108.35,20108.35,40937.325000000004
2025-12-01 06:00:00+00:00,127.86,67384.025,14392.75,6092.5,24.849999999999998,2025-12-01 07:00:00+01:00,2025-12-01,7,0,12,0,20485.25,20510.1,46873.924999999996
2025-12-01 07:00:00+00:00,139.3325,69459.525,15178.825,6015.975,1721.075,2025-12-01 08:00:00+01:00,2025-12-01,8,0,12,0,21194.800000000003,22915.875000000004,46543.649999999994
2025-12-01 08:00:00+00:00,105.095,69440.325,15808.9,5769.975,6743.55,2025-12-01 09:00:00+01:00,2025-12-01,9,0,12,0,21578.875,28322.425,41117.899999999994
2025-12-01 09:00:00+00:00,93.7325,69763.225,15512.125,5606.25,11679.75,2025-12-01 10:00:00+01:00,2025-12-01,10,0,12,0,21118.375,32798.125,36965.100000000006
2025-12-01 10:00:00+00:00,85.96,70240.2,14937.0,5495.4,14553.325,2025-12-01 11:00:00+01:00,2025-12-01,11,0,12,0,20432.4,34985.725000000006,35254.47499999999
2025-12-01 11:00:00+00:00,85.01750000000001,69881.55,14964.95,5392.25,14593.725,2025-12-01 12:00:00+01:00,2025-12-01,12,0,12,0,20357.2,34950.925,34930.625
2025-12-01 12:00:00+00:00,90.07,68559.375,15716.575,5259.875,12110.3,2025-12-01 13:00:00+01:00,2025-12-01,13,0,12,0,20976.45,33086.75,35472.625
2025-12-01 13:00:00+00:00,107.2175,67490.075,17305.625,5205.05,7714.825,2025-12-01 14:00:00+01:00,2025-12-01,14,0,12,0,22510.675,30225.5,37264.575
2025-12-01 14:00:00+00:00,120.3225,67005.95,19584.9,5154.6,2701.425,2025-12-01 15:00:00+01:00,2025-12-01,15,0,12,0,24739.5,27440.925,39565.024999999994
2025-12-01 15:00:00+00:00,112.965,67953.72499999999,21997.225,5235.4,175.175,2025-12-01 16:00:00+01:00,2025-12-01,16,0,12,0,27232.625,27407.8,40545.92499999999
2025-12-01 16:00:00+00:00,94.4125,69714.65,24611.5,5255.85,0.0,2025-12-01 17:00:00+01:00,2025-12-01,17,0,12,0,29867.35,29867.35,39847.299999999996
2025-12-01 17:00:00+00:00,88.9925,70596.625,26463.55,5280.924999999999,0.0,2025-12-01 18:00:00+01:00,2025-12-01,18,0,12,0,31744.475,31744.475,38852.15
2025-12-01 18:00:00+00:00,86.7675,68536.25,27581.225,5396.8,0.0,2025-12-01 19:00:00+01:00,2025-12-01,19,0,12,0,32978.025,32978.025,35558.225
2025-12-01 19:00:00+00:00,82.3,64977.5,28380.275,5472.475,0.0,2025-12-01 20:00:00+01:00,2025-12-01,20,0,12,0,33852.75,33852.75,31124.75
2025-12-01 20:00:00+00:00,75.95,61350.675,28507.199999999997,5514.6,0.0,2025-12-01 21:00:00+01:00,2025-12-01,21,0,12,0,34021.799999999996,34021.799999999996,27328.875000000007
2025-12-01 21:00:00+00:00,76.43,58086.35,27766.0,5856.224999999999,0.0,2025-12-01 22:00:00+01:00,2025-12-01,22,0,12,0,33622.225,33622.225,24464.125
2025-12-01 22:00:00+00:00,71.80250000000001,54052.475,27400.025,5745.15,0.0,2025-12-01 23:00:00+01:00,2025-12-01,23,0,12,0,33145.175,33145.175,20907.299999999996
2025-12-01 23:00:00+00:00,65.7775,51499.425,28679.875,5743.3,0.0,2025-12-02 00:00:00+01:00,2025-12-02,0,1,12,0,34423.175,34423.175,17076.25
2025-12-02 00:00:00+00:00,58.82,49974.3,28217.95,5685.0,0.0,2025-12-02 01:00:00+01:00,2025-12-02,1,1,12,0,33902.95,33902.95,16071.350000000006
2025-12-02 01:00:00+00:00,54.935,49304.125,27877.175,5712.5,0.0,2025-12-02 02:00:00+01:00,2025-12-02,2,1,12,0,33589.675,33589.675,15714.449999999997
2025-12-02 02:00:00+00:00,53.7325,49496.05,27613.075,5742.2,0.0,2025-12-02 03:00:00+01:00,2025-12-02,3,1,12,0,33355.275,33355.275,16140.775000000001
2025-12-02 03:00:00+00:00,50.4675,50961.925,27532.875,5766.175,0.0,2025-12-02 04:00:00+01:00,2025-12-02,4,1,12,0,33299.05,33299.05,17662.875
2025-12-02 04:00:00+00:00,64.58500000000001,54782.9,27503.7,5791.825,0.0,2025-12-02 05:00:00+01:00,2025-12-02,5,1,12,0,33295.525,33295.525,21487.375
2025-12-02 05:00:00+00:00,78.5125,61232.025,27616.1,5837.725,0.0,2025-12-02 06:00:00+01:00,2025-12-02,6,1,12,0,33453.825,33453.825,27778.200000000004
2025-12-02 06:00:00+00:00,87.7875,66705.625,26441.3,5902.375,27.474999999999998,2025-12-02 07:00:00+01:00,2025-12-02,7,1,12,0,32343.675,32371.149999999998,34334.475000000006
2025-12-02 07:00:00+00:00,87.65,69177.15,25191.3,5988.275,1422.925,2025-12-02 08:00:00+01:00,2025-12-02,8,1,12,0,31179.574999999997,32602.499999999996,36574.649999999994
2025-12-02 08:00:00+00:00,88.28,70021.0,23232.175,6088.475,5237.375,2025-12-02 09:00:00+01:00,2025-12-02,9,1,12,0,29320.65,34558.025,35462.975
2025-12-02 09:00:00+00:00,85.8325,70584.2,20161.025,6213.875,9154.475,2025-12-02 10:00:00+01:00,2025-12-02,10,1,12,0,26374.9,35529.375,35054.825
2025-12-02 10:00:00+00:00,86.7225,71249.1,16731.875,6094.225,11923.075,2025-12-02 11:00:00+01:00,2025-12-02,11,1,12,0,22826.1,34749.175,36499.925
2025-12-02 11:00:00+00:00,87.44749999999999,70983.225,14072.925,5849.075,12447.8,2025-12-02 12:00:00+01:00,2025-12-02,12,1,12,0,19922.0,32369.8,38613.425
2025-12-02 12:00:00+00:00,97.035,69713.95,12474.3,5478.25,10516.375,2025-12-02 13:00:00+01:00,2025-12-02,13,1,12,0,17952.55,28468.925,41245.024999999994
2025-12-02 13:00:00+00:00,105.0075,68416.7,11334.025000000001,4996.5,6646.075000000001,2025-12-02 14:00:00+01:00,2025-12-02,14,1,12,0,16330.525000000001,22976.600000000002,45440.09999999999
2025-12-02 14:00:00+00:00,140.37,67750.55,10797.55,4502.825,2243.9,2025-12-02 15:00:00+01:00,2025-12-02,15,1,12,0,15300.375,17544.275,50206.275
2025-12-02 15:00:00+00:00,136.34,68812.175,10807.575,3968.55,149.525,2025-12-02 16:00:00+01:00,2025-12-02,16,1,12,0,14776.125,14925.65,53886.525
2025-12-02 16:00:00+00:00,151.64,70722.0,10778.05,3503.9,0.0,2025-12-02 17:00:00+01:00,2025-12-02,17,1,12,0,14281.949999999999,14281.949999999999,56440.05
2025-12-02 17:00:00+00:00,162.14249999999998,70779.6,10512.025,3131.025,0.0,2025-12-02 18:00:00+01:00,2025-12-02,18,1,12,0,13643.05,13643.05,57136.55
2025-12-02 18:00:00+00:00,163.2025,68951.375,10004.775,2819.3,0.0,2025-12-02 19:00:00+01:00,2025-12-02,19,1,12,0,12824.075,12824.075,56127.3
2025-12-02 19:00:00+00:00,154.885,65293.575,9273.025,2519.8,0.0,2025-12-02 20:00:00+01:00,2025-12-02,20,1,12,0,11792.825,11792.825,53500.75
2025-12-02 20:00:00+00:00,129.3475,61164.7,8288.574999999999,2216.825,0.0,2025-12-02 21:00:00+01:00,2025-12-02,21,1,12,0,10505.399999999998,10505.399999999998,50659.3
2025-12-02 21:00:00+00:00,119.2225,57971.6,7407.450000000001,1941.625,0.0,2025-12-02 22:00:00+01:00,2025-12-02,22,1,12,0,9349.075,9349.075,48622.524999999994
2025-12-02 22:00:00+00:00,99.1375,54188.825,6912.275,1739.725,0.0,2025-12-02 23:00:00+01:00,2025-12-02,23,1,12,0,8652.0,8652.0,45536.825
2025-12-02 23:00:00+00:00,90.83500000000001,51142.175,6395.125,1547.35,0.0,2025-12-03 00:00:00+01:00,2025-12-03,0,2,12,0,7942.475,7942.475,43199.700000000004
2025-12-03 00:00:00+00:00,89.0725,49642.475,5774.0,1431.675,0.0,2025-12-03 01:00:00+01:00,2025-12-03,1,2,12,0,7205.675,7205.675,42436.799999999996
2025-12-03 01:00:00+00:00,90.25750000000001,48918.15,5310.4,1349.925,0.0,2025-12-03 02:00:00+01:00,2025-12-03,2,2,12,0,6660.325,6660.325,42257.825000000004
2025-12-03 02:00:00+00:00,89.8775,49352.2,4858.700000000001,1273.9,0.0,2025-12-03 03:00:00+01:00,2025-12-03,3,2,12,0,6132.6,6132.6,43219.6
2025-12-03 03:00:00+00:00,90.02,50812.2,4395.2,1233.125,0.0,2025-12-03 04:00:00+01:00,2025-12-03,4,2,12,0,5628.325,5628.325,45183.875
2025-12-03 04:00:00+00:00,98.98,54527.825,4154.75,1214.15,0.0,2025-12-03 05:00:00+01:00,2025-12-03,5,2,12,0,5368.9,5368.9,49158.924999999996
2025-12-03 05:00:00+00:00,150.945,61085.6,4116.85,1187.425,0.0,2025-12-03 06:00:00+01:00,2025-12-03,6,2,12,0,5304.275000000001,5304.275000000001,55781.325
2025-12-03 06:00:00+00:00,200.0,67241.25,4075.075,1165.325,15.025,2025-12-03 07:00:00+01:00,2025-12-03,7,2,12,0,5240.4,5255.424999999999,61985.825
2025-12-03 07:00:00+00:00,249.9975,69462.875,4014.825,1180.25,902.275,2025-12-03 08:00:00+01:00,2025-12-03,8,2,12,0,5195.075,6097.349999999999,63365.525
2025-12-03 08:00:00+00:00,219.89,69809.85,3723.075,1204.25,3659.0,2025-12-03 09:00:00+01:00,2025-12-03,9,2,12,0,4927.325,8586.325,61223.52500000001
2025-12-03 09:00:00+00:00,187.18,70307.375,3112.2,1213.925,6528.025,2025-12-03 10:00:00+01:00,2025-12-03,10,2,12,0,4326.125,10854.15,59453.225
2025-12-03 10:00:00+00:00,173.3725,70798.6,2337.075,1183.35,8469.85,2025-12-03 11:00:00+01:00,2025-12-03,11,2,12,0,3520.4249999999997,11990.275,58808.325000000004
2025-12-03 11:00:00+00:00,167.725,70147.575,1636.975,1098.45,8896.55,2025-12-03 12:00:00+01:00,2025-12-03,12,2,12,0,2735.425,11631.974999999999,58515.6
2025-12-03 12:00:00+00:00,181.4075,69099.575,1287.925,1005.8249999999999,7610.8,2025-12-03 13:00:00+01:00,2025-12-03,13,2,12,0,2293.75,9904.55,59195.024999999994
2025-12-03 13:00:00+00:00,199.9375,67973.97499999999,1246.575,947.8499999999999,4933.8,2025-12-03 14:00:00+01:00,2025-12-03,14,2,12,0,2194.425,7128.225,60845.74999999999
2025-12-03 14:00:00+00:00,242.5625,67213.975,1553.7,913.55,1774.1750000000002,2025-12-03 15:00:00+01:00,2025-12-03,15,2,12,0,2467.25,4241.425,62972.55
2025-12-03 15:00:00+00:00,308.35,68066.55,2265.95,933.1500000000001,112.14999999999999,2025-12-03 16:00:00+01:00,2025-12-03,16,2,12,0,3199.1,3311.25,64755.3
2025-12-03 16:00:00+00:00,259.6025,69404.70000000001,3141.825,1029.625,0.0,2025-12-03 17:00:00+01:00,2025-12-03,17,2,12,0,4171.45,4171.45,65233.250000000015
2025-12-03 17:00:00+00:00,204.12,69589.8,3879.1,1192.75,0.0,2025-12-03 18:00:00+01:00,2025-12-03,18,2,12,0,5071.85,5071.85,64517.950000000004
2025-12-03 18:00:00+00:00,172.6275,67567.175,4345.975,1376.025,0.0,2025-12-03 19:00:00+01:00,2025-12-03,19,2,12,0,5722.0,5722.0,61845.175
2025-12-03 19:00:00+00:00,146.24,64229.85,4619.9,1532.225,0.0,2025-12-03 20:00:00+01:00,2025-12-03,20,2,12,0,6152.125,6152.125,58077.725
2025-12-03 20:00:00+00:00,124.82499999999999,60469.15,4717.3,1644.525,0.0,2025-12-03 21:00:00+01:00,2025-12-03,21,2,12,0,6361.825000000001,6361.825000000001,54107.325
2025-12-03 21:00:00+00:00,113.405,57195.274999999994,4617.8,1670.475,0.0,2025-12-03 22:00:00+01:00,2025-12-03,22,2,12,0,6288.275,6288.275,50906.99999999999
2025-12-03 22:00:00+00:00,104.135,53595.75,4538.924999999999,1643.325,0.0,2025-12-03 23:00:00+01:00,2025-12-03,23,2,12,0,6182.249999999999,6182.249999999999,47413.5
2025-12-03 23:00:00+00:00,97.3825,51612.15,4305.075,1302.45,0.0,2025-12-04 00:00:00+01:00,2025-12-04,0,3,12,0,5607.525,5607.525,46004.625
2025-12-04 00:00:00+00:00,93.8825,49989.925,4279.4,1302.6,0.0,2025-12-04 01:00:00+01:00,2025-12-04,1,3,12,0,5582.0,5582.0,44407.925
2025-12-04 01:00:00+00:00,90.8325,49305.65,4315.525,1304.025,0.0,2025-12-04 02:00:00+01:00,2025-12-04,2,3,12,0,5619.549999999999,5619.549999999999,43686.100000000006
2025-12-04 02:00:00+00:00,90.3575,49422.2,4386.375,1285.875,0.0,2025-12-04 03:00:00+01:00,2025-12-04,3,3,12,0,5672.25,5672.25,43749.95
2025-12-04 03:00:00+00:00,92.3275,50762.2,4521.15,1271.725,0.0,2025-12-04 04:00:00+01:00,2025-12-04,4,3,12,0,5792.875,5792.875,44969.325
2025-12-04 04:00:00+00:00,96.755,54507.225,4781.625,1300.1,0.0,2025-12-04 05:00:00+01:00,2025-12-04,5,3,12,0,6081.725,6081.725,48425.5
2025-12-04 05:00:00+00:00,124.86500000000001,61138.9,5168.0,1386.9,0.0,2025-12-04 06:00:00+01:00,2025-12-04,6,3,12,0,6554.9,6554.9,54584.0
2025-12-04 06:00:00+00:00,128.41,67130.6,5590.375,1516.75,6.375,2025-12-04 07:00:00+01:00,2025-12-04,7,3,12,0,7107.125,7113.5,60017.100000000006
2025-12-04 07:00:00+00:00,144.7025,70056.4,6113.8,1683.975,737.225,2025-12-04 08:00:00+01:00,2025-12-04,8,3,12,0,7797.775,8535.0,61521.399999999994
2025-12-04 08:00:00+00:00,163.985,70554.25,6380.425,1846.525,3131.85,2025-12-04 09:00:00+01:00,2025-12-04,9,3,12,0,8226.95,11358.800000000001,59195.45
2025-12-04 09:00:00+00:00,138.405,71230.55,5911.85,1956.675,5730.85,2025-12-04 10:00:00+01:00,2025-12-04,10,3,12,0,7868.525000000001,13599.375,57631.175
2025-12-04 10:00:00+00:00,148.0925,71712.475,5037.875,1999.65,7546.95,2025-12-04 11:00:00+01:00,2025-12-04,11,3,12,0,7037.525,14584.474999999999,57128.00000000001
2025-12-04 11:00:00+00:00,141.9625,70837.55,4423.25,1991.6750000000002,7950.6,2025-12-04 12:00:00+01:00,2025-12-04,12,3,12,0,6414.925,14365.525000000001,56472.025
2025-12-04 12:00:00+00:00,145.1825,69404.175,4243.425,1973.05,6754.775,2025-12-04 13:00:00+01:00,2025-12-04,13,3,12,0,6216.475,12971.25,56432.925
2025-12-04 13:00:00+00:00,152.0675,68024.725,4686.875,2000.225,4362.975,2025-12-04 14:00:00+01:00,2025-12-04,14,3,12,0,6687.1,11050.075,56974.65000000001
2025-12-04 14:00:00+00:00,150.9925,67510.95,5916.65,2141.55,1489.075,2025-12-04 15:00:00+01:00,2025-12-04,15,3,12,0,8058.2,9547.275,57963.674999999996
2025-12-04 15:00:00+00:00,145.1975,68646.675,7904.675,2384.525,112.45,2025-12-04 16:00:00+01:00,2025-12-04,16,3,12,0,10289.2,10401.650000000001,58245.025
2025-12-04 16:00:00+00:00,144.6975,70462.025,9732.525,2704.325,0.0,2025-12-04 17:00:00+01:00,2025-12-04,17,3,12,0,12436.849999999999,12436.849999999999,58025.174999999996
2025-12-04 17:00:00+00:00,142.33249999999998,70556.05,10484.175,3049.625,0.0,2025-12-04 18:00:00+01:00,2025-12-04,18,3,12,0,13533.8,13533.8,57022.25
2025-12-04 18:00:00+00:00,134.985,68570.575,10341.85,3230.35,0.0,2025-12-04 19:00:00+01:00,2025-12-04,19,3,12,0,13572.2,13572.2,54998.375
2025-12-04 19:00:00+00:00,118.6025,65011.65,9623.05,3142.5,0.0,2025-12-04 20:00:00+01:00,2025-12-04,20,3,12,0,12765.55,12765.55,52246.100000000006
2025-12-04 20:00:00+00:00,103.35249999999999,61546.15,8514.0,2868.8,0.0,2025-12-04 21:00:00+01:00,2025-12-04,21,3,12,0,11382.8,11382.8,50163.350000000006
2025-12-04 21:00:00+00:00,109.0375,58328.4,7092.075,2511.425,0.0,2025-12-04 22:00:00+01:00,2025-12-04,22,3,12,0,9603.5,9603.5,48724.9
2025-12-04 22:00:00+00:00,98.2575,54826.025,6040.425,2192.2,0.0,2025-12-04 23:00:00+01:00,2025-12-04,23,3,12,0,8232.625,8232.625,46593.4
2025-12-04 23:00:00+00:00,95.7425,51911.025,4785.375,2197.45,0.0,2025-12-05 00:00:00+01:00,2025-12-05,0,4,12,0,6982.825,6982.825,44928.200000000004
2025-12-05 00:00:00+00:00,93.8625,50378.45,4064.875,1970.425,0.0,2025-12-05 01:00:00+01:00,2025-12-05,1,4,12,0,6035.3,6035.3,44343.149999999994
2025-12-05 01:00:00+00:00,90.92,49858.525,3491.775,1865.575,0.0,2025-12-05 02:00:00+01:00,2025-12-05,2,4,12,0,5357.35,5357.35,44501.175
2025-12-05 02:00:00+00:00,90.5675,50131.375,2981.25,1749.75,0.0,2025-12-05 03:00:00+01:00,2025-12-05,3,4,12,0,4731.0,4731.0,45400.375
2025-12-05 03:00:00+00:00,94.03,51415.924999999996,2574.425,1530.25,0.0,2025-12-05 04:00:00+01:00,2025-12-05,4,4,12,0,4104.675,4104.675,47311.24999999999
2025-12-05 04:00:00+00:00,100.8725,55038.85,2279.45,1354.45,0.0,2025-12-05 05:00:00+01:00,2025-12-05,5,4,12,0,3633.8999999999996,3633.8999999999996,51404.95
2025-12-05 05:00:00+00:00,123.99,61430.7,2095.025,1262.1,0.0,2025-12-05 06:00:00+01:00,2025-12-05,6,4,12,0,3357.125,3357.125,58073.575
2025-12-05 06:00:00+00:00,162.4175,67313.825,1936.75,1181.625,5.175,2025-12-05 07:00:00+01:00,2025-12-05,7,4,12,0,3118.375,3123.55,64190.274999999994
2025-12-05 07:00:00+00:00,184.4325,70099.125,1817.075,1086.45,391.75,2025-12-05 08:00:00+01:00,2025-12-05,8,4,12,0,2903.525,3295.275,66803.85
2025-12-05 08:00:00+00:00,184.145,70931.55,1660.175,1006.475,1795.475,2025-12-05 09:00:00+01:00,2025-12-05,9,4,12,0,2666.65,4462.125,66469.425
2025-12-05 09:00:00+00:00,171.3475,71339.275,1404.875,942.875,3548.35,2025-12-05 10:00:00+01:00,2025-12-05,10,4,12,0,2347.75,5896.1,65443.174999999996
2025-12-05 10:00:00+00:00,167.51500000000001,71698.8,1102.05,863.85,4772.55,2025-12-05 11:00:00+01:00,2025-12-05,11,4,12,0,1965.9,6738.450000000001,64960.350000000006
2025-12-05 11:00:00+00:00,161.56,71029.825,908.625,768.925,5004.775,2025-12-05 12:00:00+01:00,2025-12-05,12,4,12,0,1677.55,6682.325,64347.5
2025-12-05 12:00:00+00:00,157.4475,69454.75,880.35,701.025,4285.525,2025-12-05 13:00:00+01:00,2025-12-05,13,4,12,0,1581.375,5866.9,63587.85
2025-12-05 13:00:00+00:00,161.1775,68062.525,919.85,671.975,2779.65,2025-12-05 14:00:00+01:00,2025-12-05,14,4,12,0,1591.825,4371.475,63691.049999999996
2025-12-05 14:00:00+00:00,162.3475,67185.625,1066.725,734.475,991.825,2025-12-05 15:00:00+01:00,2025-12-05,15,4,12,0,1801.1999999999998,2793.0249999999996,64392.6
2025-12-05 15:00:00+00:00,169.4975,68493.025,1458.3,897.075,101.47500000000001,2025-12-05 16:00:00+01:00,2025-12-05,16,4,12,0,2355.375,2456.85,66036.17499999999
2025-12-05 16:00:00+00:00,158.305,69529.975,2121.775,1110.325,0.0,2025-12-05 17:00:00+01:00,2025-12-05,17,4,12,0,3232.1000000000004,3232.1000000000004,66297.875
2025-12-05 17:00:00+00:00,147.2475,69322.675,3061.825,1369.7,0.0,2025-12-05 18:00:00+01:00,2025-12-05,18,4,12,0,4431.525,4431.525,64891.15
2025-12-05 18:00:00+00:00,131.54,66975.025,4224.125,1672.975,0.0,2025-12-05 19:00:00+01:00,2025-12-05,19,4,12,0,5897.1,5897.1,61077.924999999996
2025-12-05 19:00:00+00:00,115.15,63456.375,5625.05,2034.05,0.0,2025-12-05 20:00:00+01:00,2025-12-05,20,4,12,0,7659.1,7659.1,55797.275
2025-12-05 20:00:00+00:00,97.55499999999999,59677.375,6991.425,2450.15,0.0,2025-12-05 21:00:00+01:00,2025-12-05,21,4,12,0,9441.575,9441.575,50235.8
2025-12-05 21:00:00+00:00,93.08,56525.7,8293.325,2885.65,0.0,2025-12-05 22:00:00+01:00,2025-12-05,22,4,12,0,11178.975,11178.975,45346.725
2025-12-05 22:00:00+00:00,84.1225,53201.575,9880.225,3330.75,0.0,2025-12-05 23:00:00+01:00,2025-12-05,23,4,12,0,13210.975,13210.975,39990.6
2025-12-05 23:00:00+00:00,82.08,49906.025,13164.3,4465.025,0.0,2025-12-06 00:00:00+01:00,2025-12-06,0,5,12,1,17629.324999999997,17629.324999999997,32276.700000000004
2025-12-06 00:00:00+00:00,76.9725,47665.825,14939.65,4915.45,0.0,2025-12-06 01:00:00+01:00,2025-12-06,1,5,12,1,19855.1,19855.1,27810.725
2025-12-06 01:00:00+00:00,73.63,46504.575,16915.3,5083.6,0.0,2025-12-06 02:00:00+01:00,2025-12-06,2,5,12,1,21998.9,21998.9,24505.674999999996
2025-12-06 02:00:00+00:00,70.01,46119.1,18788.725,5246.3,0.0,2025-12-06 03:00:00+01:00,2025-12-06,3,5,12,1,24035.024999999998,24035.024999999998,22084.075
2025-12-06 03:00:00+00:00,67.42750000000001,45916.775,20345.4,5311.425,0.0,2025-12-06 04:00:00+01:00,2025-12-06,4,5,12,1,25656.825,25656.825,20259.95
2025-12-06 04:00:00+00:00,64.9725,47521.175,21916.925,5279.775,0.0,2025-12-06 05:00:00+01:00,2025-12-06,5,5,12,1,27196.699999999997,27196.699999999997,20324.475000000006
2025-12-06 05:00:00+00:00,64.585,49596.35,24070.649999999998,5194.3,0.0,2025-12-06 06:00:00+01:00,2025-12-06,6,5,12,1,29264.949999999997,29264.949999999997,20331.4
2025-12-06 06:00:00+00:00,67.87,52259.475,25227.025,5142.4,6.25,2025-12-06 07:00:00+01:00,2025-12-06,7,5,12,1,30369.425000000003,30375.675000000003,21883.799999999996
2025-12-06 07:00:00+00:00,78.6125,55494.875,25963.85,5195.55,643.425,2025-12-06 08:00:00+01:00,2025-12-06,8,5,12,1,31159.399999999998,31802.824999999997,23692.050000000003
2025-12-06 08:00:00+00:00,80.94,57973.75,25947.125,5292.4,2811.375,2025-12-06 09:00:00+01:00,2025-12-06,9,5,12,1,31239.525,34050.9,23922.85
2025-12-06 09:00:00+00:00,82.295,59895.425,24953.825,5372.625,5143.5,2025-12-06 10:00:00+01:00,2025-12-06,10,5,12,1,30326.45,35469.95,24425.475000000006
2025-12-06 10:00:00+00:00,80.6125,60917.675,23329.025,5417.45,6710.424999999999,2025-12-06 11:00:00+01:00,2025-12-06,11,5,12,1,28746.475000000002,35456.9,25460.775
2025-12-06 11:00:00+00:00,80.615,60543.1,21621.675,5438.525,6880.25,2025-12-06 12:00:00+01:00,2025-12-06,12,5,12,1,27060.199999999997,33940.45,26602.65
2025-12-06 12:00:00+00:00,81.325,58842.425,20850.75,5401.3,5557.1,2025-12-06 13:00:00+01:00,2025-12-06,13,5,12,1,26252.05,31809.15,27033.275
2025-12-06 13:00:00+00:00,86.1725,57424.275,20907.475,5418.275,3427.9750000000004,2025-12-06 14:00:00+01:00,2025-12-06,14,5,12,1,26325.75,29753.725,27670.550000000003
2025-12-06 14:00:00+00:00,91.02250000000001,57389.525,21553.899999999998,5460.55,1120.6,2025-12-06 15:00:00+01:00,2025-12-06,15,5,12,1,27014.449999999997,28135.049999999996,29254.475000000006
2025-12-06 15:00:00+00:00,95.5875,59162.1,22630.85,5588.325,76.35,2025-12-06 16:00:00+01:00,2025-12-06,16,5,12,1,28219.175,28295.524999999998,30866.575
2025-12-06 16:00:00+00:00,95.1175,61498.65,23823.5,5750.125,0.0,2025-12-06 17:00:00+01:00,2025-12-06,17,5,12,1,29573.625,29573.625,31925.025
2025-12-06 17:00:00+00:00,89.1825,61786.65,24757.025,5856.175,0.0,2025-12-06 18:00:00+01:00,2025-12-06,18,5,12,1,30613.2,30613.2,31173.45
2025-12-06 18:00:00+00:00,89.655,60088.425,25440.8,5834.974999999999,0.0,2025-12-06 19:00:00+01:00,2025-12-06,19,5,12,1,31275.774999999998,31275.774999999998,28812.650000000005
2025-12-06 19:00:00+00:00,83.385,57226.775,26310.95,5652.375,0.0,2025-12-06 20:00:00+01:00,2025-12-06,20,5,12,1,31963.325,31963.325,25263.45
2025-12-06 20:00:00+00:00,80.61,54627.5,26640.275,5386.425,0.0,2025-12-06 21:00:00+01:00,2025-12-06,21,5,12,1,32026.7,32026.7,22600.8
2025-12-06 21:00:00+00:00,76.495,52591.525,26187.225,4963.075,0.0,2025-12-06 22:00:00+01:00,2025-12-06,22,5,12,1,31150.3,31150.3,21441.225000000002
2025-12-06 22:00:00+00:00,71.565,49833.975,26249.9,4526.950000000001,0.0,2025-12-06 23:00:00+01:00,2025-12-06,23,5,12,1,30776.850000000002,30776.850000000002,19057.124999999996
2025-12-06 23:00:00+00:00,67.32249999999999,47048.975,25898.15,4456.4,0.0,2025-12-07 00:00:00+01:00,2025-12-07,0,6,12,1,30354.550000000003,30354.550000000003,16694.424999999996
2025-12-07 00:00:00+00:00,60.995000000000005,45394.625,25778.1,4222.825,0.0,2025-12-07 01:00:00+01:00,2025-12-07,1,6,12,1,30000.925,30000.925,15393.7
2025-12-07 01:00:00+00:00,59.4225,44541.45,25556.600000000002,4021.225,0.0,2025-12-07 02:00:00+01:00,2025-12-07,2,6,12,1,29577.825,29577.825,14963.624999999996
2025-12-07 02:00:00+00:00,58.56,44237.05,25034.175,3886.3,0.0,2025-12-07 03:00:00+01:00,2025-12-07,3,6,12,1,28920.475,28920.475,15316.575000000004
2025-12-07 03:00:00+00:00,62.075,44292.525,24152.875,3853.825,0.0,2025-12-07 04:00:00+01:00,2025-12-07,4,6,12,1,28006.7,28006.7,16285.825
2025-12-07 04:00:00+00:00,62.004999999999995,45321.95,23179.275,3914.2,0.0,2025-12-07 05:00:00+01:00,2025-12-07,5,6,12,1,27093.475000000002,27093.475000000002,18228.474999999995
2025-12-07 05:00:00+00:00,63.72,47572.9,22554.95,3945.0,0.0,2025-12-07 06:00:00+01:00,2025-12-07,6,6,12,1,26499.95,26499.95,21072.95
2025-12-07 06:00:00+00:00,71.83500000000001,50307.1,21178.0,3874.15,6.15,2025-12-07 07:00:00+01:00,2025-12-07,7,6,12,1,25052.15,25058.300000000003,25248.799999999996
2025-12-07 07:00:00+00:00,77.9975,53039.75,20121.1,3881.525,524.0,2025-12-07 08:00:00+01:00,2025-12-07,8,6,12,1,24002.625,24526.625,28513.125
2025-12-07 08:00:00+00:00,85.555,55638.7,18988.1,3995.05,2352.025,2025-12-07 09:00:00+01:00,2025-12-07,9,6,12,1,22983.149999999998,25335.175,30303.524999999998
2025-12-07 09:00:00+00:00,90.53,57655.475,17580.125,4113.275,4349.15,2025-12-07 10:00:00+01:00,2025-12-07,10,6,12,1,21693.4,26042.550000000003,31612.924999999996
2025-12-07 10:00:00+00:00,91.9225,59296.8,15887.05,4154.900000000001,5760.65,2025-12-07 11:00:00+01:00,2025-12-07,11,6,12,1,20041.95,25802.6,33494.200000000004
2025-12-07 11:00:00+00:00,97.4375,59594.2,14339.325,4075.875,5974.55,2025-12-07 12:00:00+01:00,2025-12-07,12,6,12,1,18415.2,24389.75,35204.45
2025-12-07 12:00:00+00:00,99.57249999999999,58834.25,13213.775,3815.475,4891.775,2025-12-07 13:00:00+01:00,2025-12-07,13,6,12,1,17029.25,21921.025,36913.225
2025-12-07 13:00:00+00:00,104.145,57437.725,12302.025,3471.925,2993.25,2025-12-07 14:00:00+01:00,2025-12-07,14,6,12,1,15773.95,18767.2,38670.524999999994
2025-12-07 14:00:00+00:00,105.735,57054.325,12271.175,3118.275,928.425,2025-12-07 15:00:00+01:00,2025-12-07,15,6,12,1,15389.449999999999,16317.874999999998,40736.45
2025-12-07 15:00:00+00:00,109.6075,58442.9,13190.25,2833.65,81.05,2025-12-07 16:00:00+01:00,2025-12-07,16,6,12,1,16023.9,16104.949999999999,42337.950000000004
2025-12-07 16:00:00+00:00,111.82,60244.925,14692.75,2994.275,0.0,2025-12-07 17:00:00+01:00,2025-12-07,17,6,12,1,17687.025,17687.025,42557.9
2025-12-07 17:00:00+00:00,96.88,61005.35,16555.9,3598.325,0.0,2025-12-07 18:00:00+01:00,2025-12-07,18,6,12,1,20154.225000000002,20154.225000000002,40851.125
2025-12-07 18:00:00+00:00,87.4625,59620.7,18783.925,4346.325,0.0,2025-12-07 19:00:00+01:00,2025-12-07,19,6,12,1,23130.25,23130.25,36490.45
2025-12-07 19:00:00+00:00,83.75999999999999,57250.8,21965.65,5018.05,0.0,2025-12-07 20:00:00+01:00,2025-12-07,20,6,12,1,26983.7,26983.7,30267.100000000002
2025-12-07 20:00:00+00:00,73.72,55118.55,25261.175,5473.675,0.0,2025-12-07 21:00:00+01:00,2025-12-07,21,6,12,1,30734.85,30734.85,24383.700000000004
2025-12-07 21:00:00+00:00,65.5975,53161.85,27857.75,5576.35,0.0,2025-12-07 22:00:00+01:00,2025-12-07,22,6,12,1,33434.1,33434.1,19727.75
2025-12-07 22:00:00+00:00,41.7375,50320.5,30855.3,5557.275,0.0,2025-12-07 23:00:00+01:00,2025-12-07,23,6,12,1,36412.575,36412.575,13907.925000000003
2025-12-07 23:00:00+00:00,19.27,46755.7,34952.225,5463.225,0.0,2025-12-08 00:00:00+01:00,2025-12-08,0,0,12,0,40415.45,40415.45,6340.25
2025-12-08 00:00:00+00:00,11.09,45398.3,35940.6,5245.25,0.0,2025-12-08 01:00:00+01:00,2025-12-08,1,0,12,0,41185.85,41185.85,4212.450000000004
2025-12-08 01:00:00+00:00,11.6625,45060.1,36730.225,5244.1,0.0,2025-12-08 02:00:00+01:00,2025-12-08,2,0,12,0,41974.325,41974.325,3085.7750000000015
2025-12-08 02:00:00+00:00,5.59,45213.425,37072.325,5308.5,0.0,2025-12-08 03:00:00+01:00,2025-12-08,3,0,12,0,42380.825,42380.825,2832.600000000006
2025-12-08 03:00:00+00:00,12.89,46137.025,36522.125,5375.7,0.0,2025-12-08 04:00:00+01:00,2025-12-08,4,0,12,0,41897.825,41897.825,4239.200000000004
2025-12-08 04:00:00+00:00,28.655,49494.8,35275.75,5414.325,0.0,2025-12-08 05:00:00+01:00,2025-12-08,5,0,12,0,40690.075,40690.075,8804.725000000006
2025-12-08 05:00:00+00:00,64.3175,55147.225,34036.5,5483.775,0.0,2025-12-08 06:00:00+01:00,2025-12-08,6,0,12,0,39520.275,39520.275,15626.949999999997
2025-12-08 06:00:00+00:00,82.84,59822.350000000006,31797.125,5547.875,7.5,2025-12-08 07:00:00+01:00,2025-12-08,7,0,12,0,37345.0,37352.5,22469.850000000006
2025-12-08 07:00:00+00:00,100.0,62978.75,30348.675,5656.55,781.2,2025-12-08 08:00:00+01:00,2025-12-08,8,0,12,0,36005.225,36786.424999999996,26192.325000000004
2025-12-08 08:00:00+00:00,98.3375,64589.925,29312.425,5633.425,3999.225,2025-12-08 09:00:00+01:00,2025-12-08,9,0,12,0,34945.85,38945.075,25644.850000000006
2025-12-08 09:00:00+00:00,86.0375,65501.45,28244.85,5646.475,7541.825000000001,2025-12-08 10:00:00+01:00,2025-12-08,10,0,12,0,33891.325,41433.149999999994,24068.300000000003
2025-12-08 10:00:00+00:00,79.99000000000001,66650.0,27472.725,5640.775,9224.75,2025-12-08 11:00:00+01:00,2025-12-08,11,0,12,0,33113.5,42338.25,24311.75
2025-12-08 11:00:00+00:00,79.3475,67000.7,26985.7,5636.5,8639.25,2025-12-08 12:00:00+01:00,2025-12-08,12,0,12,0,32622.2,41261.45,25739.25
2025-12-08 12:00:00+00:00,86.845,65577.6,26728.225,5646.875,6709.475,2025-12-08 13:00:00+01:00,2025-12-08,13,0,12,0,32375.1,39084.575,26493.02500000001
2025-12-08 13:00:00+00:00,94.08,64445.175,26322.425,5689.7,4006.375,2025-12-08 14:00:00+01:00,2025-12-08,14,0,12,0,32012.125,36018.5,28426.675000000003
2025-12-08 14:00:00+00:00,100.145,63498.049999999996,26231.875,5732.25,1173.425,2025-12-08 15:00:00+01:00,2025-12-08,15,0,12,0,31964.125,33137.55,30360.499999999993
2025-12-08 15:00:00+00:00,101.075,64597.4,26864.3,5833.225,76.4,2025-12-08 16:00:00+01:00,2025-12-08,16,0,12,0,32697.525,32773.925,31823.475
2025-12-08 16:00:00+00:00,109.85,65899.175,27379.925,5834.925,0.0,2025-12-08 17:00:00+01:00,2025-12-08,17,0,12,0,33214.85,33214.85,32684.325000000004
2025-12-08 17:00:00+00:00,100.2625,66133.05,27469.475,5802.7,0.0,2025-12-08 18:00:00+01:00,2025-12-08,18,0,12,0,33272.174999999996,33272.174999999996,32860.87500000001
2025-12-08 18:00:00+00:00,96.63499999999999,64266.125,27241.775,5805.975,0.0,2025-12-08 19:00:00+01:00,2025-12-08,19,0,12,0,33047.75,33047.75,31218.375
2025-12-08 19:00:00+00:00,89.345,61212.75,27251.075,5822.75,0.0,2025-12-08 20:00:00+01:00,2025-12-08,20,0,12,0,33073.825,33073.825,28138.925000000003
2025-12-08 20:00:00+00:00,83.5175,58067.0,26878.825,5737.075,0.0,2025-12-08 21:00:00+01:00,2025-12-08,21,0,12,0,32615.9,32615.9,25451.1
2025-12-08 21:00:00+00:00,80.21,55138.7,25608.65,5724.575,0.0,2025-12-08 22:00:00+01:00,2025-12-08,22,0,12,0,31333.225000000002,31333.225000000002,23805.474999999995
2025-12-08 22:00:00+00:00,73.2525,51682.6,24730.7,5583.075,0.0,2025-12-08 23:00:00+01:00,2025-12-08,23,0,12,0,30313.775,30313.775,21368.824999999997
2025-12-08 23:00:00+00:00,73.69749999999999,47988.475,23764.2,5331.55,0.0,2025-12-09 00:00:00+01:00,2025-12-09,0,1,12,0,29095.75,29095.75,18892.725
2025-12-09 00:00:00+00:00,72.785,46438.0,22554.9,5031.45,0.0,2025-12-09 01:00:00+01:00,2025-12-09,1,1,12,0,27586.350000000002,27586.350000000002,18851.649999999998
2025-12-09 01:00:00+00:00,73.7125,46027.45,21129.475,4654.55,0.0,2025-12-09 02:00:00+01:00,2025-12-09,2,1,12,0,25784.024999999998,25784.024999999998,20243.425
2025-12-09 02:00:00+00:00,74.845,46085.45,19584.95,4345.275,0.0,2025-12-09 03:00:00+01:00,2025-12-09,3,1,12,0,23930.225,23930.225,22155.225
2025-12-09 03:00:00+00:00,73.72,46853.675,18295.625,4151.1,0.0,2025-12-09 04:00:00+01:00,2025-12-09,4,1,12,0,22446.725,22446.725,24406.950000000004
2025-12-09 04:00:00+00:00,80.205,50603.6,17297.175,3948.3999999999996,0.0,2025-12-09 05:00:00+01:00,2025-12-09,5,1,12,0,21245.574999999997,21245.574999999997,29358.025
2025-12-09 05:00:00+00:00,98.8475,57546.5,16889.275,3758.3,0.0,2025-12-09 06:00:00+01:00,2025-12-09,6,1,12,0,20647.575,20647.575,36898.925
2025-12-09 06:00:00+00:00,105.78999999999999,63139.9,16347.25,3855.175,5.825,2025-12-09 07:00:00+01:00,2025-12-09,7,1,12,0,20202.425,20208.25,42931.65
2025-12-09 07:00:00+00:00,129.75,65857.125,16509.375,4277.55,997.175,2025-12-09 08:00:00+01:00,2025-12-09,8,1,12,0,20786.925,21784.1,44073.025
2025-12-09 08:00:00+00:00,111.335,66864.025,16901.6,4828.15,4676.875,2025-12-09 09:00:00+01:00,2025-12-09,9,1,12,0,21729.75,26406.625,40457.399999999994
2025-12-09 09:00:00+00:00,103.06,67611.35,16871.775,5257.6,8477.525,2025-12-09 10:00:00+01:00,2025-12-09,10,1,12,0,22129.375,30606.9,37004.450000000004
2025-12-09 10:00:00+00:00,103.34,68289.625,16246.4,5485.15,10870.5,2025-12-09 11:00:00+01:00,2025-12-09,11,1,12,0,21731.55,32602.05,35687.575
2025-12-09 11:00:00+00:00,97.83,68081.775,15550.4,5510.075,11430.55,2025-12-09 12:00:00+01:00,2025-12-09,12,1,12,0,21060.475,32491.024999999998,35590.75
2025-12-09 12:00:00+00:00,101.1,66557.975,15337.425,5450.025,9866.35,2025-12-09 13:00:00+01:00,2025-12-09,13,1,12,0,20787.449999999997,30653.799999999996,35904.17500000001
2025-12-09 13:00:00+00:00,100.22,65349.75,15654.175,5497.175,6572.55,2025-12-09 14:00:00+01:00,2025-12-09,14,1,12,0,21151.35,27723.899999999998,37625.850000000006
2025-12-09 14:00:00+00:00,110.88499999999999,64855.675,16818.324999999997,5581.775,2393.05,2025-12-09 15:00:00+01:00,2025-12-09,15,1,12,0,22400.1,24793.149999999998,40062.52500000001
2025-12-09 15:00:00+00:00,108.3,65640.375,18861.0,5667.25,122.92500000000001,2025-12-09 16:00:00+01:00,2025-12-09,16,1,12,0,24528.25,24651.175,40989.2
2025-12-09 16:00:00+00:00,104.5675,67352.175,21385.575,5772.225,0.0,2025-12-09 17:00:00+01:00,2025-12-09,17,1,12,0,27157.800000000003,27157.800000000003,40194.375
2025-12-09 17:00:00+00:00,96.91,67383.2,23590.425,5694.55,0.0,2025-12-09 18:00:00+01:00,2025-12-09,18,1,12,0,29284.975,29284.975,38098.225
2025-12-09 18:00:00+00:00,85.1025,65711.9,25325.375,5636.85,0.0,2025-12-09 19:00:00+01:00,2025-12-09,19,1,12,0,30962.225,30962.225,34749.674999999996
2025-12-09 19:00:00+00:00,83.67,62206.125,26995.975,5535.525,0.0,2025-12-09 20:00:00+01:00,2025-12-09,20,1,12,0,32531.5,32531.5,29674.625
2025-12-09 20:00:00+00:00,79.35499999999999,58362.675,28121.7,5568.425,0.0,2025-12-09 21:00:00+01:00,2025-12-09,21,1,12,0,33690.125,33690.125,24672.550000000003
2025-12-09 21:00:00+00:00,73.3325,55251.7,28284.25,5575.575,0.0,2025-12-09 22:00:00+01:00,2025-12-09,22,1,12,0,33859.825,33859.825,21391.875
2025-12-09 22:00:00+00:00,55.42,51662.65,28694.6,5571.175,0.0,2025-12-09 23:00:00+01:00,2025-12-09,23,1,12,0,34265.775,34265.775,17396.875
2025-12-09 23:00:00+00:00,43.9,50021.2,26864.649999999998,5705.35,0.0,2025-12-10 00:00:00+01:00,2025-12-10,0,2,12,0,32570.0,32570.0,17451.199999999997
2025-12-10 00:00:00+00:00,36.480000000000004,48432.025,27090.85,5683.275000000001,0.0,2025-12-10 01:00:00+01:00,2025-12-10,1,2,12,0,32774.125,32774.125,15657.900000000001
2025-12-10 01:00:00+00:00,31.0,47598.8,27054.725,5754.775,0.0,2025-12-10 02:00:00+01:00,2025-12-10,2,2,12,0,32809.5,32809.5,14789.300000000003
2025-12-10 02:00:00+00:00,35.1125,47942.975000000006,26647.0,5886.725,0.0,2025-12-10 03:00:00+01:00,2025-12-10,3,2,12,0,32533.725,32533.725,15409.250000000007
2025-12-10 03:00:00+00:00,48.089999999999996,49344.625,25749.325,6000.775,0.0,2025-12-10 04:00:00+01:00,2025-12-10,4,2,12,0,31750.1,31750.1,17594.525
2025-12-10 04:00:00+00:00,69.65,52982.45,24501.2,6071.85,0.0,2025-12-10 05:00:00+01:00,2025-12-10,5,2,12,0,30573.050000000003,30573.050000000003,22409.399999999994
2025-12-10 05:00:00+00:00,79.12,59467.225,23555.95,6143.725,0.0,2025-12-10 06:00:00+01:00,2025-12-10,6,2,12,0,29699.675000000003,29699.675000000003,29767.549999999996
2025-12-10 06:00:00+00:00,87.505,65475.75,21636.275,6246.1,1.15,2025-12-10 07:00:00+01:00,2025-12-10,7,2,12,0,27882.375,27883.525,37592.225
2025-12-10 07:00:00+00:00,94.33250000000001,67712.975,19997.9,6346.575,1227.175,2025-12-10 08:00:00+01:00,2025-12-10,8,2,12,0,26344.475000000002,27571.65,40141.325000000004
2025-12-10 08:00:00+00:00,94.225,68125.35,18629.199999999997,6347.5,5096.6,2025-12-10 09:00:00+01:00,2025-12-10,9,2,12,0,24976.699999999997,30073.299999999996,38052.05000000001
2025-12-10 09:00:00+00:00,87.72749999999999,68900.45,17484.725,6320.025,8940.725,2025-12-10 10:00:00+01:00,2025-12-10,10,2,12,0,23804.75,32745.475,36154.975
2025-12-10 10:00:00+00:00,80.9975,69728.075,16659.575,6288.8,11197.55,2025-12-10 11:00:00+01:00,2025-12-10,11,2,12,0,22948.375,34145.925,35582.149999999994
2025-12-10 11:00:00+00:00,79.5,69256.825,16265.625,6244.15,11169.525,2025-12-10 12:00:00+01:00,2025-12-10,12,2,12,0,22509.775,33679.3,35577.524999999994
2025-12-10 12:00:00+00:00,81.4425,68214.725,16542.45,6193.65,9040.675,2025-12-10 13:00:00+01:00,2025-12-10,13,2,12,0,22736.1,31776.774999999998,36437.95000000001
2025-12-10 13:00:00+00:00,90.2225,67042.425,16810.325,6183.25,5505.375,2025-12-10 14:00:00+01:00,2025-12-10,14,2,12,0,22993.575,28498.95,38543.475000000006
2025-12-10 14:00:00+00:00,100.665,66263.175,17351.575,6205.175,1867.45,2025-12-10 15:00:00+01:00,2025-12-10,15,2,12,0,23556.75,25424.2,40838.975000000006
2025-12-10 15:00:00+00:00,104.0025,67069.375,18452.575,6188.375,101.025,2025-12-10 16:00:00+01:00,2025-12-10,16,2,12,0,24640.95,24741.975000000002,42327.399999999994
2025-12-10 16:00:00+00:00,105.6725,68332.95,19661.175,6101.125,0.0,2025-12-10 17:00:00+01:00,2025-12-10,17,2,12,0,25762.3,25762.3,42570.649999999994
2025-12-10 17:00:00+00:00,104.695,68482.2,20869.3,5956.45,0.0,2025-12-10 18:00:00+01:00,2025-12-10,18,2,12,0,26825.75,26825.75,41656.45
2025-12-10 18:00:00+00:00,96.77250000000001,66256.95,22023.9,5874.65,0.0,2025-12-10 19:00:00+01:00,2025-12-10,19,2,12,0,27898.550000000003,27898.550000000003,38358.399999999994
2025-12-10 19:00:00+00:00,87.75,62817.775,23236.675,5840.6,0.0,2025-12-10 20:00:00+01:00,2025-12-10,20,2,12,0,29077.275,29077.275,33740.5
2025-12-10 20:00:00+00:00,86.31,59133.475,23753.975000000002,5852.3,0.0,2025-12-10 21:00:00+01:00,2025-12-10,21,2,12,0,29606.275,29606.275,29527.199999999997
2025-12-10 21:00:00+00:00,82.485,55787.525,23263.975,5922.025,0.0,2025-12-10 22:00:00+01:00,2025-12-10,22,2,12,0,29186.0,29186.0,26601.525
2025-12-10 22:00:00+00:00,76.425,52194.125,22973.55,5905.3,0.0,2025-12-10 23:00:00+01:00,2025-12-10,23,2,12,0,28878.85,28878.85,23315.275
2025-12-10 23:00:00+00:00,73.975,48000.05,23541.25,5958.224999999999,0.0,2025-12-11 00:00:00+01:00,2025-12-11,0,3,12,0,29499.475,29499.475,18500.575000000004
2025-12-11 00:00:00+00:00,73.41749999999999,46579.625,22979.9,6007.625,0.0,2025-12-11 01:00:00+01:00,2025-12-11,1,3,12,0,28987.525,28987.525,17592.1
2025-12-11 01:00:00+00:00,72.515,46178.75,22281.65,6034.95,0.0,2025-12-11 02:00:00+01:00,2025-12-11,2,3,12,0,28316.600000000002,28316.600000000002,17862.149999999998
2025-12-11 02:00:00+00:00,75.2075,46400.725,21439.7,6066.200000000001,0.0,2025-12-11 03:00:00+01:00,2025-12-11,3,3,12,0,27505.9,27505.9,18894.824999999997
2025-12-11 03:00:00+00:00,76.9125,47999.525,20373.75,6132.950000000001,0.0,2025-12-11 04:00:00+01:00,2025-12-11,4,3,12,0,26506.7,26506.7,21492.825
2025-12-11 04:00:00+00:00,80.5925,52013.825,19289.324999999997,6193.525,0.0,2025-12-11 05:00:00+01:00,2025-12-11,5,3,12,0,25482.85,25482.85,26530.975
2025-12-11 05:00:00+00:00,90.09,58837.85,18828.075,6199.45,0.0,2025-12-11 06:00:00+01:00,2025-12-11,6,3,12,0,25027.525,25027.525,33810.325
2025-12-11 06:00:00+00:00,98.11,64310.35,18131.775,6148.6,0.2,2025-12-11 07:00:00+01:00,2025-12-11,7,3,12,0,24280.375,24280.575,40029.774999999994
2025-12-11 07:00:00+00:00,110.3575,67163.075,17729.1,6053.25,656.25,2025-12-11 08:00:00+01:00,2025-12-11,8,3,12,0,23782.35,24438.6,42724.475
2025-12-11 08:00:00+00:00,106.1675,67889.775,17290.6,6013.424999999999,3651.475,2025-12-11 09:00:00+01:00,2025-12-11,9,3,12,0,23304.024999999998,26955.499999999996,40934.274999999994
2025-12-11 09:00:00+00:00,93.18,68725.775,16784.025,6051.425,7343.225,2025-12-11 10:00:00+01:00,2025-12-11,10,3,12,0,22835.45,30178.675000000003,38547.09999999999
2025-12-11 10:00:00+00:00,91.9175,69179.175,16298.15,6090.925,10013.775,2025-12-11 11:00:00+01:00,2025-12-11,11,3,12,0,22389.075,32402.85,36776.325000000004
2025-12-11 11:00:00+00:00,89.4,68830.4,15763.275,6127.075,10636.95,2025-12-11 12:00:00+01:00,2025-12-11,12,3,12,0,21890.35,32527.3,36303.09999999999
2025-12-11 12:00:00+00:00,90.22,67643.45,15223.925,6146.3,9176.35,2025-12-11 13:00:00+01:00,2025-12-11,13,3,12,0,21370.225,30546.574999999997,37096.875
2025-12-11 13:00:00+00:00,97.7875,66340.425,14490.625,6158.25,5933.0,2025-12-11 14:00:00+01:00,2025-12-11,14,3,12,0,20648.875,26581.875,39758.55
2025-12-11 14:00:00+00:00,111.265,65869.575,14155.975,6188.625,1963.325,2025-12-11 15:00:00+01:00,2025-12-11,15,3,12,0,20344.6,22307.925,43561.649999999994
2025-12-11 15:00:00+00:00,114.7,66983.55,14417.75,6145.775,112.375,2025-12-11 16:00:00+01:00,2025-12-11,16,3,12,0,20563.525,20675.9,46307.65
2025-12-11 16:00:00+00:00,115.405,68761.25,14732.825,6176.925,0.0,2025-12-11 17:00:00+01:00,2025-12-11,17,3,12,0,20909.75,20909.75,47851.5
2025-12-11 17:00:00+00:00,112.5675,68688.825,14825.85,5915.35,0.0,2025-12-11 18:00:00+01:00,2025-12-11,18,3,12,0,20741.2,20741.2,47947.625
2025-12-11 18:00:00+00:00,107.78999999999999,66442.625,14420.875,5597.525,0.0,2025-12-11 19:00:00+01:00,2025-12-11,19,3,12,0,20018.4,20018.4,46424.225
2025-12-11 19:00:00+00:00,103.6425,62655.575,13401.075,5163.65,0.0,2025-12-11 20:00:00+01:00,2025-12-11,20,3,12,0,18564.725,18564.725,44090.85
2025-12-11 20:00:00+00:00,94.3925,58968.45,11899.0,4740.0,0.0,2025-12-11 21:00:00+01:00,2025-12-11,21,3,12,0,16639.0,16639.0,42329.45
2025-12-11 21:00:00+00:00,93.58500000000001,55471.625,10243.225,4337.475,0.0,2025-12-11 22:00:00+01:00,2025-12-11,22,3,12,0,14580.7,14580.7,40890.925
2025-12-11 22:00:00+00:00,93.735,51728.7,8893.625,3873.675,0.0,2025-12-11 23:00:00+01:00,2025-12-11,23,3,12,0,12767.3,12767.3,38961.399999999994
2025-12-11 23:00:00+00:00,83.78,48941.075,9438.125,3482.1,0.0,2025-12-12 00:00:00+01:00,2025-12-12,0,4,12,0,12920.225,12920.225,36020.85
2025-12-12 00:00:00+00:00,86.22,47333.775,8204.25,3087.175,0.0,2025-12-12 01:00:00+01:00,2025-12-12,1,4,12,0,11291.425,11291.425,36042.350000000006
2025-12-12 01:00:00+00:00,87.9,46801.75,7225.575,2839.5,0.0,2025-12-12 02:00:00+01:00,2025-12-12,2,4,12,0,10065.075,10065.075,36736.675
2025-12-12 02:00:00+00:00,90.1825,47029.45,6513.375,2627.55,0.0,2025-12-12 03:00:00+01:00,2025-12-12,3,4,12,0,9140.925,9140.925,37888.524999999994
2025-12-12 03:00:00+00:00,90.7075,48232.175,5921.45,2337.775,0.0,2025-12-12 04:00:00+01:00,2025-12-12,4,4,12,0,8259.225,8259.225,39972.950000000004
2025-12-12 04:00:00+00:00,92.2125,51540.7,5617.4,2059.4,0.0,2025-12-12 05:00:00+01:00,2025-12-12,5,4,12,0,7676.799999999999,7676.799999999999,43863.899999999994
2025-12-12 05:00:00+00:00,101.22749999999999,58001.175,5756.0,1848.85,0.0,2025-12-12 06:00:00+01:00,2025-12-12,6,4,12,0,7604.85,7604.85,50396.325000000004
2025-12-12 06:00:00+00:00,121.325,63682.5,5874.875,1786.575,0.275,2025-12-12 07:00:00+01:00,2025-12-12,7,4,12,0,7661.45,7661.724999999999,56020.775
2025-12-12 07:00:00+00:00,130.8525,66754.7,5986.9,1835.65,816.625,2025-12-12 08:00:00+01:00,2025-12-12,8,4,12,0,7822.549999999999,8639.175,58115.524999999994
2025-12-12 08:00:00+00:00,126.9025,67513.6,5849.7,1802.475,4159.325,2025-12-12 09:00:00+01:00,2025-12-12,9,4,12,0,7652.174999999999,11811.5,55702.100000000006
2025-12-12 09:00:00+00:00,121.955,68076.85,5011.975,1577.475,7975.25,2025-12-12 10:00:00+01:00,2025-12-12,10,4,12,0,6589.450000000001,14564.7,53512.15000000001
2025-12-12 10:00:00+00:00,118.30499999999999,68390.75,3781.225,1265.275,10717.425,2025-12-12 11:00:00+01:00,2025-12-12,11,4,12,0,5046.5,15763.925,52626.825
2025-12-12 11:00:00+00:00,113.0675,67627.3,2639.35,1021.225,11393.05,2025-12-12 12:00:00+01:00,2025-12-12,12,4,12,0,3660.575,15053.625,52573.675
2025-12-12 12:00:00+00:00,118.26,66066.3,1903.425,917.85,9732.0,2025-12-12 13:00:00+01:00,2025-12-12,13,4,12,0,2821.275,12553.275,53513.025
2025-12-12 13:00:00+00:00,126.8225,64551.65,1663.725,954.275,6189.425,2025-12-12 14:00:00+01:00,2025-12-12,14,4,12,0,2618.0,8807.425,55744.225000000006
2025-12-12 14:00:00+00:00,131.9475,64030.425,1856.15,1049.5,2052.35,2025-12-12 15:00:00+01:00,2025-12-12,15,4,12,0,2905.65,4958.0,59072.425
2025-12-12 15:00:00+00:00,145.4875,65276.7,2434.575,1140.55,115.39999999999999,2025-12-12 16:00:00+01:00,2025-12-12,16,4,12,0,3575.125,3690.525,61586.174999999996
2025-12-12 16:00:00+00:00,146.825,66952.5,3056.975,1175.65,0.0,2025-12-12 17:00:00+01:00,2025-12-12,17,4,12,0,4232.625,4232.625,62719.875
2025-12-12 17:00:00+00:00,133.1,67061.2,3432.1,1265.15,0.0,2025-12-12 18:00:00+01:00,2025-12-12,18,4,12,0,4697.25,4697.25,62363.95
2025-12-12 18:00:00+00:00,128.0575,65041.600000000006,3670.0,1423.825,0.0,2025-12-12 19:00:00+01:00,2025-12-12,19,4,12,0,5093.825,5093.825,59947.77500000001
2025-12-12 19:00:00+00:00,117.0025,61262.1,3965.0,1657.65,0.0,2025-12-12 20:00:00+01:00,2025-12-12,20,4,12,0,5622.65,5622.65,55639.45
2025-12-12 20:00:00+00:00,114.92999999999999,57399.775,4161.675,1900.375,0.0,2025-12-12 21:00:00+01:00,2025-12-12,21,4,12,0,6062.05,6062.05,51337.725
2025-12-12 21:00:00+00:00,103.82,54183.8,4369.7,2127.95,0.0,2025-12-12 22:00:00+01:00,2025-12-12,22,4,12,0,6497.65,6497.65,47686.15
2025-12-12 22:00:00+00:00,91.7525,50570.95,4607.65,2369.9,0.0,2025-12-12 23:00:00+01:00,2025-12-12,23,4,12,0,6977.549999999999,6977.549999999999,43593.399999999994
2025-12-12 23:00:00+00:00,92.2825,48036.2,5576.55,2882.375,0.0,2025-12-13 00:00:00+01:00,2025-12-13,0,5,12,1,8458.925,8458.925,39577.274999999994
2025-12-13 00:00:00+00:00,90.5025,45916.125,5900.15,3273.125,0.0,2025-12-13 01:00:00+01:00,2025-12-13,1,5,12,1,9173.275,9173.275,36742.85
2025-12-13 01:00:00+00:00,87.39,44743.4,6377.8,3606.475,0.0,2025-12-13 02:00:00+01:00,2025-12-13,2,5,12,1,9984.275,9984.275,34759.125
2025-12-13 02:00:00+00:00,87.0425,44451.95,7098.8,3820.05,0.0,2025-12-13 03:00:00+01:00,2025-12-13,3,5,12,1,10918.85,10918.85,33533.1
2025-12-13 03:00:00+00:00,85.0,44216.95,7814.9,3780.75,0.0,2025-12-13 04:00:00+01:00,2025-12-13,4,5,12,1,11595.65,11595.65,32621.299999999996
2025-12-13 04:00:00+00:00,84.66749999999999,46419.45,8447.025,3560.3,0.0,2025-12-13 05:00:00+01:00,2025-12-13,5,5,12,1,12007.325,12007.325,34412.125
2025-12-13 05:00:00+00:00,79.1425,49211.424999999996,9242.925,3391.825,0.0,2025-12-13 06:00:00+01:00,2025-12-13,6,5,12,1,12634.75,12634.75,36576.674999999996
2025-12-13 06:00:00+00:00,81.135,52132.575,9692.025,3283.45,0.175,2025-12-13 07:00:00+01:00,2025-12-13,7,5,12,1,12975.474999999999,12975.649999999998,39156.925
2025-12-13 07:00:00+00:00,95.9525,55450.225,10009.525,3044.625,450.4,2025-12-13 08:00:00+01:00,2025-12-13,8,5,12,1,13054.15,13504.55,41945.675
2025-12-13 08:00:00+00:00,106.77,57659.8,10030.175,2856.2,2291.025,2025-12-13 09:00:00+01:00,2025-12-13,9,5,12,1,12886.375,15177.4,42482.4
2025-12-13 09:00:00+00:00,102.58500000000001,59346.45,9445.375,2842.8,4445.95,2025-12-13 10:00:00+01:00,2025-12-13,10,5,12,1,12288.175,16734.125,42612.325
2025-12-13 10:00:00+00:00,98.0925,60456.225,8632.275,2928.25,5994.425,2025-12-13 11:00:00+01:00,2025-12-13,11,5,12,1,11560.525,17554.95,42901.274999999994
2025-12-13 11:00:00+00:00,93.7575,60261.4,8054.05,2977.525,6379.45,2025-12-13 12:00:00+01:00,2025-12-13,12,5,12,1,11031.575,17411.025,42850.375
2025-12-13 12:00:00+00:00,92.935,58556.100000000006,7604.675,3038.125,5379.675,2025-12-13 13:00:00+01:00,2025-12-13,13,5,12,1,10642.8,16022.474999999999,42533.62500000001
2025-12-13 13:00:00+00:00,95.75750000000001,56955.025,7085.9,3195.325,3379.875,2025-12-13 14:00:00+01:00,2025-12-13,14,5,12,1,10281.224999999999,13661.099999999999,43293.925
2025-12-13 14:00:00+00:00,114.6575,56580.95,6972.25,3340.325,1136.85,2025-12-13 15:00:00+01:00,2025-12-13,15,5,12,1,10312.575,11449.425000000001,45131.524999999994
2025-12-13 15:00:00+00:00,119.7075,58375.675,7606.6,3471.625,69.45,2025-12-13 16:00:00+01:00,2025-12-13,16,5,12,1,11078.225,11147.675000000001,47228.0
2025-12-13 16:00:00+00:00,118.4475,60048.825,8439.15,3624.75,0.0,2025-12-13 17:00:00+01:00,2025-12-13,17,5,12,1,12063.9,12063.9,47984.924999999996
2025-12-13 17:00:00+00:00,112.255,60373.825,8914.675,3851.875,0.0,2025-12-13 18:00:00+01:00,2025-12-13,18,5,12,1,12766.55,12766.55,47607.274999999994
2025-12-13 18:00:00+00:00,103.63,58902.025,9157.725,4279.575,0.0,2025-12-13 19:00:00+01:00,2025-12-13,19,5,12,1,13437.3,13437.3,45464.725000000006
2025-12-13 19:00:00+00:00,91.7075,55988.7,9385.849999999999,4815.15,0.0,2025-12-13 20:00:00+01:00,2025-12-13,20,5,12,1,14200.999999999998,14200.999999999998,41787.7
2025-12-13 20:00:00+00:00,90.5575,53527.5,9382.675,5312.775,0.0,2025-12-13 21:00:00+01:00,2025-12-13,21,5,12,1,14695.449999999999,14695.449999999999,38832.05
2025-12-13 21:00:00+00:00,93.685,51514.075,9162.025,5772.675,0.0,2025-12-13 22:00:00+01:00,2025-12-13,22,5,12,1,14934.7,14934.7,36579.375
2025-12-13 22:00:00+00:00,84.3875,48625.375,9198.05,6055.0,0.0,2025-12-13 23:00:00+01:00,2025-12-13,23,5,12,1,15253.05,15253.05,33372.325
2025-12-13 23:00:00+00:00,91.195,45874.0,9246.925,6143.225,0.0,2025-12-14 00:00:00+01:00,2025-12-14,0,6,12,1,15390.15,15390.15,30483.85
2025-12-14 00:00:00+00:00,90.52250000000001,44223.125,9281.025,6158.549999999999,0.0,2025-12-14 01:00:00+01:00,2025-12-14,1,6,12,1,15439.574999999999,15439.574999999999,28783.550000000003
2025-12-14 01:00:00+00:00,81.9,43817.2,9498.325,6007.375,0.0,2025-12-14 02:00:00+01:00,2025-12-14,2,6,12,1,15505.7,15505.7,28311.499999999996
2025-12-14 02:00:00+00:00,79.95,43326.525,10014.025,6021.55,0.0,2025-12-14 03:00:00+01:00,2025-12-14,3,6,12,1,16035.575,16035.575,27290.95
2025-12-14 03:00:00+00:00,77.305,43314.95,10660.2,6019.075,0.0,2025-12-14 04:00:00+01:00,2025-12-14,4,6,12,1,16679.275,16679.275,26635.674999999996
2025-12-14 04:00:00+00:00,78.7625,43420.275,11338.875,6019.65,0.0,2025-12-14 05:00:00+01:00,2025-12-14,5,6,12,1,17358.525,17358.525,26061.75
2025-12-14 05:00:00+00:00,77.175,44889.75,12333.0,5992.7,0.0,2025-12-14 06:00:00+01:00,2025-12-14,6,6,12,1,18325.7,18325.7,26564.05
2025-12-14 06:00:00+00:00,77.4725,47517.625,13035.9,6009.65,0.1,2025-12-14 07:00:00+01:00,2025-12-14,7,6,12,1,19045.55,19045.649999999998,28471.975000000002
2025-12-14 07:00:00+00:00,81.76,50762.2,13804.375,6003.375,395.225,2025-12-14 08:00:00+01:00,2025-12-14,8,6,12,1,19807.75,20202.975,30559.225
2025-12-14 08:00:00+00:00,82.345,53558.8,14594.675,5969.825,2260.975,2025-12-14 09:00:00+01:00,2025-12-14,9,6,12,1,20564.5,22825.475,30733.325000000004
2025-12-14 09:00:00+00:00,80.005,55733.675,14804.65,5940.175,4634.825,2025-12-14 10:00:00+01:00,2025-12-14,10,6,12,1,20744.825,25379.65,30354.025
2025-12-14 10:00:00+00:00,84.0775,57309.55,14639.1,5922.425,6329.35,2025-12-14 11:00:00+01:00,2025-12-14,11,6,12,1,20561.525,26890.875,30418.675000000003
2025-12-14 11:00:00+00:00,87.27250000000001,57002.3,14558.025,5931.474999999999,6855.025,2025-12-14 12:00:00+01:00,2025-12-14,12,6,12,1,20489.5,27344.525,29657.775
2025-12-14 12:00:00+00:00,86.95750000000001,55722.125,14465.375,5962.4,5940.125,2025-12-14 13:00:00+01:00,2025-12-14,13,6,12,1,20427.775,26367.9,29354.225
2025-12-14 13:00:00+00:00,88.65,54716.6,14421.8,5998.525,3771.75,2025-12-14 14:00:00+01:00,2025-12-14,14,6,12,1,20420.324999999997,24192.074999999997,30524.525
2025-12-14 14:00:00+00:00,92.0975,54686.875,14931.099999999999,6032.65,1251.225,2025-12-14 15:00:00+01:00,2025-12-14,15,6,12,1,20963.75,22214.975,32471.9
2025-12-14 15:00:00+00:00,99.2825,56145.675,15991.3,6056.724999999999,89.35000000000001,2025-12-14 16:00:00+01:00,2025-12-14,16,6,12,1,22048.024999999998,22137.374999999996,34008.3
2025-12-14 16:00:00+00:00,102.785,58663.475,17060.25,6071.775,0.0,2025-12-14 17:00:00+01:00,2025-12-14,17,6,12,1,23132.025,23132.025,35531.45
2025-12-14 17:00:00+00:00,103.2925,59316.025,17854.475,6065.525,0.0,2025-12-14 18:00:00+01:00,2025-12-14,18,6,12,1,23920.0,23920.0,35396.025
2025-12-14 18:00:00+00:00,92.99,58531.875,18397.575,6054.775,0.0,2025-12-14 19:00:00+01:00,2025-12-14,19,6,12,1,24452.35,24452.35,34079.525
2025-12-14 19:00:00+00:00,90.39750000000001,56034.075,18953.425,6041.425,0.0,2025-12-14 20:00:00+01:00,2025-12-14,20,6,12,1,24994.85,24994.85,31039.225
2025-12-14 20:00:00+00:00,84.4025,53351.375,19181.5,6025.95,0.0,2025-12-14 21:00:00+01:00,2025-12-14,21,6,12,1,25207.45,25207.45,28143.925
2025-12-14 21:00:00+00:00,82.65,51613.95,18764.35,6147.375,0.0,2025-12-14 22:00:00+01:00,2025-12-14,22,6,12,1,24911.725,24911.725,26702.225
2025-12-14 22:00:00+00:00,75.75,48981.95,18526.625,6063.275,0.0,2025-12-14 23:00:00+01:00,2025-12-14,23,6,12,1,24589.9,24589.9,24392.049999999996
2025-12-14 23:00:00+00:00,72.5,45868.25,18407.725,6212.85,0.0,2025-12-15 00:00:00+01:00,2025-12-15,0,0,12,0,24620.574999999997,24620.574999999997,21247.675000000003
2025-12-15 00:00:00+00:00,71.8775,44721.575,18535.275,6318.025,0.0,2025-12-15 01:00:00+01:00,2025-12-15,1,0,12,0,24853.300000000003,24853.300000000003,19868.274999999994
2025-12-15 01:00:00+00:00,71.0375,44401.45,18640.025,6365.9,0.0,2025-12-15 02:00:00+01:00,2025-12-15,2,0,12,0,25005.925000000003,25005.925000000003,19395.524999999994
2025-12-15 02:00:00+00:00,70.6675,44512.725,18750.075,6362.05,0.0,2025-12-15 03:00:00+01:00,2025-12-15,3,0,12,0,25112.125,25112.125,19400.6
2025-12-15 03:00:00+00:00,75.28,46165.975,18613.175,6327.425,0.0,2025-12-15 04:00:00+01:00,2025-12-15,4,0,12,0,24940.6,24940.6,21225.375
2025-12-15 04:00:00+00:00,76.8025,51245.775,18411.1,6271.95,0.0,2025-12-15 05:00:00+01:00,2025-12-15,5,0,12,0,24683.05,24683.05,26562.725000000002
2025-12-15 05:00:00+00:00,86.525,59772.4,18758.75,6225.95,0.0,2025-12-15 06:00:00+01:00,2025-12-15,6,0,12,0,24984.7,24984.7,34787.7
2025-12-15 06:00:00+00:00,98.78999999999999,66321.275,18567.85,6213.849999999999,0.125,2025-12-15 07:00:00+01:00,2025-12-15,7,0,12,0,24781.699999999997,24781.824999999997,41539.45
2025-12-15 07:00:00+00:00,101.1275,68898.625,18593.75,6169.35,937.475,2025-12-15 08:00:00+01:00,2025-12-15,8,0,12,0,24763.1,25700.574999999997,43198.05
2025-12-15 08:00:00+00:00,96.64999999999999,68996.675,18469.6,6209.9,5412.0,2025-12-15 09:00:00+01:00,2025-12-15,9,0,12,0,24679.5,30091.5,38905.175
2025-12-15 09:00:00+00:00,89.61500000000001,69465.975,17292.925000000003,6125.8,10599.3,2025-12-15 10:00:00+01:00,2025-12-15,10,0,12,0,23418.725000000002,34018.025,35447.950000000004
2025-12-15 10:00:00+00:00,79.7225,70036.275,15048.6,5994.975,14660.825,2025-12-15 11:00:00+01:00,2025-12-15,11,0,12,0,21043.575,35704.4,34331.87499999999
2025-12-15 11:00:00+00:00,79.77,69171.575,12847.9,5808.275,16267.25,2025-12-15 12:00:00+01:00,2025-12-15,12,0,12,0,18656.175,34923.425,34248.149999999994
2025-12-15 12:00:00+00:00,88.26,67898.525,12152.4,5618.875,14140.375,2025-12-15 13:00:00+01:00,2025-12-15,13,0,12,0,17771.275,31911.65,35986.87499999999
2025-12-15 13:00:00+00:00,95.4375,66568.05,13194.375,5442.475,9119.4,2025-12-15 14:00:00+01:00,2025-12-15,14,0,12,0,18636.85,27756.25,38811.8
2025-12-15 14:00:00+00:00,107.3,66400.375,14965.85,5300.35,3135.6,2025-12-15 15:00:00+01:00,2025-12-15,15,0,12,0,20266.2,23401.8,42998.575
2025-12-15 15:00:00+00:00,108.655,67184.525,17220.425,5228.75,165.79999999999998,2025-12-15 16:00:00+01:00,2025-12-15,16,0,12,0,22449.175,22614.975,44569.549999999996
2025-12-15 16:00:00+00:00,104.21249999999999,69165.825,19715.85,5158.075,0.0,2025-12-15 17:00:00+01:00,2025-12-15,17,0,12,0,24873.925,24873.925,44291.899999999994
2025-12-15 17:00:00+00:00,98.1575,69537.575,21389.6,5057.925,0.0,2025-12-15 18:00:00+01:00,2025-12-15,18,0,12,0,26447.524999999998,26447.524999999998,43090.05
2025-12-15 18:00:00+00:00,90.41749999999999,67517.675,22253.325,4896.2,0.0,2025-12-15 19:00:00+01:00,2025-12-15,19,0,12,0,27149.525,27149.525,40368.15
2025-12-15 19:00:00+00:00,84.25,64180.95,22808.05,4907.2,0.0,2025-12-15 20:00:00+01:00,2025-12-15,20,0,12,0,27715.25,27715.25,36465.7
2025-12-15 20:00:00+00:00,85.17,60579.875,22744.8,4899.725,0.0,2025-12-15 21:00:00+01:00,2025-12-15,21,0,12,0,27644.525,27644.525,32935.35
2025-12-15 21:00:00+00:00,84.9775,57324.45,21913.7,4864.4,0.0,2025-12-15 22:00:00+01:00,2025-12-15,22,0,12,0,26778.1,26778.1,30546.35
2025-12-15 22:00:00+00:00,80.4625,53122.75,21315.1,4865.525,0.0,2025-12-15 23:00:00+01:00,2025-12-15,23,0,12,0,26180.625,26180.625,26942.125
2025-12-15 23:00:00+00:00,80.67,50389.55,19357.625,4254.75,0.0,2025-12-16 00:00:00+01:00,2025-12-16,0,1,12,0,23612.375,23612.375,26777.175000000003
2025-12-16 00:00:00+00:00,79.05250000000001,48860.275,18483.725,4056.0,0.0,2025-12-16 01:00:00+01:00,2025-12-16,1,1,12,0,22539.725,22539.725,26320.550000000003
2025-12-16 01:00:00+00:00,77.0975,48500.325,17834.375,3805.7,0.0,2025-12-16 02:00:00+01:00,2025-12-16,2,1,12,0,21640.075,21640.075,26860.249999999996
2025-12-16 02:00:00+00:00,79.0525,48844.350000000006,17410.55,3619.175,0.0,2025-12-16 03:00:00+01:00,2025-12-16,3,1,12,0,21029.725,21029.725,27814.625000000007
2025-12-16 03:00:00+00:00,80.3875,50135.375,17003.65,3547.525,0.0,2025-12-16 04:00:00+01:00,2025-12-16,4,1,12,0,20551.175000000003,20551.175000000003,29584.199999999997
2025-12-16 04:00:00+00:00,82.3125,53835.775,16536.3,3635.225,0.0,2025-12-16 05:00:00+01:00,2025-12-16,5,1,12,0,20171.524999999998,20171.524999999998,33664.25
2025-12-16 05:00:00+00:00,88.4,60232.325,16330.449999999999,3809.95,0.0,2025-12-16 06:00:00+01:00,2025-12-16,6,1,12,0,20140.399999999998,20140.399999999998,40091.925
2025-12-16 06:00:00+00:00,91.38499999999999,65846.675,15459.675,4011.55,0.05,2025-12-16 07:00:00+01:00,2025-12-16,7,1,12,0,19471.225,19471.274999999998,46375.40000000001
2025-12-16 07:00:00+00:00,100.4675,68725.475,14784.0,4157.075,1026.35,2025-12-16 08:00:00+01:00,2025-12-16,8,1,12,0,18941.075,19967.425,48758.05
2025-12-16 08:00:00+00:00,101.265,69592.625,13887.25,4131.075,6238.975,2025-12-16 09:00:00+01:00,2025-12-16,9,1,12,0,18018.325,24257.300000000003,45335.325
2025-12-16 09:00:00+00:00,92.345,70448.95,12228.6,4001.65,11999.975,2025-12-16 10:00:00+01:00,2025-12-16,10,1,12,0,16230.25,28230.225,42218.725
2025-12-16 10:00:00+00:00,90.6075,70945.1,9994.7,3780.425,15559.825,2025-12-16 11:00:00+01:00,2025-12-16,11,1,12,0,13775.125,29334.95,41610.15000000001
2025-12-16 11:00:00+00:00,91.5125,70495.025,7693.925,3384.675,16154.15,2025-12-16 12:00:00+01:00,2025-12-16,12,1,12,0,11078.6,27232.75,43262.274999999994
2025-12-16 12:00:00+00:00,99.885,69059.3,6328.375,2881.95,13574.599999999999,2025-12-16 13:00:00+01:00,2025-12-16,13,1,12,0,9210.325,22784.925,46274.375
2025-12-16 13:00:00+00:00,124.39750000000001,67200.225,5478.525,2456.025,8475.175,2025-12-16 14:00:00+01:00,2025-12-16,14,1,12,0,7934.549999999999,16409.725,50790.50000000001
2025-12-16 14:00:00+00:00,139.3775,67105.17499999999,5718.325,2188.325,2671.925,2025-12-16 15:00:00+01:00,2025-12-16,15,1,12,0,7906.65,10578.575,56526.59999999999
2025-12-16 15:00:00+00:00,155.3125,67692.95,6666.799999999999,2106.4750000000004,107.27499999999999,2025-12-16 16:00:00+01:00,2025-12-16,16,1,12,0,8773.275,8880.55,58812.399999999994
2025-12-16 16:00:00+00:00,162.20499999999998,69250.0,7180.525,2117.6000000000004,0.0,2025-12-16 17:00:00+01:00,2025-12-16,17,1,12,0,9298.125,9298.125,59951.875
2025-12-16 17:00:00+00:00,142.25,69003.95,7465.375,2112.475,0.0,2025-12-16 18:00:00+01:00,2025-12-16,18,1,12,0,9577.85,9577.85,59426.1
2025-12-16 18:00:00+00:00,137.0975,67457.25,7399.6,2047.675,0.0,2025-12-16 19:00:00+01:00,2025-12-16,19,1,12,0,9447.275,9447.275,58009.975
2025-12-16 19:00:00+00:00,128.85,63939.125,7077.375,1900.85,0.0,2025-12-16 20:00:00+01:00,2025-12-16,20,1,12,0,8978.225,8978.225,54960.9
2025-12-16 20:00:00+00:00,118.9425,60331.15,6690.95,1810.775,0.0,2025-12-16 21:00:00+01:00,2025-12-16,21,1,12,0,8501.725,8501.725,51829.425
2025-12-16 21:00:00+00:00,115.575,56929.55,6199.025000000001,1701.25,0.0,2025-12-16 22:00:00+01:00,2025-12-16,22,1,12,0,7900.275000000001,7900.275000000001,49029.275
2025-12-16 22:00:00+00:00,103.42,53278.8,6149.225,1544.825,0.0,2025-12-16 23:00:00+01:00,2025-12-16,23,1,12,0,7694.05,7694.05,45584.75
2025-12-16 23:00:00+00:00,89.0025,48370.375,8335.6,2318.775,0.0,2025-12-17 00:00:00+01:00,2025-12-17,0,2,12,0,10654.375,10654.375,37716.0
2025-12-17 00:00:00+00:00,89.79,47026.075,8260.2,1983.025,0.0,2025-12-17 01:00:00+01:00,2025-12-17,1,2,12,0,10243.225,10243.225,36782.85
2025-12-17 01:00:00+00:00,86.4925,46455.375,8351.425,1644.075,0.0,2025-12-17 02:00:00+01:00,2025-12-17,2,2,12,0,9995.5,9995.5,36459.875
2025-12-17 02:00:00+00:00,85.025,46803.2,8604.275,1364.9,0.0,2025-12-17 03:00:00+01:00,2025-12-17,3,2,12,0,9969.175,9969.175,36834.024999999994
2025-12-17 03:00:00+00:00,88.0775,48370.025,8889.375,1199.85,0.0,2025-12-17 04:00:00+01:00,2025-12-17,4,2,12,0,10089.225,10089.225,38280.8
2025-12-17 04:00:00+00:00,90.4975,51996.2,9204.325,1089.2,0.0,2025-12-17 05:00:00+01:00,2025-12-17,5,2,12,0,10293.525000000001,10293.525000000001,41702.674999999996
2025-12-17 05:00:00+00:00,95.4875,58569.850000000006,9719.45,989.375,0.0,2025-12-17 06:00:00+01:00,2025-12-17,6,2,12,0,10708.825,10708.825,47861.02500000001
2025-12-17 06:00:00+00:00,108.825,64964.725000000006,10203.15,865.85,0.0,2025-12-17 07:00:00+01:00,2025-12-17,7,2,12,0,11069.0,11069.0,53895.725000000006
2025-12-17 07:00:00+00:00,133.46,67387.0,10678.925,740.1,884.225,2025-12-17 08:00:00+01:00,2025-12-17,8,2,12,0,11419.025,12303.25,55083.75
2025-12-17 08:00:00+00:00,126.295,67607.04999999999,10897.45,600.5,5133.225,2025-12-17 09:00:00+01:00,2025-12-17,9,2,12,0,11497.95,16631.175000000003,50975.874999999985
2025-12-17 09:00:00+00:00,124.535,68388.625,10452.8,477.5,9716.775,2025-12-17 10:00:00+01:00,2025-12-17,10,2,12,0,10930.3,20647.074999999997,47741.55
2025-12-17 10:00:00+00:00,118.15,69243.6,9355.225,425.525,12488.05,2025-12-17 11:00:00+01:00,2025-12-17,11,2,12,0,9780.75,22268.8,46974.8
2025-12-17 11:00:00+00:00,111.895,68678.7,7992.224999999999,482.7,12651.575,2025-12-17 12:00:00+01:00,2025-12-17,12,2,12,0,8474.925,21126.5,47552.2
2025-12-17 12:00:00+00:00,122.6575,67514.625,7083.425,676.75,10336.2,2025-12-17 13:00:00+01:00,2025-12-17,13,2,12,0,7760.175,18096.375,49418.25
2025-12-17 13:00:00+00:00,129.97,65923.0,6822.5,1027.6,6370.375,2025-12-17 14:00:00+01:00,2025-12-17,14,2,12,0,7850.1,14220.475,51702.525
2025-12-17 14:00:00+00:00,127.5025,65451.025,7177.85,1508.625,2076.0,2025-12-17 15:00:00+01:00,2025-12-17,15,2,12,0,8686.475,10762.475,54688.55
2025-12-17 15:00:00+00:00,126.4975,66079.525,8132.05,2076.25,109.875,2025-12-17 16:00:00+01:00,2025-12-17,16,2,12,0,10208.3,10318.175,55761.34999999999
2025-12-17 16:00:00+00:00,122.825,67728.65,9110.6,2764.175,0.0,2025-12-17 17:00:00+01:00,2025-12-17,17,2,12,0,11874.775000000001,11874.775000000001,55853.87499999999
2025-12-17 17:00:00+00:00,111.4,67567.075,9841.2,3553.925,0.0,2025-12-17 18:00:00+01:00,2025-12-17,18,2,12,0,13395.125,13395.125,54171.95
2025-12-17 18:00:00+00:00,97.505,65726.175,10613.6,4337.775000000001,0.0,2025-12-17 19:00:00+01:00,2025-12-17,19,2,12,0,14951.375,14951.375,50774.8
2025-12-17 19:00:00+00:00,94.71000000000001,62226.85,11650.7,5045.525,0.0,2025-12-17 20:00:00+01:00,2025-12-17,20,2,12,0,16696.225,16696.225,45530.625
2025-12-17 20:00:00+00:00,94.7025,58618.0,12571.45,5550.15,0.0,2025-12-17 21:00:00+01:00,2025-12-17,21,2,12,0,18121.6,18121.6,40496.4
2025-12-17 21:00:00+00:00,93.2175,55128.6,13346.875,5739.625,0.0,2025-12-17 22:00:00+01:00,2025-12-17,22,2,12,0,19086.5,19086.5,36042.1
2025-12-17 22:00:00+00:00,85.0,51213.95,14285.675,5799.825,0.0,2025-12-17 23:00:00+01:00,2025-12-17,23,2,12,0,20085.5,20085.5,31128.449999999997
2025-12-17 23:00:00+00:00,77.755,48512.6,16241.9,5809.1,0.0,2025-12-18 00:00:00+01:00,2025-12-18,0,3,12,0,22051.0,22051.0,26461.6
2025-12-18 00:00:00+00:00,69.065,47001.675,17701.475,5859.474999999999,0.0,2025-12-18 01:00:00+01:00,2025-12-18,1,3,12,0,23560.949999999997,23560.949999999997,23440.725000000006
2025-12-18 01:00:00+00:00,60.1275,46578.25,19551.85,5757.825000000001,0.0,2025-12-18 02:00:00+01:00,2025-12-18,2,3,12,0,25309.675,25309.675,21268.575
2025-12-18 02:00:00+00:00,48.89,46961.025,21535.15,5612.9,0.0,2025-12-18 03:00:00+01:00,2025-12-18,3,3,12,0,27148.050000000003,27148.050000000003,19812.975
2025-12-18 03:00:00+00:00,44.817499999999995,48231.725,23168.55,5486.625,0.0,2025-12-18 04:00:00+01:00,2025-12-18,4,3,12,0,28655.175,28655.175,19576.55
2025-12-18 04:00:00+00:00,50.8275,51327.275,24775.675,5487.200000000001,0.0,2025-12-18 05:00:00+01:00,2025-12-18,5,3,12,0,30262.875,30262.875,21064.4
2025-12-18 05:00:00+00:00,63.24250000000001,57445.25,26815.899999999998,5435.6,0.0,2025-12-18 06:00:00+01:00,2025-12-18,6,3,12,0,32251.5,32251.5,25193.75
2025-12-18 06:00:00+00:00,81.525,62778.525,27949.75,5492.45,0.0,2025-12-18 07:00:00+01:00,2025-12-18,7,3,12,0,33442.2,33442.2,29336.325000000004
2025-12-18 07:00:00+00:00,90.74249999999999,65645.85,28785.925,5550.95,917.6999999999999,2025-12-18 08:00:00+01:00,2025-12-18,8,3,12,0,34336.875,35254.575,30391.27500000001
2025-12-18 08:00:00+00:00,88.5575,66316.025,29057.825,5571.25,5109.275,2025-12-18 09:00:00+01:00,2025-12-18,9,3,12,0,34629.075,39738.35,26577.674999999996
2025-12-18 09:00:00+00:00,78.2825,67024.575,28386.4,5618.7,10038.1,2025-12-18 10:00:00+01:00,2025-12-18,10,3,12,0,34005.1,44043.2,22981.375
2025-12-18 10:00:00+00:00,78.2875,67439.625,26478.3,5672.775,13529.425,2025-12-18 11:00:00+01:00,2025-12-18,11,3,12,0,32151.074999999997,45680.5,21759.125
2025-12-18 11:00:00+00:00,77.4225,66946.95,23916.275,5848.525,14460.525,2025-12-18 12:00:00+01:00,2025-12-18,12,3,12,0,29764.800000000003,44225.325000000004,22721.624999999993
2025-12-18 12:00:00+00:00,79.47749999999999,65386.775,21906.325,5985.825,12723.725,2025-12-18 13:00:00+01:00,2025-12-18,13,3,12,0,27892.15,40615.875,24770.9
2025-12-18 13:00:00+00:00,103.755,64066.65,21053.475,5947.6,8330.6,2025-12-18 14:00:00+01:00,2025-12-18,14,3,12,0,27001.074999999997,35331.674999999996,28734.975000000006
2025-12-18 14:00:00+00:00,114.4925,63666.65,21756.375,5861.0,2818.15,2025-12-18 15:00:00+01:00,2025-12-18,15,3,12,0,27617.375,30435.525,33231.125
2025-12-18 15:00:00+00:00,110.8825,64620.35,23982.125,5991.3,150.54999999999998,2025-12-18 16:00:00+01:00,2025-12-18,16,3,12,0,29973.425,30123.975,34496.375
2025-12-18 16:00:00+00:00,103.4175,66418.025,27209.95,6144.125,0.0,2025-12-18 17:00:00+01:00,2025-12-18,17,3,12,0,33354.075,33354.075,33063.95
2025-12-18 17:00:00+00:00,88.255,66786.525,30456.825,6153.075,0.0,2025-12-18 18:00:00+01:00,2025-12-18,18,3,12,0,36609.9,36609.9,30176.624999999993
2025-12-18 18:00:00+00:00,80.14,64712.525,33111.425,6009.3,0.0,2025-12-18 19:00:00+01:00,2025-12-18,19,3,12,0,39120.725000000006,39120.725000000006,25591.799999999996
2025-12-18 19:00:00+00:00,67.6825,61169.225,35308.9,5900.575,0.0,2025-12-18 20:00:00+01:00,2025-12-18,20,3,12,0,41209.475,41209.475,19959.75
2025-12-18 20:00:00+00:00,53.254999999999995,57873.425,36478.825,5725.25,0.0,2025-12-18 21:00:00+01:00,2025-12-18,21,3,12,0,42204.075,42204.075,15669.350000000006
2025-12-18 21:00:00+00:00,51.8,54593.15,36194.2,5665.225,0.0,2025-12-18 22:00:00+01:00,2025-12-18,22,3,12,0,41859.424999999996,41859.424999999996,12733.725000000006
2025-12-18 22:00:00+00:00,18.6525,51118.825,36388.575,5654.125,0.0,2025-12-18 23:00:00+01:00,2025-12-18,23,3,12,0,42042.7,42042.7,9076.125
2025-12-18 23:00:00+00:00,9.84,48378.6,36021.05,5693.2,0.0,2025-12-19 00:00:00+01:00,2025-12-19,0,4,12,0,41714.25,41714.25,6664.3499999999985
2025-12-19 00:00:00+00:00,5.8575,46662.3,35681.875,5698.225,0.0,2025-12-19 01:00:00+01:00,2025-12-19,1,4,12,0,41380.1,41380.1,5282.200000000004
2025-12-19 01:00:00+00:00,4.33,46053.35,35399.175,5715.45,0.0,2025-12-19 02:00:00+01:00,2025-12-19,2,4,12,0,41114.625,41114.625,4938.7249999999985
2025-12-19 02:00:00+00:00,3.515,46231.3,34851.75,5758.925,0.0,2025-12-19 03:00:00+01:00,2025-12-19,3,4,12,0,40610.675,40610.675,5620.625
2025-12-19 03:00:00+00:00,4.115,47641.775,33991.15,5832.25,0.0,2025-12-19 04:00:00+01:00,2025-12-19,4,4,12,0,39823.4,39823.4,7818.375
2025-12-19 04:00:00+00:00,10.775,50962.2,32985.625,5908.65,0.0,2025-12-19 05:00:00+01:00,2025-12-19,5,4,12,0,38894.275,38894.275,12067.924999999996
2025-12-19 05:00:00+00:00,40.28,57060.25,32552.85,5955.05,0.0,2025-12-19 06:00:00+01:00,2025-12-19,6,4,12,0,38507.9,38507.9,18552.35
2025-12-19 06:00:00+00:00,76.7125,63003.85,31119.05,5815.05,0.0,2025-12-19 07:00:00+01:00,2025-12-19,7,4,12,0,36934.1,36934.1,26069.75
2025-12-19 07:00:00+00:00,89.5425,66404.575,29869.1,5500.475,750.475,2025-12-19 08:00:00+01:00,2025-12-19,8,4,12,0,35369.575,36120.049999999996,30284.525
2025-12-19 08:00:00+00:00,89.38499999999999,66954.625,28391.875,5459.75,3871.125,2025-12-19 09:00:00+01:00,2025-12-19,9,4,12,0,33851.625,37722.75,29231.875
2025-12-19 09:00:00+00:00,89.23,67421.375,26312.6,5384.425,7190.725,2025-12-19 10:00:00+01:00,2025-12-19,10,4,12,0,31697.024999999998,38887.75,28533.625
2025-12-19 10:00:00+00:00,87.49000000000001,67624.275,23700.275,5388.425,8910.15,2025-12-19 11:00:00+01:00,2025-12-19,11,4,12,0,29088.7,37998.85,29625.424999999996
2025-12-19 11:00:00+00:00,84.57249999999999,67013.15,20708.975,5499.575,8768.0,2025-12-19 12:00:00+01:00,2025-12-19,12,4,12,0,26208.55,34976.55,32036.59999999999
2025-12-19 12:00:00+00:00,87.625,65526.4,18216.8,5638.825,7042.675,2025-12-19 13:00:00+01:00,2025-12-19,13,4,12,0,23855.625,30898.3,34628.100000000006
2025-12-19 13:00:00+00:00,93.3475,63899.275,16403.25,5806.95,4259.225,2025-12-19 14:00:00+01:00,2025-12-19,14,4,12,0,22210.2,26469.425000000003,37429.85
2025-12-19 14:00:00+00:00,97.4025,62960.25,15362.824999999999,6018.725,1359.6,2025-12-19 15:00:00+01:00,2025-12-19,15,4,12,0,21381.55,22741.149999999998,40219.100000000006
2025-12-19 15:00:00+00:00,100.3325,63866.45,15024.975,6192.55,99.0,2025-12-19 16:00:00+01:00,2025-12-19,16,4,12,0,21217.525,21316.525,42549.924999999996
2025-12-19 16:00:00+00:00,106.905,65060.95,14919.075,6262.55,0.0,2025-12-19 17:00:00+01:00,2025-12-19,17,4,12,0,21181.625,21181.625,43879.325
2025-12-19 17:00:00+00:00,107.48,64863.275,14917.275000000001,6251.6,0.0,2025-12-19 18:00:00+01:00,2025-12-19,18,4,12,0,21168.875,21168.875,43694.4
2025-12-19 18:00:00+00:00,105.1225,62825.95,14853.675,6191.275,0.0,2025-12-19 19:00:00+01:00,2025-12-19,19,4,12,0,21044.949999999997,21044.949999999997,41781.0
2025-12-19 19:00:00+00:00,102.91,59010.325,14568.175,6070.225,0.0,2025-12-19 20:00:00+01:00,2025-12-19,20,4,12,0,20638.4,20638.4,38371.924999999996
2025-12-19 20:00:00+00:00,98.4625,55349.55,13677.475,5839.55,0.0,2025-12-19 21:00:00+01:00,2025-12-19,21,4,12,0,19517.025,19517.025,35832.525
2025-12-19 21:00:00+00:00,96.2775,52242.775,12307.85,5491.675,0.0,2025-12-19 22:00:00+01:00,2025-12-19,22,4,12,0,17799.525,17799.525,34443.25
2025-12-19 22:00:00+00:00,90.18,48951.95,10932.650000000001,5054.875,0.0,2025-12-19 23:00:00+01:00,2025-12-19,23,4,12,0,15987.525000000001,15987.525000000001,32964.424999999996
2025-12-19 23:00:00+00:00,84.8125,45590.7,9835.925,4772.6,0.0,2025-12-20 00:00:00+01:00,2025-12-20,0,5,12,1,14608.525,14608.525,30982.174999999996
2025-12-20 00:00:00+00:00,83.4,43800.625,8762.9,4264.15,0.0,2025-12-20 01:00:00+01:00,2025-12-20,1,5,12,1,13027.05,13027.05,30773.575
2025-12-20 01:00:00+00:00,85.0025,42791.15,7902.35,3745.225,0.0,2025-12-20 02:00:00+01:00,2025-12-20,2,5,12,1,11647.575,11647.575,31143.575
2025-12-20 02:00:00+00:00,87.4875,42567.9,7057.7,3366.725,0.0,2025-12-20 03:00:00+01:00,2025-12-20,3,5,12,1,10424.425,10424.425,32143.475000000002
2025-12-20 03:00:00+00:00,88.46000000000001,42691.05,5997.1,3178.875,0.0,2025-12-20 04:00:00+01:00,2025-12-20,4,5,12,1,9175.975,9175.975,33515.075000000004
2025-12-20 04:00:00+00:00,89.915,43849.25,4842.25,2798.35,0.0,2025-12-20 05:00:00+01:00,2025-12-20,5,5,12,1,7640.6,7640.6,36208.65
2025-12-20 05:00:00+00:00,95.975,45857.375,4008.825,2400.375,0.0,2025-12-20 06:00:00+01:00,2025-12-20,6,5,12,1,6409.2,6409.2,39448.175
2025-12-20 06:00:00+00:00,104.0,48754.075,3476.825,2055.5,0.0,2025-12-20 07:00:00+01:00,2025-12-20,7,5,12,1,5532.325,5532.325,43221.75
2025-12-20 07:00:00+00:00,113.2075,52563.575,3168.05,1736.75,585.75,2025-12-20 08:00:00+01:00,2025-12-20,8,5,12,1,4904.8,5490.55,47073.024999999994
2025-12-20 08:00:00+00:00,114.8,55283.075,2984.65,1461.525,3289.65,2025-12-20 09:00:00+01:00,2025-12-20,9,5,12,1,4446.175,7735.825000000001,47547.25
2025-12-20 09:00:00+00:00,112.66749999999999,56807.425,2835.05,1217.775,6634.775,2025-12-20 10:00:00+01:00,2025-12-20,10,5,12,1,4052.8250000000003,10687.6,46119.825000000004
2025-12-20 10:00:00+00:00,110.9875,57592.125,2652.05,970.225,8912.925,2025-12-20 11:00:00+01:00,2025-12-20,11,5,12,1,3622.275,12535.199999999999,45056.925
2025-12-20 11:00:00+00:00,110.2675,56875.55,2495.1,726.6,9255.4,2025-12-20 12:00:00+01:00,2025-12-20,12,5,12,1,3221.7,12477.099999999999,44398.450000000004
2025-12-20 12:00:00+00:00,114.9825,55408.0,2633.85,524.95,7761.325,2025-12-20 13:00:00+01:00,2025-12-20,13,5,12,1,3158.8,10920.125,44487.875
2025-12-20 13:00:00+00:00,119.4825,54239.975,3234.95,419.85,4864.475,2025-12-20 14:00:00+01:00,2025-12-20,14,5,12,1,3654.7999999999997,8519.275,45720.7
2025-12-20 14:00:00+00:00,120.6375,54265.25,4346.475,453.875,1628.775,2025-12-20 15:00:00+01:00,2025-12-20,15,5,12,1,4800.35,6429.125,47836.125
2025-12-20 15:00:00+00:00,120.205,55339.625,5837.1,608.25,100.0,2025-12-20 16:00:00+01:00,2025-12-20,16,5,12,1,6445.35,6545.35,48794.275
2025-12-20 16:00:00+00:00,122.3925,57058.65,7318.75,869.125,0.0,2025-12-20 17:00:00+01:00,2025-12-20,17,5,12,1,8187.875,8187.875,48870.775
2025-12-20 17:00:00+00:00,118.265,57551.85,8619.075,1211.275,0.0,2025-12-20 18:00:00+01:00,2025-12-20,18,5,12,1,9830.35,9830.35,47721.5
2025-12-20 18:00:00+00:00,104.11,56148.85,9728.45,1645.2,0.0,2025-12-20 19:00:00+01:00,2025-12-20,19,5,12,1,11373.650000000001,11373.650000000001,44775.2
2025-12-20 19:00:00+00:00,96.3825,53361.325,10753.075,2195.25,0.0,2025-12-20 20:00:00+01:00,2025-12-20,20,5,12,1,12948.325,12948.325,40413.0
2025-12-20 20:00:00+00:00,93.01,50908.55,11440.875,2848.3,0.0,2025-12-20 21:00:00+01:00,2025-12-20,21,5,12,1,14289.175,14289.175,36619.375
2025-12-20 21:00:00+00:00,92.245,49138.2,11741.25,3542.925,0.0,2025-12-20 22:00:00+01:00,2025-12-20,22,5,12,1,15284.175,15284.175,33854.024999999994
2025-12-20 22:00:00+00:00,90.6725,46578.899999999994,11898.75,4111.450000000001,0.0,2025-12-20 23:00:00+01:00,2025-12-20,23,5,12,1,16010.2,16010.2,30568.699999999993
2025-12-20 23:00:00+00:00,95.7,44185.625,9262.4,3254.275,0.0,2025-12-21 00:00:00+01:00,2025-12-21,0,6,12,1,12516.675,12516.675,31668.95
2025-12-21 00:00:00+00:00,90.045,42654.375,9291.975,3595.1,0.0,2025-12-21 01:00:00+01:00,2025-12-21,1,6,12,1,12887.075,12887.075,29767.3
2025-12-21 01:00:00+00:00,86.485,42098.05,9317.875,3773.3,0.0,2025-12-21 02:00:00+01:00,2025-12-21,2,6,12,1,13091.175,13091.175,29006.875000000004
2025-12-21 02:00:00+00:00,85.39500000000001,41831.6,9324.55,3786.825,0.0,2025-12-21 03:00:00+01:00,2025-12-21,3,6,12,1,13111.375,13111.375,28720.225
2025-12-21 03:00:00+00:00,85.6275,42144.375,9356.675,3689.725,0.0,2025-12-21 04:00:00+01:00,2025-12-21,4,6,12,1,13046.4,13046.4,29097.975
2025-12-21 04:00:00+00:00,86.825,43200.65,9545.25,3553.775,0.0,2025-12-21 05:00:00+01:00,2025-12-21,5,6,12,1,13099.025,13099.025,30101.625
2025-12-21 05:00:00+00:00,88.14,45568.674999999996,10100.425,3344.15,0.0,2025-12-21 06:00:00+01:00,2025-12-21,6,6,12,1,13444.574999999999,13444.574999999999,32124.1
2025-12-21 06:00:00+00:00,92.85249999999999,48337.475,10603.625,3338.8999999999996,0.0,2025-12-21 07:00:00+01:00,2025-12-21,7,6,12,1,13942.525,13942.525,34394.95
2025-12-21 07:00:00+00:00,102.14750000000001,51493.25,11258.5,3373.125,529.05,2025-12-21 08:00:00+01:00,2025-12-21,8,6,12,1,14631.625,15160.675,36332.575
2025-12-21 08:00:00+00:00,107.00999999999999,54005.525,11567.625,3433.25,3451.775,2025-12-21 09:00:00+01:00,2025-12-21,9,6,12,1,15000.875,18452.65,35552.875
2025-12-21 09:00:00+00:00,102.58250000000001,55783.425,11105.25,3440.075,7174.725,2025-12-21 10:00:00+01:00,2025-12-21,10,6,12,1,14545.325,21720.050000000003,34063.375
2025-12-21 10:00:00+00:00,101.3,57089.1,10219.075,3371.3,10273.25,2025-12-21 11:00:00+01:00,2025-12-21,11,6,12,1,13590.375,23863.625,33225.475
2025-12-21 11:00:00+00:00,98.4825,56953.275,9453.825,3279.7,11591.35,2025-12-21 12:00:00+01:00,2025-12-21,12,6,12,1,12733.525000000001,24324.875,32628.4
2025-12-21 12:00:00+00:00,94.8675,55842.0,9585.9,3298.35,10372.875,2025-12-21 13:00:00+01:00,2025-12-21,13,6,12,1,12884.25,23257.125,32584.875
2025-12-21 13:00:00+00:00,98.8925,54935.325,11049.625,3465.95,6948.974999999999,2025-12-21 14:00:00+01:00,2025-12-21,14,6,12,1,14515.575,21464.55,33470.774999999994
2025-12-21 14:00:00+00:00,100.87,55005.95,13491.7,3789.625,2565.75,2025-12-21 15:00:00+01:00,2025-12-21,15,6,12,1,17281.325,19847.075,35158.875
2025-12-21 15:00:00+00:00,97.515,56112.125,16589.475,4185.375,157.525,2025-12-21 16:00:00+01:00,2025-12-21,16,6,12,1,20774.85,20932.375,35179.75
2025-12-21 16:00:00+00:00,97.0675,58098.725,19515.850000000002,4563.75,0.0,2025-12-21 17:00:00+01:00,2025-12-21,17,6,12,1,24079.600000000002,24079.600000000002,34019.125
2025-12-21 17:00:00+00:00,90.795,58689.475,21490.525,4855.5,0.0,2025-12-21 18:00:00+01:00,2025-12-21,18,6,12,1,26346.025,26346.025,32343.449999999997
2025-12-21 18:00:00+00:00,86.14,57898.775,22657.325,5127.725,0.0,2025-12-21 19:00:00+01:00,2025-12-21,19,6,12,1,27785.050000000003,27785.050000000003,30113.725
2025-12-21 19:00:00+00:00,81.655,55714.65,23721.7,5306.1,0.0,2025-12-21 20:00:00+01:00,2025-12-21,20,6,12,1,29027.800000000003,29027.800000000003,26686.85
2025-12-21 20:00:00+00:00,78.8625,52963.3,24326.65,5420.75,0.0,2025-12-21 21:00:00+01:00,2025-12-21,21,6,12,1,29747.4,29747.4,23215.9
2025-12-21 21:00:00+00:00,77.495,50941.6,24190.074999999997,5509.675,0.0,2025-12-21 22:00:00+01:00,2025-12-21,22,6,12,1,29699.749999999996,29699.749999999996,21241.850000000002
2025-12-21 22:00:00+00:00,70.905,48190.675,24295.275,5557.3,0.0,2025-12-21 23:00:00+01:00,2025-12-21,23,6,12,1,29852.575,29852.575,18338.100000000002
2025-12-21 23:00:00+00:00,70.22749999999999,45529.85,23191.35,5523.425,0.0,2025-12-22 00:00:00+01:00,2025-12-22,0,0,12,0,28714.774999999998,28714.774999999998,16815.075
2025-12-22 00:00:00+00:00,68.8275,44224.65,22635.65,5552.625,0.0,2025-12-22 01:00:00+01:00,2025-12-22,1,0,12,0,28188.275,28188.275,16036.375
2025-12-22 01:00:00+00:00,67.785,43995.9,21988.7,5612.625,0.0,2025-12-22 02:00:00+01:00,2025-12-22,2,0,12,0,27601.325,27601.325,16394.575
2025-12-22 02:00:00+00:00,66.31,44021.325,21170.0,5683.55,0.0,2025-12-22 03:00:00+01:00,2025-12-22,3,0,12,0,26853.55,26853.55,17167.774999999998
2025-12-22 03:00:00+00:00,71.5175,45316.4,20537.2,5754.575,0.0,2025-12-22 04:00:00+01:00,2025-12-22,4,0,12,0,26291.775,26291.775,19024.625
2025-12-22 04:00:00+00:00,74.1125,49802.775,20130.9,5831.775,0.0,2025-12-22 05:00:00+01:00,2025-12-22,5,0,12,0,25962.675000000003,25962.675000000003,23840.1
2025-12-22 05:00:00+00:00,78.1875,57586.825,20120.8,5902.125,0.0,2025-12-22 06:00:00+01:00,2025-12-22,6,0,12,0,26022.925,26022.925,31563.899999999998
2025-12-22 06:00:00+00:00,90.4475,63346.95,19560.0,6148.525,0.0,2025-12-22 07:00:00+01:00,2025-12-22,7,0,12,0,25708.525,25708.525,37638.424999999996
2025-12-22 07:00:00+00:00,93.3425,66416.975,19070.075,6045.35,464.67499999999995,2025-12-22 08:00:00+01:00,2025-12-22,8,0,12,0,25115.425000000003,25580.100000000002,40836.875
2025-12-22 08:00:00+00:00,90.79249999999999,67555.175,18551.525,5966.875,2894.45,2025-12-22 09:00:00+01:00,2025-12-22,9,0,12,0,24518.4,27412.850000000002,40142.325
2025-12-22 09:00:00+00:00,89.2475,67803.75,17535.6,5855.225,5820.35,2025-12-22 10:00:00+01:00,2025-12-22,10,0,12,0,23390.824999999997,29211.174999999996,38592.575000000004
2025-12-22 10:00:00+00:00,85.0,68052.1,16128.45,5713.625,7902.525,2025-12-22 11:00:00+01:00,2025-12-22,11,0,12,0,21842.075,29744.6,38307.50000000001
2025-12-22 11:00:00+00:00,86.34,67225.725,15056.05,5596.625,8553.2,2025-12-22 12:00:00+01:00,2025-12-22,12,0,12,0,20652.675,29205.875,38019.850000000006
2025-12-22 12:00:00+00:00,88.615,66156.575,14873.95,5555.275,7432.125,2025-12-22 13:00:00+01:00,2025-12-22,13,0,12,0,20429.225,27861.35,38295.225
2025-12-22 13:00:00+00:00,92.1225,65025.9,15631.375,5590.925,4891.5,2025-12-22 14:00:00+01:00,2025-12-22,14,0,12,0,21222.3,26113.8,38912.100000000006
2025-12-22 14:00:00+00:00,99.5375,64597.925,16798.05,5705.799999999999,1782.925,2025-12-22 15:00:00+01:00,2025-12-22,15,0,12,0,22503.85,24286.774999999998,40311.15000000001
2025-12-22 15:00:00+00:00,101.18,65526.7,18491.925,5881.525,116.6,2025-12-22 16:00:00+01:00,2025-12-22,16,0,12,0,24373.449999999997,24490.049999999996,41036.65
2025-12-22 16:00:00+00:00,107.8925,66884.15,20019.15,6034.175,0.0,2025-12-22 17:00:00+01:00,2025-12-22,17,0,12,0,26053.325,26053.325,40830.825
2025-12-22 17:00:00+00:00,100.9,66996.2,20494.0,6122.05,0.0,2025-12-22 18:00:00+01:00,2025-12-22,18,0,12,0,26616.05,26616.05,40380.149999999994
2025-12-22 18:00:00+00:00,93.78999999999999,65336.55,20283.25,6181.9,0.0,2025-12-22 19:00:00+01:00,2025-12-22,19,0,12,0,26465.15,26465.15,38871.4
2025-12-22 19:00:00+00:00,89.47749999999999,62337.95,20063.25,6201.5,0.0,2025-12-22 20:00:00+01:00,2025-12-22,20,0,12,0,26264.75,26264.75,36073.2
2025-12-22 20:00:00+00:00,84.86,58934.125,19681.975,6194.7,0.0,2025-12-22 21:00:00+01:00,2025-12-22,21,0,12,0,25876.675,25876.675,33057.45
2025-12-22 21:00:00+00:00,84.8225,55616.875,19169.85,6180.025,0.0,2025-12-22 22:00:00+01:00,2025-12-22,22,0,12,0,25349.875,25349.875,30267.0
2025-12-22 22:00:00+00:00,77.9675,51627.225,19414.375,6150.0,0.0,2025-12-22 23:00:00+01:00,2025-12-22,23,0,12,0,25564.375,25564.375,26062.85
2025-12-22 23:00:00+00:00,72.2325,48255.975,20223.9,6099.299999999999,0.0,2025-12-23 00:00:00+01:00,2025-12-23,0,1,12,0,26323.2,26323.2,21932.774999999998
2025-12-23 00:00:00+00:00,65.0325,46740.1,21095.075,6144.2,0.0,2025-12-23 01:00:00+01:00,2025-12-23,1,1,12,0,27239.275,27239.275,19500.824999999997
2025-12-23 01:00:00+00:00,62.004999999999995,46066.025,22074.15,6205.975,0.0,2025-12-23 02:00:00+01:00,2025-12-23,2,1,12,0,28280.125,28280.125,17785.9
2025-12-23 02:00:00+00:00,59.06,46146.175,22756.975,6167.75,0.0,2025-12-23 03:00:00+01:00,2025-12-23,3,1,12,0,28924.725,28924.725,17221.450000000004
2025-12-23 03:00:00+00:00,58.1125,47279.125,23288.824999999997,5922.700000000001,0.0,2025-12-23 04:00:00+01:00,2025-12-23,4,1,12,0,29211.524999999998,29211.524999999998,18067.600000000002
2025-12-23 04:00:00+00:00,59.0225,50501.825,24012.825,5895.025,0.0,2025-12-23 05:00:00+01:00,2025-12-23,5,1,12,0,29907.85,29907.85,20593.975
2025-12-23 05:00:00+00:00,67.8475,56227.5,25187.8,5673.0,0.0,2025-12-23 06:00:00+01:00,2025-12-23,6,1,12,0,30860.8,30860.8,25366.7
2025-12-23 06:00:00+00:00,78.0175,61091.125,25564.975,5718.375,0.0,2025-12-23 07:00:00+01:00,2025-12-23,7,1,12,0,31283.35,31283.35,29807.775
2025-12-23 07:00:00+00:00,83.875,64155.325,26143.775,5753.1,298.075,2025-12-23 08:00:00+01:00,2025-12-23,8,1,12,0,31896.875,32194.95,31960.374999999996
2025-12-23 08:00:00+00:00,85.465,65427.25,26551.1,5700.6,2024.75,2025-12-23 09:00:00+01:00,2025-12-23,9,1,12,0,32251.699999999997,34276.45,31150.800000000003
2025-12-23 09:00:00+00:00,83.8375,66011.8,26317.825,5622.775,4264.675,2025-12-23 10:00:00+01:00,2025-12-23,10,1,12,0,31940.6,36205.275,29806.525
2025-12-23 10:00:00+00:00,81.86749999999999,66310.8,26112.175,5598.575,5922.125,2025-12-23 11:00:00+01:00,2025-12-23,11,1,12,0,31710.75,37632.875,28677.925000000003
2025-12-23 11:00:00+00:00,80.485,65940.6,25810.9,5656.375,6434.95,2025-12-23 12:00:00+01:00,2025-12-23,12,1,12,0,31467.275,37902.225,28038.375000000007
2025-12-23 12:00:00+00:00,79.2125,64773.0,25911.975,5867.950000000001,5538.825,2025-12-23 13:00:00+01:00,2025-12-23,13,1,12,0,31779.925,37318.75,27454.25
2025-12-23 13:00:00+00:00,79.215,63723.0,26434.575,6223.5,3626.825,2025-12-23 14:00:00+01:00,2025-12-23,14,1,12,0,32658.075,36284.9,27438.1
2025-12-23 14:00:00+00:00,81.8275,63380.325,27246.2,6351.15,1302.975,2025-12-23 15:00:00+01:00,2025-12-23,15,1,12,0,33597.35,34900.325,28480.0
2025-12-23 15:00:00+00:00,83.6875,64291.025,28491.025,6617.275,99.02499999999999,2025-12-23 16:00:00+01:00,2025-12-23,16,1,12,0,35108.3,35207.325000000004,29083.699999999997
2025-12-23 16:00:00+00:00,82.4675,65034.975,29747.025,6647.675,0.0,2025-12-23 17:00:00+01:00,2025-12-23,17,1,12,0,36394.700000000004,36394.700000000004,28640.274999999994
2025-12-23 17:00:00+00:00,83.945,65022.55,30418.725,6733.450000000001,0.0,2025-12-23 18:00:00+01:00,2025-12-23,18,1,12,0,37152.175,37152.175,27870.375
2025-12-23 18:00:00+00:00,82.465,63868.175,30590.4,6743.8,0.0,2025-12-23 19:00:00+01:00,2025-12-23,19,1,12,0,37334.200000000004,37334.200000000004,26533.975
2025-12-23 19:00:00+00:00,78.005,60948.45,30472.575,6697.325000000001,0.0,2025-12-23 20:00:00+01:00,2025-12-23,20,1,12,0,37169.9,37169.9,23778.549999999996
2025-12-23 20:00:00+00:00,69.93,57538.35,29677.85,6600.1,0.0,2025-12-23 21:00:00+01:00,2025-12-23,21,1,12,0,36277.95,36277.95,21260.4
2025-12-23 21:00:00+00:00,71.83500000000001,54344.25,28074.35,6445.975,0.0,2025-12-23 22:00:00+01:00,2025-12-23,22,1,12,0,34520.325,34520.325,19823.925000000003
2025-12-23 22:00:00+00:00,64.0925,50969.8,27078.425,6256.925,0.0,2025-12-23 23:00:00+01:00,2025-12-23,23,1,12,0,33335.35,33335.35,17634.450000000004
2025-12-23 23:00:00+00:00,60.2475,46340.575,28166.5,5850.05,0.0,2025-12-24 00:00:00+01:00,2025-12-24,0,2,12,0,34016.55,34016.55,12324.024999999994
2025-12-24 00:00:00+00:00,55.8625,44913.3,27746.475,5505.3,0.0,2025-12-24 01:00:00+01:00,2025-12-24,1,2,12,0,33251.775,33251.775,11661.525000000001
2025-12-24 01:00:00+00:00,56.8,44185.025,27552.35,5227.075,0.0,2025-12-24 02:00:00+01:00,2025-12-24,2,2,12,0,32779.424999999996,32779.424999999996,11405.600000000006
2025-12-24 02:00:00+00:00,55.84,44250.524999999994,27558.525,4988.825,0.0,2025-12-24 03:00:00+01:00,2025-12-24,3,2,12,0,32547.350000000002,32547.350000000002,11703.174999999992
2025-12-24 03:00:00+00:00,55.8475,45131.5,27655.975,4859.175,0.0,2025-12-24 04:00:00+01:00,2025-12-24,4,2,12,0,32515.149999999998,32515.149999999998,12616.350000000002
2025-12-24 04:00:00+00:00,55.85,46205.6,27739.775,4803.525,0.0,2025-12-24 05:00:00+01:00,2025-12-24,5,2,12,0,32543.300000000003,32543.300000000003,13662.299999999996
2025-12-24 05:00:00+00:00,57.214999999999996,48335.6,28192.675,4749.325,0.0,2025-12-24 06:00:00+01:00,2025-12-24,6,2,12,0,32942.0,32942.0,15393.599999999999
2025-12-24 06:00:00+00:00,67.44500000000001,51859.65,27621.425,4713.725,0.0,2025-12-24 07:00:00+01:00,2025-12-24,7,2,12,0,32335.15,32335.15,19524.5
2025-12-24 07:00:00+00:00,81.0,55211.675,27208.05,4720.675,421.725,2025-12-24 08:00:00+01:00,2025-12-24,8,2,12,0,31928.725,32350.449999999997,22861.225000000006
2025-12-24 08:00:00+00:00,82.47,57413.925,26848.9,4660.575,3234.675,2025-12-24 09:00:00+01:00,2025-12-24,9,2,12,0,31509.475000000002,34744.15,22669.775
2025-12-24 09:00:00+00:00,76.02250000000001,58646.9,26739.6,4478.1,6891.975,2025-12-24 10:00:00+01:00,2025-12-24,10,2,12,0,31217.699999999997,38109.674999999996,20537.225000000006
2025-12-24 10:00:00+00:00,69.2875,59348.325,27187.2,4214.725,9524.3,2025-12-24 11:00:00+01:00,2025-12-24,11,2,12,0,31401.925000000003,40926.225000000006,18422.09999999999
2025-12-24 11:00:00+00:00,68.5125,59031.375,27624.1,3946.35,10555.575,2025-12-24 12:00:00+01:00,2025-12-24,12,2,12,0,31570.449999999997,42126.024999999994,16905.350000000006
2025-12-24 12:00:00+00:00,67.9875,57730.1,28094.55,3776.825,9451.225,2025-12-24 13:00:00+01:00,2025-12-24,13,2,12,0,31871.375,41322.6,16407.5
2025-12-24 13:00:00+00:00,73.7575,56359.025,28597.075,3813.55,6259.375,2025-12-24 14:00:00+01:00,2025-12-24,14,2,12,0,32410.625,38670.0,17689.025
2025-12-24 14:00:00+00:00,83.0525,55839.7,29262.675,4035.025,2119.125,2025-12-24 15:00:00+01:00,2025-12-24,15,2,12,0,33297.7,35416.825,20422.875
2025-12-24 15:00:00+00:00,87.9,56993.725,30589.375,4319.425,145.8,2025-12-24 16:00:00+01:00,2025-12-24,16,2,12,0,34908.8,35054.600000000006,21939.124999999993
2025-12-24 16:00:00+00:00,89.1325,58825.025,31671.4,4553.875,0.0,2025-12-24 17:00:00+01:00,2025-12-24,17,2,12,0,36225.275,36225.275,22599.75
2025-12-24 17:00:00+00:00,78.9075,58690.8,32133.35,4691.825,0.0,2025-12-24 18:00:00+01:00,2025-12-24,18,2,12,0,36825.174999999996,36825.174999999996,21865.625000000007
2025-12-24 18:00:00+00:00,71.77250000000001,57062.375,32114.225,4725.9,0.0,2025-12-24 19:00:00+01:00,2025-12-24,19,2,12,0,36840.125,36840.125,20222.25
2025-12-24 19:00:00+00:00,68.1575,54771.7,31914.375,4655.5,0.0,2025-12-24 20:00:00+01:00,2025-12-24,20,2,12,0,36569.875,36569.875,18201.824999999997
2025-12-24 20:00:00+00:00,67.9875,52644.075,31264.375,4538.7,0.0,2025-12-24 21:00:00+01:00,2025-12-24,21,2,12,0,35803.075,35803.075,16841.0
2025-12-24 21:00:00+00:00,69.0075,50457.25,29912.2,4401.6,0.0,2025-12-24 22:00:00+01:00,2025-12-24,22,2,12,0,34313.8,34313.8,16143.449999999997
2025-12-24 22:00:00+00:00,65.1625,47465.475,29180.55,4227.75,0.0,2025-12-24 23:00:00+01:00,2025-12-24,23,2,12,0,33408.3,33408.3,14057.174999999996
2025-12-24 23:00:00+00:00,63.22,42914.05,28516.225,4120.0,0.0,2025-12-25 00:00:00+01:00,2025-12-25,0,3,12,0,32636.225,32636.225,10277.825000000004
2025-12-25 00:00:00+00:00,58.4425,41264.225,27834.0,3987.25,0.0,2025-12-25 01:00:00+01:00,2025-12-25,1,3,12,0,31821.25,31821.25,9442.974999999999
2025-12-25 01:00:00+00:00,56.8575,40484.225,27159.35,3907.45,0.0,2025-12-25 02:00:00+01:00,2025-12-25,2,3,12,0,31066.8,31066.8,9417.425
2025-12-25 02:00:00+00:00,55.845,40045.775,26536.125,3903.125,0.0,2025-12-25 03:00:00+01:00,2025-12-25,3,3,12,0,30439.25,30439.25,9606.525000000001
2025-12-25 03:00:00+00:00,54.53,40088.7,26119.525,3946.95,0.0,2025-12-25 04:00:00+01:00,2025-12-25,4,3,12,0,30066.475000000002,30066.475000000002,10022.224999999995
2025-12-25 04:00:00+00:00,52.605000000000004,40346.65,25873.725,4003.0,0.0,2025-12-25 05:00:00+01:00,2025-12-25,5,3,12,0,29876.725,29876.725,10469.925000000003
2025-12-25 05:00:00+00:00,49.165,40867.325,25953.5,3996.5,0.0,2025-12-25 06:00:00+01:00,2025-12-25,6,3,12,0,29950.0,29950.0,10917.324999999997
2025-12-25 06:00:00+00:00,54.0275,42906.175,25124.2,3906.4,0.0,2025-12-25 07:00:00+01:00,2025-12-25,7,3,12,0,29030.600000000002,29030.600000000002,13875.575
2025-12-25 07:00:00+00:00,64.205,45707.275,24314.675,3761.95,1057.175,2025-12-25 08:00:00+01:00,2025-12-25,8,3,12,0,28076.625,29133.8,16573.475000000002
2025-12-25 08:00:00+00:00,64.7075,48426.55,22991.475,3562.575,7009.2,2025-12-25 09:00:00+01:00,2025-12-25,9,3,12,0,26554.05,33563.25,14863.300000000003
2025-12-25 09:00:00+00:00,53.765,50133.325,20002.2,3312.35,13717.5,2025-12-25 10:00:00+01:00,2025-12-25,10,3,12,0,23314.55,37032.05,13101.274999999994
2025-12-25 10:00:00+00:00,48.9825,51122.75,16822.65,3018.65,18063.55,2025-12-25 11:00:00+01:00,2025-12-25,11,3,12,0,19841.300000000003,37904.850000000006,13217.899999999994
2025-12-25 11:00:00+00:00,48.4875,50787.024999999994,15082.2,2724.725,19241.4,2025-12-25 12:00:00+01:00,2025-12-25,12,3,12,0,17806.925,37048.325,13738.699999999997
2025-12-25 12:00:00+00:00,47.865,49290.225,14631.3,2457.1000000000004,16701.95,2025-12-25 13:00:00+01:00,2025-12-25,13,3,12,0,17088.4,33790.350000000006,15499.874999999993
2025-12-25 13:00:00+00:00,68.5475,48083.175,15266.35,2355.65,11189.825,2025-12-25 14:00:00+01:00,2025-12-25,14,3,12,0,17622.0,28811.825,19271.350000000002
2025-12-25 14:00:00+00:00,89.41499999999999,47806.975,17363.45,2419.1,4106.825,2025-12-25 15:00:00+01:00,2025-12-25,15,3,12,0,19782.55,23889.375,23917.6
2025-12-25 15:00:00+00:00,92.235,48906.725,20198.275,2537.725,261.625,2025-12-25 16:00:00+01:00,2025-12-25,16,3,12,0,22736.0,22997.625,25909.1
2025-12-25 16:00:00+00:00,94.005,50519.925,21237.875,2550.35,0.0,2025-12-25 17:00:00+01:00,2025-12-25,17,3,12,0,23788.225,23788.225,26731.700000000004
2025-12-25 17:00:00+00:00,94.055,51160.825,20926.9,2428.85,0.0,2025-12-25 18:00:00+01:00,2025-12-25,18,3,12,0,23355.75,23355.75,27805.074999999997
2025-12-25 18:00:00+00:00,91.715,50623.025,20088.25,2248.675,0.0,2025-12-25 19:00:00+01:00,2025-12-25,19,3,12,0,22336.925,22336.925,28286.100000000002
2025-12-25 19:00:00+00:00,91.0325,48979.2,19150.025,2055.35,0.0,2025-12-25 20:00:00+01:00,2025-12-25,20,3,12,0,21205.375,21205.375,27773.824999999997
2025-12-25 20:00:00+00:00,92.7,47411.7,17797.275,1910.425,0.0,2025-12-25 21:00:00+01:00,2025-12-25,21,3,12,0,19707.7,19707.7,27703.999999999996
2025-12-25 21:00:00+00:00,96.1525,45793.525,16160.4,1783.45,0.0,2025-12-25 22:00:00+01:00,2025-12-25,22,3,12,0,17943.85,17943.85,27849.675000000003
2025-12-25 22:00:00+00:00,91.47,43342.3,15173.3,1636.825,0.0,2025-12-25 23:00:00+01:00,2025-12-25,23,3,12,0,16810.125,16810.125,26532.175000000003
2025-12-25 23:00:00+00:00,97.1,42151.625,13066.675,1315.9,0.0,2025-12-26 00:00:00+01:00,2025-12-26,0,4,12,0,14382.574999999999,14382.574999999999,27769.050000000003
2025-12-26 00:00:00+00:00,91.0525,40765.975,12729.525,1208.025,0.0,2025-12-26 01:00:00+01:00,2025-12-26,1,4,12,0,13937.55,13937.55,26828.425
2025-12-26 01:00:00+00:00,85.8175,40131.8,12393.45,1107.875,0.0,2025-12-26 02:00:00+01:00,2025-12-26,2,4,12,0,13501.325,13501.325,26630.475000000002
2025-12-26 02:00:00+00:00,83.05250000000001,39802.425,11993.400000000001,1024.8,0.0,2025-12-26 03:00:00+01:00,2025-12-26,3,4,12,0,13018.2,13018.2,26784.225000000002
2025-12-26 03:00:00+00:00,82.3925,40074.925,11804.125,1008.825,0.0,2025-12-26 04:00:00+01:00,2025-12-26,4,4,12,0,12812.95,12812.95,27261.975000000002
2025-12-26 04:00:00+00:00,82.83500000000001,40914.175,11828.35,1033.3,0.0,2025-12-26 05:00:00+01:00,2025-12-26,5,4,12,0,12861.65,12861.65,28052.525
2025-12-26 05:00:00+00:00,85.02,42155.675,12062.025,1014.25,0.0,2025-12-26 06:00:00+01:00,2025-12-26,6,4,12,0,13076.275,13076.275,29079.4
2025-12-26 06:00:00+00:00,93.11500000000001,44340.725,11932.6,960.525,0.0,2025-12-26 07:00:00+01:00,2025-12-26,7,4,12,0,12893.125,12893.125,31447.6
2025-12-26 07:00:00+00:00,98.9,47224.775,11971.7,903.875,906.1500000000001,2025-12-26 08:00:00+01:00,2025-12-26,8,4,12,0,12875.575,13781.725,33443.05
2025-12-26 08:00:00+00:00,96.73,49850.7,11835.45,844.4,6145.675,2025-12-26 09:00:00+01:00,2025-12-26,9,4,12,0,12679.85,18825.525,31025.174999999996
2025-12-26 09:00:00+00:00,89.25,51338.05,10836.725,755.025,12438.525,2025-12-26 10:00:00+01:00,2025-12-26,10,4,12,0,11591.75,24030.275,27307.775
2025-12-26 10:00:00+00:00,84.9925,52455.675,8489.25,637.15,16684.600000000002,2025-12-26 11:00:00+01:00,2025-12-26,11,4,12,0,9126.4,25811.0,26644.675000000003
2025-12-26 11:00:00+00:00,82.3125,52254.425,6376.975,532.225,18073.35,2025-12-26 12:00:00+01:00,2025-12-26,12,4,12,0,6909.200000000001,24982.55,27271.875000000004
2025-12-26 12:00:00+00:00,83.0975,50845.2,5597.25,455.1,15978.7,2025-12-26 13:00:00+01:00,2025-12-26,13,4,12,0,6052.35,22031.050000000003,28814.149999999994
2025-12-26 13:00:00+00:00,92.7,49797.925,6007.6,397.975,10736.45,2025-12-26 14:00:00+01:00,2025-12-26,14,4,12,0,6405.575000000001,17142.025,32655.9
2025-12-26 14:00:00+00:00,109.1425,49481.7,7338.75,362.275,3953.775,2025-12-26 15:00:00+01:00,2025-12-26,15,4,12,0,7701.025,11654.8,37826.899999999994
2025-12-26 15:00:00+00:00,116.77250000000001,50463.05,8687.35,343.525,251.3,2025-12-26 16:00:00+01:00,2025-12-26,16,4,12,0,9030.875,9282.175,41180.875
2025-12-26 16:00:00+00:00,120.47,51912.025,9485.8,324.9,0.0,2025-12-26 17:00:00+01:00,2025-12-26,17,4,12,0,9810.699999999999,9810.699999999999,42101.325000000004
2025-12-26 17:00:00+00:00,116.9725,52375.225,9684.2,279.55,0.0,2025-12-26 18:00:00+01:00,2025-12-26,18,4,12,0,9963.75,9963.75,42411.475
2025-12-26 18:00:00+00:00,116.2625,51361.575,9540.625,240.8,0.0,2025-12-26 19:00:00+01:00,2025-12-26,19,4,12,0,9781.425,9781.425,41580.149999999994
2025-12-26 19:00:00+00:00,113.725,49467.0,9229.625,231.325,0.0,2025-12-26 20:00:00+01:00,2025-12-26,20,4,12,0,9460.95,9460.95,40006.05
2025-12-26 20:00:00+00:00,111.5,47602.875,8897.849999999999,242.875,0.0,2025-12-26 21:00:00+01:00,2025-12-26,21,4,12,0,9140.724999999999,9140.724999999999,38462.15
2025-12-26 21:00:00+00:00,108.255,46010.275,8510.099999999999,260.0,0.0,2025-12-26 22:00:00+01:00,2025-12-26,22,4,12,0,8770.099999999999,8770.099999999999,37240.175
2025-12-26 22:00:00+00:00,99.36749999999999,43512.225,8309.875,285.6,0.0,2025-12-26 23:00:00+01:00,2025-12-26,23,4,12,0,8595.475,8595.475,34916.75
2025-12-26 23:00:00+00:00,96.69,44090.475,7738.6,359.5,0.0,2025-12-27 00:00:00+01:00,2025-12-27,0,5,12,1,8098.1,8098.1,35992.375
2025-12-27 00:00:00+00:00,91.725,42614.15,7702.25,511.025,0.0,2025-12-27 01:00:00+01:00,2025-12-27,1,5,12,1,8213.275,8213.275,34400.875
2025-12-27 01:00:00+00:00,84.7075,41792.45,7845.525,859.3,0.0,2025-12-27 02:00:00+01:00,2025-12-27,2,5,12,1,8704.824999999999,8704.824999999999,33087.625
2025-12-27 02:00:00+00:00,82.7175,41382.7,8066.875,1424.375,0.0,2025-12-27 03:00:00+01:00,2025-12-27,3,5,12,1,9491.25,9491.25,31891.449999999997
2025-12-27 03:00:00+00:00,83.9975,41484.375,8240.075,2139.125,0.0,2025-12-27 04:00:00+01:00,2025-12-27,4,5,12,1,10379.2,10379.2,31105.175
2025-12-27 04:00:00+00:00,83.17,42615.375,8484.0,2835.2,0.0,2025-12-27 05:00:00+01:00,2025-12-27,5,5,12,1,11319.2,11319.2,31296.175
2025-12-27 05:00:00+00:00,88.015,43933.1,9035.5,3381.225,0.0,2025-12-27 06:00:00+01:00,2025-12-27,6,5,12,1,12416.725,12416.725,31516.375
2025-12-27 06:00:00+00:00,99.505,46350.55,9542.425,3820.675,0.0,2025-12-27 07:00:00+01:00,2025-12-27,7,5,12,1,13363.099999999999,13363.099999999999,32987.450000000004
2025-12-27 07:00:00+00:00,102.32,49829.425,10532.975,4310.674999999999,909.025,2025-12-27 08:00:00+01:00,2025-12-27,8,5,12,1,14843.65,15752.675,34076.75
2025-12-27 08:00:00+00:00,93.81,52511.8,11858.25,4688.4,5556.9,2025-12-27 09:00:00+01:00,2025-12-27,9,5,12,1,16546.65,22103.550000000003,30408.25
2025-12-27 09:00:00+00:00,80.0325,54259.475,12851.225,4766.325,10714.4,2025-12-27 10:00:00+01:00,2025-12-27,10,5,12,1,17617.55,28331.949999999997,25927.525
2025-12-27 10:00:00+00:00,75.395,55277.5,13485.75,4731.2,14036.05,2025-12-27 11:00:00+01:00,2025-12-27,11,5,12,1,18216.95,32253.0,23024.5
2025-12-27 11:00:00+00:00,74.54,54757.675,14156.625,5029.45,14921.575,2025-12-27 12:00:00+01:00,2025-12-27,12,5,12,1,19186.075,34107.65,20650.025
2025-12-27 12:00:00+00:00,76.7375,53468.3,15291.1,5328.450000000001,13012.175,2025-12-27 13:00:00+01:00,2025-12-27,13,5,12,1,20619.550000000003,33631.725000000006,19836.574999999997
2025-12-27 13:00:00+00:00,81.19999999999999,52387.525,16269.75,5537.099999999999,8764.6,2025-12-27 14:00:00+01:00,2025-12-27,14,5,12,1,21806.85,30571.449999999997,21816.075000000004
2025-12-27 14:00:00+00:00,94.5425,51982.325,16898.625,5823.825,3374.625,2025-12-27 15:00:00+01:00,2025-12-27,15,5,12,1,22722.45,26097.075,25885.249999999996
2025-12-27 15:00:00+00:00,103.0075,53170.7,17461.125,6087.875,230.42499999999998,2025-12-27 16:00:00+01:00,2025-12-27,16,5,12,1,23549.0,23779.425,29391.274999999998
2025-12-27 16:00:00+00:00,105.925,55062.775,17431.825,6297.6,0.0,2025-12-27 17:00:00+01:00,2025-12-27,17,5,12,1,23729.425000000003,23729.425000000003,31333.35
2025-12-27 17:00:00+00:00,108.4275,55438.525,16688.3,6200.825,0.0,2025-12-27 18:00:00+01:00,2025-12-27,18,5,12,1,22889.125,22889.125,32549.4
2025-12-27 18:00:00+00:00,105.0,53771.5,15780.775,5915.625,0.0,2025-12-27 19:00:00+01:00,2025-12-27,19,5,12,1,21696.4,21696.4,32075.1
2025-12-27 19:00:00+00:00,102.5875,51057.95,14872.0,5224.55,0.0,2025-12-27 20:00:00+01:00,2025-12-27,20,5,12,1,20096.55,20096.55,30961.399999999998
2025-12-27 20:00:00+00:00,93.89500000000001,48856.75,13771.9,4289.55,0.0,2025-12-27 21:00:00+01:00,2025-12-27,21,5,12,1,18061.45,18061.45,30795.3
2025-12-27 21:00:00+00:00,95.4175,46987.225,12723.6,3431.65,0.0,2025-12-27 22:00:00+01:00,2025-12-27,22,5,12,1,16155.25,16155.25,30831.975
2025-12-27 22:00:00+00:00,91.295,44528.075,12159.475,2822.875,0.0,2025-12-27 23:00:00+01:00,2025-12-27,23,5,12,1,14982.35,14982.35,29545.725
2025-12-27 23:00:00+00:00,84.33500000000001,43083.825,11865.575,2831.65,0.0,2025-12-28 00:00:00+01:00,2025-12-28,0,6,12,1,14697.225,14697.225,28386.6
2025-12-28 00:00:00+00:00,83.37,41643.600000000006,11255.5,2411.675,0.0,2025-12-28 01:00:00+01:00,2025-12-28,1,6,12,1,13667.175,13667.175,27976.425000000007
2025-12-28 01:00:00+00:00,79.96000000000001,40908.65,10793.6,2033.95,0.0,2025-12-28 02:00:00+01:00,2025-12-28,2,6,12,1,12827.550000000001,12827.550000000001,28081.1
2025-12-28 02:00:00+00:00,78.8175,40677.75,10227.4,1779.475,0.0,2025-12-28 03:00:00+01:00,2025-12-28,3,6,12,1,12006.875,12006.875,28670.875
2025-12-28 03:00:00+00:00,80.4475,40982.875,9370.05,1633.4,0.0,2025-12-28 04:00:00+01:00,2025-12-28,4,6,12,1,11003.449999999999,11003.449999999999,29979.425000000003
2025-12-28 04:00:00+00:00,83.61,41995.0,8643.6,1536.45,0.0,2025-12-28 05:00:00+01:00,2025-12-28,5,6,12,1,10180.050000000001,10180.050000000001,31814.949999999997
2025-12-28 05:00:00+00:00,86.47749999999999,44227.075,8248.025,1455.775,0.0,2025-12-28 06:00:00+01:00,2025-12-28,6,6,12,1,9703.8,9703.8,34523.274999999994
2025-12-28 06:00:00+00:00,92.15,47075.125,7809.275,1384.125,0.0,2025-12-28 07:00:00+01:00,2025-12-28,7,6,12,1,9193.4,9193.4,37881.725
2025-12-28 07:00:00+00:00,97.3625,50140.225,7356.65,1268.375,888.9,2025-12-28 08:00:00+01:00,2025-12-28,8,6,12,1,8625.025,9513.925,40626.3
2025-12-28 08:00:00+00:00,96.565,52684.9,6623.7,1149.875,5921.675,2025-12-28 09:00:00+01:00,2025-12-28,9,6,12,1,7773.575,13695.25,38989.65
2025-12-28 09:00:00+00:00,88.2125,54556.575,5632.75,1117.75,11976.325,2025-12-28 10:00:00+01:00,2025-12-28,10,6,12,1,6750.5,18726.825,35829.75
2025-12-28 10:00:00+00:00,88.3675,55666.725,4784.8,1160.475,16358.8,2025-12-28 11:00:00+01:00,2025-12-28,11,6,12,1,5945.275,22304.074999999997,33362.65
2025-12-28 11:00:00+00:00,80.0225,55188.75,4411.05,1261.15,17841.425,2025-12-28 12:00:00+01:00,2025-12-28,12,6,12,1,5672.200000000001,23513.625,31675.125
2025-12-28 12:00:00+00:00,80.025,54107.05,4786.9,1468.325,15740.525,2025-12-28 13:00:00+01:00,2025-12-28,13,6,12,1,6255.224999999999,21995.75,32111.300000000003
2025-12-28 13:00:00+00:00,86.6775,53123.025,6015.675,1724.825,10622.375,2025-12-28 14:00:00+01:00,2025-12-28,14,6,12,1,7740.5,18362.875,34760.15
2025-12-28 14:00:00+00:00,100.87,53109.55,8005.75,2005.125,3987.675,2025-12-28 15:00:00+01:00,2025-12-28,15,6,12,1,10010.875,13998.55,39111.0
2025-12-28 15:00:00+00:00,110.8825,54278.075000000004,10438.375,2348.15,282.425,2025-12-28 16:00:00+01:00,2025-12-28,16,6,12,1,12786.525,13068.949999999999,41209.12500000001
2025-12-28 16:00:00+00:00,113.7025,56400.125,12404.05,2717.825,0.0,2025-12-28 17:00:00+01:00,2025-12-28,17,6,12,1,15121.875,15121.875,41278.25
2025-12-28 17:00:00+00:00,114.455,57455.8,13739.425,2970.275,0.0,2025-12-28 18:00:00+01:00,2025-12-28,18,6,12,1,16709.7,16709.7,40746.100000000006
2025-12-28 18:00:00+00:00,109.33250000000001,56695.925,14949.95,3181.225,0.0,2025-12-28 19:00:00+01:00,2025-12-28,19,6,12,1,18131.175,18131.175,38564.75
2025-12-28 19:00:00+00:00,105.00999999999999,54332.525,16209.75,3392.875,0.0,2025-12-28 20:00:00+01:00,2025-12-28,20,6,12,1,19602.625,19602.625,34729.9
2025-12-28 20:00:00+00:00,99.0275,52103.5,17318.375,3560.15,0.0,2025-12-28 21:00:00+01:00,2025-12-28,21,6,12,1,20878.525,20878.525,31224.975
2025-12-28 21:00:00+00:00,98.2825,50359.85,17780.0,3765.675,0.0,2025-12-28 22:00:00+01:00,2025-12-28,22,6,12,1,21545.675,21545.675,28814.175
2025-12-28 22:00:00+00:00,88.44,47883.725000000006,18458.425,3978.225,0.0,2025-12-28 23:00:00+01:00,2025-12-28,23,6,12,1,22436.649999999998,22436.649999999998,25447.075000000008
2025-12-28 23:00:00+00:00,89.88,45952.375,18506.925,4817.975,0.0,2025-12-29 00:00:00+01:00,2025-12-29,0,0,12,0,23324.9,23324.9,22627.475
2025-12-29 00:00:00+00:00,84.98249999999999,44687.05,19242.3,5095.9,0.0,2025-12-29 01:00:00+01:00,2025-12-29,1,0,12,0,24338.199999999997,24338.199999999997,20348.850000000006
2025-12-29 01:00:00+00:00,84.1825,44433.85,19724.15,5359.775,0.0,2025-12-29 02:00:00+01:00,2025-12-29,2,0,12,0,25083.925000000003,25083.925000000003,19349.924999999996
2025-12-29 02:00:00+00:00,82.19,44494.475,19817.575,5519.075,0.0,2025-12-29 03:00:00+01:00,2025-12-29,3,0,12,0,25336.65,25336.65,19157.824999999997
2025-12-29 03:00:00+00:00,83.6225,45879.35,19475.95,5626.15,0.0,2025-12-29 04:00:00+01:00,2025-12-29,4,0,12,0,25102.1,25102.1,20777.25
2025-12-29 04:00:00+00:00,90.7925,50281.55,18818.825,5585.475,0.0,2025-12-29 05:00:00+01:00,2025-12-29,5,0,12,0,24404.300000000003,24404.300000000003,25877.25
2025-12-29 05:00:00+00:00,96.3325,57814.575,18404.5,5384.475,0.0,2025-12-29 06:00:00+01:00,2025-12-29,6,0,12,0,23788.975,23788.975,34025.6
2025-12-29 06:00:00+00:00,104.7175,63317.8,17638.525,5144.725,0.0,2025-12-29 07:00:00+01:00,2025-12-29,7,0,12,0,22783.25,22783.25,40534.55
2025-12-29 07:00:00+00:00,113.8775,65925.525,17416.6,5034.6,618.35,2025-12-29 08:00:00+01:00,2025-12-29,8,0,12,0,22451.199999999997,23069.549999999996,42855.975
2025-12-29 08:00:00+00:00,111.01,66598.65,17404.1,4926.5,3834.075,2025-12-29 09:00:00+01:00,2025-12-29,9,0,12,0,22330.6,26164.675,40433.97499999999
2025-12-29 09:00:00+00:00,97.64500000000001,66575.225,17182.225,4872.85,7649.675,2025-12-29 10:00:00+01:00,2025-12-29,10,0,12,0,22055.074999999997,29704.749999999996,36870.475000000006
2025-12-29 10:00:00+00:00,90.345,66902.3,16928.325,4920.450000000001,10188.025000000001,2025-12-29 11:00:00+01:00,2025-12-29,11,0,12,0,21848.775,32036.800000000003,34865.5
2025-12-29 11:00:00+00:00,87.6575,66189.85,17072.875,5078.725,10798.325,2025-12-29 12:00:00+01:00,2025-12-29,12,0,12,0,22151.6,32949.925,33239.925
2025-12-29 12:00:00+00:00,88.52250000000001,65214.4,17695.4,5225.2,9313.775,2025-12-29 13:00:00+01:00,2025-12-29,13,0,12,0,22920.600000000002,32234.375,32980.025
2025-12-29 13:00:00+00:00,96.10249999999999,64371.55,18597.8,5438.875,6121.05,2025-12-29 14:00:00+01:00,2025-12-29,14,0,12,0,24036.675,30157.725,34213.825000000004
2025-12-29 14:00:00+00:00,103.5075,64020.95,19621.7,5663.8,2387.425,2025-12-29 15:00:00+01:00,2025-12-29,15,0,12,0,25285.5,27672.925,36348.024999999994
2025-12-29 15:00:00+00:00,108.655,65068.95,20657.525,6022.825,181.475,2025-12-29 16:00:00+01:00,2025-12-29,16,0,12,0,26680.350000000002,26861.825,38207.125
2025-12-29 16:00:00+00:00,107.0075,66794.025,21432.025,6170.2,0.0,2025-12-29 17:00:00+01:00,2025-12-29,17,0,12,0,27602.225000000002,27602.225000000002,39191.79999999999
2025-12-29 17:00:00+00:00,103.3075,67023.45,21855.05,6326.65,0.0,2025-12-29 18:00:00+01:00,2025-12-29,18,0,12,0,28181.699999999997,28181.699999999997,38841.75
2025-12-29 18:00:00+00:00,95.14750000000001,65407.350000000006,21893.775,6444.6,0.0,2025-12-29 19:00:00+01:00,2025-12-29,19,0,12,0,28338.375,28338.375,37068.975000000006
2025-12-29 19:00:00+00:00,90.3725,62321.65,21614.325,6474.65,0.0,2025-12-29 20:00:00+01:00,2025-12-29,20,0,12,0,28088.975,28088.975,34232.675
2025-12-29 20:00:00+00:00,83.245,58984.15,20967.375,6404.225,0.0,2025-12-29 21:00:00+01:00,2025-12-29,21,0,12,0,27371.6,27371.6,31612.550000000003
2025-12-29 21:00:00+00:00,87.91499999999999,55796.525,19945.425,6282.1,0.0,2025-12-29 22:00:00+01:00,2025-12-29,22,0,12,0,26227.525,26227.525,29569.0
2025-12-29 22:00:00+00:00,83.3425,51791.0,19363.175,6045.2,0.0,2025-12-29 23:00:00+01:00,2025-12-29,23,0,12,0,25408.375,25408.375,26382.625
2025-12-29 23:00:00+00:00,77.8625,49401.05,19296.775,6352.6,0.0,2025-12-30 00:00:00+01:00,2025-12-30,0,1,12,0,25649.375,25649.375,23751.675000000003
2025-12-30 00:00:00+00:00,73.215,47693.475,18872.875,6355.075,0.0,2025-12-30 01:00:00+01:00,2025-12-30,1,1,12,0,25227.95,25227.95,22465.524999999998
2025-12-30 01:00:00+00:00,71.855,46981.85,18767.95,6390.825,0.0,2025-12-30 02:00:00+01:00,2025-12-30,2,1,12,0,25158.775,25158.775,21823.074999999997
2025-12-30 02:00:00+00:00,69.3575,47119.875,18928.975,6404.975,0.0,2025-12-30 03:00:00+01:00,2025-12-30,3,1,12,0,25333.949999999997,25333.949999999997,21785.925000000003
2025-12-30 03:00:00+00:00,68.5375,47966.100000000006,19045.625,6383.9,0.0,2025-12-30 04:00:00+01:00,2025-12-30,4,1,12,0,25429.525,25429.525,22536.575000000004
2025-12-30 04:00:00+00:00,71.99,50592.125,18847.25,6361.95,0.0,2025-12-30 05:00:00+01:00,2025-12-30,5,1,12,0,25209.2,25209.2,25382.925
2025-12-30 05:00:00+00:00,80.02,55465.3,18879.6,6238.675,0.0,2025-12-30 06:00:00+01:00,2025-12-30,6,1,12,0,25118.274999999998,25118.274999999998,30347.025000000005
2025-12-30 06:00:00+00:00,87.97,60497.95,18153.575,6060.825,0.0,2025-12-30 07:00:00+01:00,2025-12-30,7,1,12,0,24214.4,24214.4,36283.549999999996
2025-12-30 07:00:00+00:00,94.8775,63560.5,17626.025,5701.5,818.55,2025-12-30 08:00:00+01:00,2025-12-30,8,1,12,0,23327.525,24146.075,39414.425
2025-12-30 08:00:00+00:00,94.3925,64666.375,17085.9,5251.05,5833.725,2025-12-30 09:00:00+01:00,2025-12-30,9,1,12,0,22336.95,28170.675000000003,36495.7
2025-12-30 09:00:00+00:00,85.82,65395.95,15965.675,4796.75,11772.35,2025-12-30 10:00:00+01:00,2025-12-30,10,1,12,0,20762.425,32534.775,32861.174999999996
2025-12-30 10:00:00+00:00,79.38,65778.8,14732.075,4417.85,15802.075,2025-12-30 11:00:00+01:00,2025-12-30,11,1,12,0,19149.925000000003,34952.0,30826.800000000003
2025-12-30 11:00:00+00:00,76.155,65379.075,14168.225,4238.95,17126.75,2025-12-30 12:00:00+01:00,2025-12-30,12,1,12,0,18407.175,35533.925,29845.149999999994
2025-12-30 12:00:00+00:00,76.7575,64335.725,14236.85,4400.025,15232.5,2025-12-30 13:00:00+01:00,2025-12-30,13,1,12,0,18636.875,33869.375,30466.35
2025-12-30 13:00:00+00:00,88.9675,63440.25,14306.5,4798.5,10498.875,2025-12-30 14:00:00+01:00,2025-12-30,14,1,12,0,19105.0,29603.875,33836.375
2025-12-30 14:00:00+00:00,102.325,63244.225,14586.2,5224.65,4071.15,2025-12-30 15:00:00+01:00,2025-12-30,15,1,12,0,19810.85,23882.0,39362.225
2025-12-30 15:00:00+00:00,109.1,64235.675,15224.775,5550.7,274.25,2025-12-30 16:00:00+01:00,2025-12-30,16,1,12,0,20775.475,21049.725,43185.950000000004
2025-12-30 16:00:00+00:00,110.715,64963.125,15761.975,5696.85,0.0,2025-12-30 17:00:00+01:00,2025-12-30,17,1,12,0,21458.825,21458.825,43504.3
2025-12-30 17:00:00+00:00,109.12,64952.25,15647.9,5707.55,0.0,2025-12-30 18:00:00+01:00,2025-12-30,18,1,12,0,21355.45,21355.45,43596.8
2025-12-30 18:00:00+00:00,105.6075,63736.175,15145.95,5599.45,0.0,2025-12-30 19:00:00+01:00,2025-12-30,19,1,12,0,20745.4,20745.4,42990.775
2025-12-30 19:00:00+00:00,101.03999999999999,60897.55,14751.4,5524.6,0.0,2025-12-30 20:00:00+01:00,2025-12-30,20,1,12,0,20276.0,20276.0,40621.55
2025-12-30 20:00:00+00:00,93.3225,58113.45,14475.625,5433.525,0.0,2025-12-30 21:00:00+01:00,2025-12-30,21,1,12,0,19909.15,19909.15,38204.299999999996
2025-12-30 21:00:00+00:00,92.045,55323.0,14378.65,5473.7,0.0,2025-12-30 22:00:00+01:00,2025-12-30,22,1,12,0,19852.35,19852.35,35470.65
2025-12-30 22:00:00+00:00,85.8075,52109.9,15043.325,5586.15,0.0,2025-12-30 23:00:00+01:00,2025-12-30,23,1,12,0,20629.475,20629.475,31480.425000000003
2025-12-30 23:00:00+00:00,88.0825,47644.275,14373.625,5468.95,0.0,2025-12-31 00:00:00+01:00,2025-12-31,0,2,12,0,19842.575,19842.575,27801.7
2025-12-31 00:00:00+00:00,84.3375,46168.025,14934.75,5716.45,0.0,2025-12-31 01:00:00+01:00,2025-12-31,1,2,12,0,20651.2,20651.2,25516.825
2025-12-31 01:00:00+00:00,80.2125,45496.625,15503.35,5955.575,0.0,2025-12-31 02:00:00+01:00,2025-12-31,2,2,12,0,21458.925,21458.925,24037.7
2025-12-31 02:00:00+00:00,76.58,45733.375,16974.0,6074.1,0.0,2025-12-31 03:00:00+01:00,2025-12-31,3,2,12,0,23048.1,23048.1,22685.275
2025-12-31 03:00:00+00:00,74.9325,46574.075,19135.05,5929.175,0.0,2025-12-31 04:00:00+01:00,2025-12-31,4,2,12,0,25064.225,25064.225,21509.85
2025-12-31 04:00:00+00:00,77.3775,47514.65,20914.975,5753.2,0.0,2025-12-31 05:00:00+01:00,2025-12-31,5,2,12,0,26668.175,26668.175,20846.475000000002
2025-12-31 05:00:00+00:00,81.86749999999999,50203.675,22310.65,5688.85,0.0,2025-12-31 06:00:00+01:00,2025-12-31,6,2,12,0,27999.5,27999.5,22204.175000000003
2025-12-31 06:00:00+00:00,85.2825,53913.175,22766.95,5694.1,0.0,2025-12-31 07:00:00+01:00,2025-12-31,7,2,12,0,28461.050000000003,28461.050000000003,25452.125
2025-12-31 07:00:00+00:00,95.7925,56624.55,23328.9,5728.925,529.675,2025-12-31 08:00:00+01:00,2025-12-31,8,2,12,0,29057.825,29587.5,27037.050000000003
2025-12-31 08:00:00+00:00,95.33500000000001,58560.95,23905.65,5776.125,3204.95,2025-12-31 09:00:00+01:00,2025-12-31,9,2,12,0,29681.775,32886.725,25674.225
2025-12-31 09:00:00+00:00,89.26249999999999,59672.350000000006,23995.6,5811.575000000001,6330.925,2025-12-31 10:00:00+01:00,2025-12-31,10,2,12,0,29807.175,36138.1,23534.250000000007
2025-12-31 10:00:00+00:00,83.48,60759.925,24004.6,5782.6,8005.075000000001,2025-12-31 11:00:00+01:00,2025-12-31,11,2,12,0,29787.199999999997,37792.274999999994,22967.65000000001
2025-12-31 11:00:00+00:00,83.0475,60819.475,24395.925,5790.225,7942.225,2025-12-31 12:00:00+01:00,2025-12-31,12,2,12,0,30186.15,38128.375,22691.1
2025-12-31 12:00:00+00:00,85.17,59941.95,25130.575,5743.95,6471.975,2025-12-31 13:00:00+01:00,2025-12-31,13,2,12,0,30874.525,37346.5,22595.449999999997
2025-12-31 13:00:00+00:00,85.17750000000001,58964.3,25579.325,5753.2,4064.2,2025-12-31 14:00:00+01:00,2025-12-31,14,2,12,0,31332.525,35396.725,23567.575000000004
2025-12-31 14:00:00+00:00,90.8325,58664.35,25579.7,5660.4,1587.025,2025-12-31 15:00:00+01:00,2025-12-31,15,2,12,0,31240.1,32827.125,25837.225
2025-12-31 15:00:00+00:00,100.705,59282.2,25550.55,5535.625,166.65,2025-12-31 16:00:00+01:00,2025-12-31,16,2,12,0,31086.175,31252.825,28029.374999999996
2025-12-31 16:00:00+00:00,110.1,60982.95,25476.275,5439.45,0.0,2025-12-31 17:00:00+01:00,2025-12-31,17,2,12,0,30915.725000000002,30915.725000000002,30067.224999999995
2025-12-31 17:00:00+00:00,107.5275,62021.4,25214.325,5410.675,0.0,2025-12-31 18:00:00+01:00,2025-12-31,18,2,12,0,30625.0,30625.0,31396.4
2025-12-31 18:00:00+00:00,95.99000000000001,60858.5,25245.575,5430.025,0.0,2025-12-31 19:00:00+01:00,2025-12-31,19,2,12,0,30675.6,30675.6,30182.9
2025-12-31 19:00:00+00:00,86.8025,58151.024999999994,26135.925,5494.975,0.0,2025-12-31 20:00:00+01:00,2025-12-31,20,2,12,0,31630.9,31630.9,26520.124999999993
2025-12-31 20:00:00+00:00,79.7975,55475.725,27251.275,5359.1,0.0,2025-12-31 21:00:00+01:00,2025-12-31,21,2,12,0,32610.375,32610.375,22865.35
2025-12-31 21:00:00+00:00,81.39,53186.7,27831.525,5389.075,0.0,2025-12-31 22:00:00+01:00,2025-12-31,22,2,12,0,33220.6,33220.6,19966.1
2025-12-31 22:00:00+00:00,76.4475,50311.95,29194.45,5487.525,0.0,2025-12-31 23:00:00+01:00,2025-12-31,23,2,12,0,34681.975,34681.975,15629.974999999999
